SKU,PRODUCT,BARCODE,IMAGE_URL,IMAGE_SOURCE,IMAGE_LICENSE,IMAGE_CONFIDENCE,IMAGE_STATUS,MATCH_METHOD,NOTES
BC-000001,Banana Robusta 1 dozen,8900000000001,,IMAGE_REQUIRED,,0,MISSING,NO_MATCH,No candidate found in any source
BC-000002,Banana Shrimanti 1 dozen,8900000000002,,IMAGE_REQUIRED,,0,MISSING,NO_MATCH,No candidate found in any source
BC-000003,Onion Nashik Red 1 kg,8900000000003,,IMAGE_REQUIRED,,0,MISSING,NO_MATCH,No candidate found in any source
BC-000004,Potato Indore Special 1 kg,8900000000004,,IMAGE_REQUIRED,,0,MISSING,NO_MATCH,No candidate found in any source
BC-000005,Tomato Hybrid Red 1 kg,8900000000005,,IMAGE_REQUIRED,,0,MISSING,NO_MATCH,No candidate found in any source
BC-000006,Green Chilli Tikka 250 g,8900000000006,,IMAGE_REQUIRED,,0,MISSING,NO_MATCH,No candidate found in any source
BC-000007,Ginger Fresh Sonth 500 g,8900000000007,,IMAGE_REQUIRED,,0,MISSING,NO_MATCH,No candidate found in any source
BC-000008,Garlic Desi 100 g,8900000000008,,IMAGE_REQUIRED,,0,MISSING,NO_MATCH,No candidate found in any source
BC-000009,Coriander Leaf Bundle 1 bunch,8900000000009,,IMAGE_REQUIRED,,0,MISSING,NO_MATCH,No candidate found in any source
BC-000010,Pomegranate Phule Arakta 2 kg,8900000000010,,IMAGE_REQUIRED,,0,MISSING,NO_MATCH,No candidate found in any source
BC-000011,Guava Maharashtra Pink 500 g,8900000000011,,IMAGE_REQUIRED,,0,MISSING,NO_MATCH,No candidate found in any source
BC-000012,Papaya Honey Sweet 1 pc approx 1kg,8900000000012,,IMAGE_REQUIRED,,0,MISSING,NO_MATCH,No candidate found in any source
BC-000013,Orange Nagpur Juicym 1 kg,8900000000013,,IMAGE_REQUIRED,,0,MISSING,NO_MATCH,No candidate found in any source
BC-000014,Apple Shimla Royal 2 kg,8900000000014,,IMAGE_REQUIRED,,0,MISSING,NO_MATCH,No candidate found in any source
BC-000015,Lemon Nimbu Yellow 250 g,8900000000015,,IMAGE_REQUIRED,,0,MISSING,NO_MATCH,No candidate found in any source
BC-000016,Lady Finger Bhindi 500 g,8900000000016,,IMAGE_REQUIRED,,0,MISSING,NO_MATCH,No candidate found in any source
BC-000017,Brinjal Black Beauty 500 g,8900000000017,,IMAGE_REQUIRED,,0,MISSING,NO_MATCH,No candidate found in any source
BC-000018,Cauliflower Gobhi 2 pcs,8900000000018,,IMAGE_REQUIRED,,0,MISSING,NO_MATCH,No candidate found in any source
BC-000019,Cabbage Green 2 pcs,8900000000019,,IMAGE_REQUIRED,,0,MISSING,NO_MATCH,No candidate found in any source
BC-000020,Spinach Palak Leaf 1 bunch,8900000000020,,IMAGE_REQUIRED,,0,MISSING,NO_MATCH,No candidate found in any source
BC-000021,Banana Shrimanti 1 dozen,8900000000021,,IMAGE_REQUIRED,,0,MISSING,NO_MATCH,No candidate found in any source
BC-000022,Onion Nashik Red 1 kg,8900000000022,,IMAGE_REQUIRED,,0,MISSING,NO_MATCH,No candidate found in any source
BC-000023,Potato Indore Special 1 kg,8900000000023,,IMAGE_REQUIRED,,0,MISSING,NO_MATCH,No candidate found in any source
BC-000024,Tomato Hybrid Red 1 kg,8900000000024,,IMAGE_REQUIRED,,0,MISSING,NO_MATCH,No candidate found in any source
BC-000025,Green Chilli Tikka 500 g,8900000000025,,IMAGE_REQUIRED,,0,MISSING,NO_MATCH,No candidate found in any source
BC-000026,Ginger Fresh Sonth 100 g,8900000000026,,IMAGE_REQUIRED,,0,MISSING,NO_MATCH,No candidate found in any source
BC-000027,Garlic Desi 100 g,8900000000027,,IMAGE_REQUIRED,,0,MISSING,NO_MATCH,No candidate found in any source
BC-000028,Coriander Leaf Bundle 1 bunch,8900000000028,,IMAGE_REQUIRED,,0,MISSING,NO_MATCH,No candidate found in any source
BC-000029,Pomegranate Phule Arakta 500 g,8900000000029,,IMAGE_REQUIRED,,0,MISSING,NO_MATCH,No candidate found in any source
BC-000030,Guava Maharashtra Pink 1 kg,8900000000030,,IMAGE_REQUIRED,,0,MISSING,NO_MATCH,No candidate found in any source
BC-000031,Papaya Honey Sweet 1 pc approx 1kg,8900000000031,,IMAGE_REQUIRED,,0,MISSING,NO_MATCH,No candidate found in any source
BC-000032,Orange Nagpur Juicym 1 kg,8900000000032,,IMAGE_REQUIRED,,0,MISSING,NO_MATCH,No candidate found in any source
BC-000033,Apple Shimla Royal 1 kg,8900000000033,,IMAGE_REQUIRED,,0,MISSING,NO_MATCH,No candidate found in any source
BC-000034,Lemon Nimbu Yellow 250 g,8900000000034,,IMAGE_REQUIRED,,0,MISSING,NO_MATCH,No candidate found in any source
BC-000035,Lady Finger Bhindi 1 kg,8900000000035,,IMAGE_REQUIRED,,0,MISSING,NO_MATCH,No candidate found in any source
BC-000036,Brinjal Black Beauty 500 g,8900000000036,,IMAGE_REQUIRED,,0,MISSING,NO_MATCH,No candidate found in any source
BC-000037,Cauliflower Gobhi 1 pc,8900000000037,,IMAGE_REQUIRED,,0,MISSING,NO_MATCH,No candidate found in any source
BC-000038,Cabbage Green 2 pcs,8900000000038,,IMAGE_REQUIRED,,0,MISSING,NO_MATCH,No candidate found in any source
BC-000039,Spinach Palak Leaf 250 g,8900000000039,,IMAGE_REQUIRED,,0,MISSING,NO_MATCH,No candidate found in any source
BC-000040,Banana Robusta 1 dozen,8900000000040,,IMAGE_REQUIRED,,0,MISSING,NO_MATCH,No candidate found in any source
BC-000041,Banana Shrimanti 1 dozen,8900000000041,,IMAGE_REQUIRED,,0,MISSING,NO_MATCH,No candidate found in any source
BC-000042,Onion Nashik Red 1 kg,8900000000042,,IMAGE_REQUIRED,,0,MISSING,NO_MATCH,No candidate found in any source
BC-000043,Tomato Hybrid Red 500 g,8900000000043,,IMAGE_REQUIRED,,0,MISSING,NO_MATCH,No candidate found in any source
BC-000044,Green Chilli Tikka 100 g,8900000000044,,IMAGE_REQUIRED,,0,MISSING,NO_MATCH,No candidate found in any source
BC-000045,Ginger Fresh Sonth 100 g,8900000000045,,IMAGE_REQUIRED,,0,MISSING,NO_MATCH,No candidate found in any source
BC-000046,Garlic Desi 250 g,8900000000046,,IMAGE_REQUIRED,,0,MISSING,NO_MATCH,No candidate found in any source
BC-000047,Coriander Leaf Bundle 2 bunches,8900000000047,,IMAGE_REQUIRED,,0,MISSING,NO_MATCH,No candidate found in any source
BC-000048,Pomegranate Phule Arakta 1 kg,8900000000048,,IMAGE_REQUIRED,,0,MISSING,NO_MATCH,No candidate found in any source
BC-000049,Guava Maharashtra Pink 500 g,8900000000049,,IMAGE_REQUIRED,,0,MISSING,NO_MATCH,No candidate found in any source
BC-000050,Papaya Honey Sweet 2 pcs,8900000000050,,IMAGE_REQUIRED,,0,MISSING,NO_MATCH,No candidate found in any source
BC-000051,Orange Nagpur Juicym 2 kg,8900000000051,,IMAGE_REQUIRED,,0,MISSING,NO_MATCH,No candidate found in any source
BC-000052,Apple Shimla Royal 1 kg,8900000000052,,IMAGE_REQUIRED,,0,MISSING,NO_MATCH,No candidate found in any source
BC-000053,Lady Finger Bhindi 1 kg,8900000000053,,IMAGE_REQUIRED,,0,MISSING,NO_MATCH,No candidate found in any source
BC-000054,Brinjal Black Beauty 1 kg,8900000000054,,IMAGE_REQUIRED,,0,MISSING,NO_MATCH,No candidate found in any source
BC-000055,Cauliflower Gobhi 2 pcs,8900000000055,,IMAGE_REQUIRED,,0,MISSING,NO_MATCH,No candidate found in any source
BC-000056,Spinach Palak Leaf 500 g,8900000000056,,IMAGE_REQUIRED,,0,MISSING,NO_MATCH,No candidate found in any source
BC-000057,Banana Shrimanti 1 dozen,8900000000057,,IMAGE_REQUIRED,,0,MISSING,NO_MATCH,No candidate found in any source
BC-000058,Potato Indore Special 5 kg,8900000000058,,IMAGE_REQUIRED,,0,MISSING,NO_MATCH,No candidate found in any source
BC-000059,Garlic Desi 100 g,8900000000059,,IMAGE_REQUIRED,,0,MISSING,NO_MATCH,No candidate found in any source
BC-000060,Pomegranate Phule Arakta 500 g,8900000000060,,IMAGE_REQUIRED,,0,MISSING,NO_MATCH,No candidate found in any source
BC-000061,Papaya Honey Sweet 1 pc approx 1kg,8900000000061,,IMAGE_REQUIRED,,0,MISSING,NO_MATCH,No candidate found in any source
BC-000062,Orange Nagpur Juicym 2 kg,8900000000062,,IMAGE_REQUIRED,,0,MISSING,NO_MATCH,No candidate found in any source
BC-000063,Apple Shimla Royal 500 g,8900000000063,,IMAGE_REQUIRED,,0,MISSING,NO_MATCH,No candidate found in any source
BC-000064,Lemon Nimbu Yellow 250 g,8900000000064,,IMAGE_REQUIRED,,0,MISSING,NO_MATCH,No candidate found in any source
BC-000065,Lady Finger Bhindi 250 g,8900000000065,,IMAGE_REQUIRED,,0,MISSING,NO_MATCH,No candidate found in any source
BC-000066,Brinjal Black Beauty 250 g,8900000000066,,IMAGE_REQUIRED,,0,MISSING,NO_MATCH,No candidate found in any source
BC-000067,Cabbage Green 1 pc,8900000000067,,IMAGE_REQUIRED,,0,MISSING,NO_MATCH,No candidate found in any source
BC-000068,Onion Nashik Red 1 kg,8900000000068,,IMAGE_REQUIRED,,0,MISSING,NO_MATCH,No candidate found in any source
BC-000069,Tomato Hybrid Red 2 kg,8900000000069,,IMAGE_REQUIRED,,0,MISSING,NO_MATCH,No candidate found in any source
BC-000070,Ginger Fresh Sonth 500 g,8900000000070,,IMAGE_REQUIRED,,0,MISSING,NO_MATCH,No candidate found in any source
BC-000071,Garlic Desi 500 g,8900000000071,,IMAGE_REQUIRED,,0,MISSING,NO_MATCH,No candidate found in any source
BC-000072,Coriander Leaf Bundle 1 bunch,8900000000072,,IMAGE_REQUIRED,,0,MISSING,NO_MATCH,No candidate found in any source
BC-000073,Guava Maharashtra Pink 500 g,8900000000073,,IMAGE_REQUIRED,,0,MISSING,NO_MATCH,No candidate found in any source
BC-000074,Apple Shimla Royal 2 kg,8900000000074,,IMAGE_REQUIRED,,0,MISSING,NO_MATCH,No candidate found in any source
BC-000075,Brinjal Black Beauty 1 kg,8900000000075,,IMAGE_REQUIRED,,0,MISSING,NO_MATCH,No candidate found in any source
BC-000076,Cabbage Green 1 pc,8900000000076,,IMAGE_REQUIRED,,0,MISSING,NO_MATCH,No candidate found in any source
BC-000077,Spinach Palak Leaf 250 g,8900000000077,,IMAGE_REQUIRED,,0,MISSING,NO_MATCH,No candidate found in any source
BC-000078,Banana Robusta 1 dozen,8900000000078,,IMAGE_REQUIRED,,0,MISSING,NO_MATCH,No candidate found in any source
BC-000079,Tomato Hybrid Red 500 g,8900000000079,,IMAGE_REQUIRED,,0,MISSING,NO_MATCH,No candidate found in any source
BC-000080,Green Chilli Tikka 250 g,8900000000080,,IMAGE_REQUIRED,,0,MISSING,NO_MATCH,No candidate found in any source
BC-000081,Ginger Fresh Sonth 500 g,8900000000081,,IMAGE_REQUIRED,,0,MISSING,NO_MATCH,No candidate found in any source
BC-000082,Garlic Desi 250 g,8900000000082,,IMAGE_REQUIRED,,0,MISSING,NO_MATCH,No candidate found in any source
BC-000083,Orange Nagpur Juicym 1 kg,8900000000083,,IMAGE_REQUIRED,,0,MISSING,NO_MATCH,No candidate found in any source
BC-000084,Lemon Nimbu Yellow 6 pcs,8900000000084,,IMAGE_REQUIRED,,0,MISSING,NO_MATCH,No candidate found in any source
BC-000085,Brinjal Black Beauty 250 g,8900000000085,,IMAGE_REQUIRED,,0,MISSING,NO_MATCH,No candidate found in any source
BC-000086,Cauliflower Gobhi 2 pcs,8900000000086,,IMAGE_REQUIRED,,0,MISSING,NO_MATCH,No candidate found in any source
BC-000087,Spinach Palak Leaf 250 g,8900000000087,,IMAGE_REQUIRED,,0,MISSING,NO_MATCH,No candidate found in any source
BC-000088,Potato Indore Special 1 kg,8900000000088,,IMAGE_REQUIRED,,0,MISSING,NO_MATCH,No candidate found in any source
BC-000089,Green Chilli Tikka 250 g,8900000000089,,IMAGE_REQUIRED,,0,MISSING,NO_MATCH,No candidate found in any source
BC-000090,Pomegranate Phule Arakta 2 kg,8900000000090,,IMAGE_REQUIRED,,0,MISSING,NO_MATCH,No candidate found in any source
BC-000091,Guava Maharashtra Pink 500 g,8900000000091,,IMAGE_REQUIRED,,0,MISSING,NO_MATCH,No candidate found in any source
BC-000092,Papaya Honey Sweet 2 pcs,8900000000092,,IMAGE_REQUIRED,,0,MISSING,NO_MATCH,No candidate found in any source
BC-000093,Apple Shimla Royal 2 kg,8900000000093,,IMAGE_REQUIRED,,0,MISSING,NO_MATCH,No candidate found in any source
BC-000094,Lemon Nimbu Yellow 6 pcs,8900000000094,,IMAGE_REQUIRED,,0,MISSING,NO_MATCH,No candidate found in any source
BC-000095,Lady Finger Bhindi 500 g,8900000000095,,IMAGE_REQUIRED,,0,MISSING,NO_MATCH,No candidate found in any source
BC-000096,Brinjal Black Beauty 1 kg,8900000000096,,IMAGE_REQUIRED,,0,MISSING,NO_MATCH,No candidate found in any source
BC-000097,Cauliflower Gobhi 1 pc,8900000000097,,IMAGE_REQUIRED,,0,MISSING,NO_MATCH,No candidate found in any source
BC-000098,Spinach Palak Leaf 500 g,8900000000098,,IMAGE_REQUIRED,,0,MISSING,NO_MATCH,No candidate found in any source
BC-000099,Banana Robusta 1 dozen,8900000000099,,IMAGE_REQUIRED,,0,MISSING,NO_MATCH,No candidate found in any source
BC-000100,Onion Nashik Red 5 kg,8900000000100,,IMAGE_REQUIRED,,0,MISSING,NO_MATCH,No candidate found in any source
BC-000101,Tomato Hybrid Red 2 kg,8900000000101,,IMAGE_REQUIRED,,0,MISSING,NO_MATCH,No candidate found in any source
BC-000102,Coriander Leaf Bundle 1 bunch,8900000000102,,IMAGE_REQUIRED,,0,MISSING,NO_MATCH,No candidate found in any source
BC-000103,Pomegranate Phule Arakta 1 kg,8900000000103,,IMAGE_REQUIRED,,0,MISSING,NO_MATCH,No candidate found in any source
BC-000104,Guava Maharashtra Pink 1 kg,8900000000104,,IMAGE_REQUIRED,,0,MISSING,NO_MATCH,No candidate found in any source
BC-000105,Papaya Honey Sweet 2 pcs,8900000000105,,IMAGE_REQUIRED,,0,MISSING,NO_MATCH,No candidate found in any source
BC-000106,Apple Shimla Royal 2 kg,8900000000106,,IMAGE_REQUIRED,,0,MISSING,NO_MATCH,No candidate found in any source
BC-000107,Lemon Nimbu Yellow 6 pcs,8900000000107,,IMAGE_REQUIRED,,0,MISSING,NO_MATCH,No candidate found in any source
BC-000108,Brinjal Black Beauty 250 g,8900000000108,,IMAGE_REQUIRED,,0,MISSING,NO_MATCH,No candidate found in any source
BC-000109,Cabbage Green 1 pc,8900000000109,,IMAGE_REQUIRED,,0,MISSING,NO_MATCH,No candidate found in any source
BC-000110,Potato Indore Special 1 kg,8900000000110,,IMAGE_REQUIRED,,0,MISSING,NO_MATCH,No candidate found in any source
BC-000111,Tomato Hybrid Red 500 g,8900000000111,,IMAGE_REQUIRED,,0,MISSING,NO_MATCH,No candidate found in any source
BC-000112,Garlic Desi 100 g,8900000000112,,IMAGE_REQUIRED,,0,MISSING,NO_MATCH,No candidate found in any source
BC-000113,Pomegranate Phule Arakta 1 kg,8900000000113,,IMAGE_REQUIRED,,0,MISSING,NO_MATCH,No candidate found in any source
BC-000114,Orange Nagpur Juicym 2 kg,8900000000114,,IMAGE_REQUIRED,,0,MISSING,NO_MATCH,No candidate found in any source
BC-000115,Cauliflower Gobhi 1 pc,8900000000115,,IMAGE_REQUIRED,,0,MISSING,NO_MATCH,No candidate found in any source
BC-000116,Spinach Palak Leaf 1 bunch,8900000000116,,IMAGE_REQUIRED,,0,MISSING,NO_MATCH,No candidate found in any source
BC-000117,Potato Indore Special 5 kg,8900000000117,,IMAGE_REQUIRED,,0,MISSING,NO_MATCH,No candidate found in any source
BC-000118,Tomato Hybrid Red 2 kg,8900000000118,,IMAGE_REQUIRED,,0,MISSING,NO_MATCH,No candidate found in any source
BC-000119,Ginger Fresh Sonth 500 g,8900000000119,,IMAGE_REQUIRED,,0,MISSING,NO_MATCH,No candidate found in any source
BC-000120,Garlic Desi 500 g,8900000000120,,IMAGE_REQUIRED,,0,MISSING,NO_MATCH,No candidate found in any source
BC-000121,Pomegranate Phule Arakta 2 kg,8900000000121,,IMAGE_REQUIRED,,0,MISSING,NO_MATCH,No candidate found in any source
BC-000122,Lemon Nimbu Yellow 250 g,8900000000122,,IMAGE_REQUIRED,,0,MISSING,NO_MATCH,No candidate found in any source
BC-000123,Spinach Palak Leaf 1 bunch,8900000000123,,IMAGE_REQUIRED,,0,MISSING,NO_MATCH,No candidate found in any source
BC-000124,Ginger Fresh Sonth 100 g,8900000000124,,IMAGE_REQUIRED,,0,MISSING,NO_MATCH,No candidate found in any source
BC-000125,Coriander Leaf Bundle 2 bunches,8900000000125,,IMAGE_REQUIRED,,0,MISSING,NO_MATCH,No candidate found in any source
BC-000126,Pomegranate Phule Arakta 1 kg,8900000000126,,IMAGE_REQUIRED,,0,MISSING,NO_MATCH,No candidate found in any source
BC-000127,Guava Maharashtra Pink 1 kg,8900000000127,,IMAGE_REQUIRED,,0,MISSING,NO_MATCH,No candidate found in any source
BC-000128,Brinjal Black Beauty 500 g,8900000000128,,IMAGE_REQUIRED,,0,MISSING,NO_MATCH,No candidate found in any source
BC-000129,Green Chilli Tikka 100 g,8900000000129,,IMAGE_REQUIRED,,0,MISSING,NO_MATCH,No candidate found in any source
BC-000130,Garlic Desi 250 g,8900000000130,,IMAGE_REQUIRED,,0,MISSING,NO_MATCH,No candidate found in any source
BC-000131,Lady Finger Bhindi 250 g,8900000000131,,IMAGE_REQUIRED,,0,MISSING,NO_MATCH,No candidate found in any source
BC-000132,Onion Nashik Red 5 kg,8900000000132,,IMAGE_REQUIRED,,0,MISSING,NO_MATCH,No candidate found in any source
BC-000133,Pomegranate Phule Arakta 500 g,8900000000133,,IMAGE_REQUIRED,,0,MISSING,NO_MATCH,No candidate found in any source
BC-000134,Lady Finger Bhindi 500 g,8900000000134,,IMAGE_REQUIRED,,0,MISSING,NO_MATCH,No candidate found in any source
BC-000135,Brinjal Black Beauty 1 kg,8900000000135,,IMAGE_REQUIRED,,0,MISSING,NO_MATCH,No candidate found in any source
BC-000136,Spinach Palak Leaf 250 g,8900000000136,,IMAGE_REQUIRED,,0,MISSING,NO_MATCH,No candidate found in any source
BC-000137,Green Chilli Tikka 100 g,8900000000137,,IMAGE_REQUIRED,,0,MISSING,NO_MATCH,No candidate found in any source
BC-000138,Ginger Fresh Sonth 100 g,8900000000138,,IMAGE_REQUIRED,,0,MISSING,NO_MATCH,No candidate found in any source
BC-000139,Orange Nagpur Juicym 2 kg,8900000000139,,IMAGE_REQUIRED,,0,MISSING,NO_MATCH,No candidate found in any source
BC-000140,Apple Shimla Royal 500 g,8900000000140,,IMAGE_REQUIRED,,0,MISSING,NO_MATCH,No candidate found in any source
BC-000141,Tomato Hybrid Red 1 kg,8900000000141,,IMAGE_REQUIRED,,0,MISSING,NO_MATCH,No candidate found in any source
BC-000142,Green Chilli Tikka 500 g,8900000000142,,IMAGE_REQUIRED,,0,MISSING,NO_MATCH,No candidate found in any source
BC-000143,Coriander Leaf Bundle 2 bunches,8900000000143,,IMAGE_REQUIRED,,0,MISSING,NO_MATCH,No candidate found in any source
BC-000144,Onion Nashik Red 5 kg,8900000000144,,IMAGE_REQUIRED,,0,MISSING,NO_MATCH,No candidate found in any source
BC-000145,Papaya Honey Sweet 2 pcs,8900000000145,,IMAGE_REQUIRED,,0,MISSING,NO_MATCH,No candidate found in any source
BC-000146,Lemon Nimbu Yellow 6 pcs,8900000000146,,IMAGE_REQUIRED,,0,MISSING,NO_MATCH,No candidate found in any source
BC-000147,Lady Finger Bhindi 1 kg,8900000000147,,IMAGE_REQUIRED,,0,MISSING,NO_MATCH,No candidate found in any source
BC-000148,Cabbage Green 2 pcs,8900000000148,,IMAGE_REQUIRED,,0,MISSING,NO_MATCH,No candidate found in any source
BC-000149,Green Chilli Tikka 250 g,8900000000149,,IMAGE_REQUIRED,,0,MISSING,NO_MATCH,No candidate found in any source
BC-000150,Pomegranate Phule Arakta 2 kg,8900000000150,,IMAGE_REQUIRED,,0,MISSING,NO_MATCH,No candidate found in any source
BC-000151,Apple Shimla Royal 1 kg,8900000000151,,IMAGE_REQUIRED,,0,MISSING,NO_MATCH,No candidate found in any source
BC-000152,Lady Finger Bhindi 250 g,8900000000152,,IMAGE_REQUIRED,,0,MISSING,NO_MATCH,No candidate found in any source
BC-000153,Garlic Desi 500 g,8900000000153,,IMAGE_REQUIRED,,0,MISSING,NO_MATCH,No candidate found in any source
BC-000154,Pomegranate Phule Arakta 500 g,8900000000154,,IMAGE_REQUIRED,,0,MISSING,NO_MATCH,No candidate found in any source
BC-000155,Guava Maharashtra Pink 1 kg,8900000000155,,IMAGE_REQUIRED,,0,MISSING,NO_MATCH,No candidate found in any source
BC-000156,Green Chilli Tikka 100 g,8900000000156,,IMAGE_REQUIRED,,0,MISSING,NO_MATCH,No candidate found in any source
BC-000157,Garlic Desi 500 g,8900000000157,,IMAGE_REQUIRED,,0,MISSING,NO_MATCH,No candidate found in any source
BC-000158,Ginger Fresh Sonth 250 g,8900000000158,,IMAGE_REQUIRED,,0,MISSING,NO_MATCH,No candidate found in any source
BC-000159,Coriander Leaf Bundle 2 bunches,8900000000159,,IMAGE_REQUIRED,,0,MISSING,NO_MATCH,No candidate found in any source
BC-000160,Lady Finger Bhindi 500 g,8900000000160,,IMAGE_REQUIRED,,0,MISSING,NO_MATCH,No candidate found in any source
BC-000161,Onion Nashik Red 5 kg,8900000000161,,IMAGE_REQUIRED,,0,MISSING,NO_MATCH,No candidate found in any source
BC-000162,Potato Indore Special 5 kg,8900000000162,,IMAGE_REQUIRED,,0,MISSING,NO_MATCH,No candidate found in any source
BC-000163,Tomato Hybrid Red 1 kg,8900000000163,,IMAGE_REQUIRED,,0,MISSING,NO_MATCH,No candidate found in any source
BC-000164,Mother Dairy Gold Full Cream Milk 1 L,8900000000164,,IMAGE_REQUIRED,,0,MISSING,NO_MATCH,No candidate found in any source
BC-000165,Amul Fresh Masti Dahi Curd 400 g,8900000000165,,IMAGE_REQUIRED,,0,MISSING,NO_MATCH,No candidate found in any source
BC-000166,Mother Dairy Cheese Block Cheddar 500 g,8900000000166,,IMAGE_REQUIRED,,0,MISSING,NO_MATCH,No candidate found in any source
BC-000167,Mother Dairy Classic Sandwich White Bread 400 g,8900000000167,,IMAGE_REQUIRED,,0,MISSING,NO_MATCH,No candidate found in any source
BC-000168,Mother Dairy Processed Cheese Slices 100 g 5 Slices,8900000000168,,IMAGE_REQUIRED,,0,MISSING,NO_MATCH,No candidate found in any source
BC-000169,Mother Dairy Chocos Chocolate Cereal 125 g,8900000000169,,IMAGE_REQUIRED,,0,MISSING,NO_MATCH,No candidate found in any source
BC-000170,Amul Rolled Oats Whole Grain 500 g,8900000000170,,IMAGE_REQUIRED,,0,MISSING,NO_MATCH,No candidate found in any source
BC-000171,Mother Dairy Classic Sandwich White Bread 800 g,8900000000171,,IMAGE_REQUIRED,,0,MISSING,NO_MATCH,No candidate found in any source
BC-000172,Amul Taaza Homogenised Toned Milk 500 ml,8900000000172,,IMAGE_REQUIRED,,0,MISSING,NO_MATCH,No candidate found in any source
BC-000173,Mother Dairy Fresh Masti Dahi Curd 400 g,8900000000173,,IMAGE_REQUIRED,,0,MISSING,NO_MATCH,No candidate found in any source
BC-000174,Mother Dairy Processed Cheese Slices 200 g 10 Slices,8900000000174,,IMAGE_REQUIRED,,0,MISSING,NO_MATCH,No candidate found in any source
BC-000175,Amul Muesli Fruit & Nut Crunch 1 kg,8900000000175,,IMAGE_REQUIRED,,0,MISSING,NO_MATCH,No candidate found in any source
BC-000176,Mother Dairy Gold Full Cream Milk 500 ml,8900000000176,,IMAGE_REQUIRED,,0,MISSING,NO_MATCH,No candidate found in any source
BC-000177,Amul Corn Flakes Real Honey & Almond 250 g,8900000000177,,IMAGE_REQUIRED,,0,MISSING,NO_MATCH,No candidate found in any source
BC-000178,Mother Dairy Rolled Oats Whole Grain 1 kg,8900000000178,,IMAGE_REQUIRED,,0,MISSING,NO_MATCH,No candidate found in any source
BC-000179,Mother Dairy Muesli Fruit & Nut Crunch 1 kg,8900000000179,,IMAGE_REQUIRED,,0,MISSING,NO_MATCH,No candidate found in any source
BC-000180,Mother Dairy Fresh Malai Paneer 1 kg,8900000000180,,IMAGE_REQUIRED,,0,MISSING,NO_MATCH,No candidate found in any source
BC-000181,Amul Classic Sandwich White Bread 400 g,8900000000181,,IMAGE_REQUIRED,,0,MISSING,NO_MATCH,No candidate found in any source
BC-000182,Mother Dairy Cow Ghee Desi Pure 1 L,8900000000182,,IMAGE_REQUIRED,,0,MISSING,NO_MATCH,No candidate found in any source
BC-000183,Mother Dairy Pasteurised Salted Butter 100 g,8900000000183,,IMAGE_REQUIRED,,0,MISSING,NO_MATCH,No candidate found in any source
BC-000184,Mother Dairy Corn Flakes Real Honey & Almond 875 g,8900000000184,,IMAGE_REQUIRED,,0,MISSING,NO_MATCH,No candidate found in any source
BC-000185,Mother Dairy Chocos Chocolate Cereal 375 g,8900000000185,,IMAGE_REQUIRED,,0,MISSING,NO_MATCH,No candidate found in any source
BC-000186,Amul Rolled Oats Whole Grain 2 kg,8900000000186,,IMAGE_REQUIRED,,0,MISSING,NO_MATCH,No candidate found in any source
BC-000187,Mother Dairy Pasteurised Salted Butter 200 g,8900000000187,,IMAGE_REQUIRED,,0,MISSING,NO_MATCH,No candidate found in any source
BC-000188,Amul Fresh Malai Paneer 400 g,8900000000188,,IMAGE_REQUIRED,,0,MISSING,NO_MATCH,No candidate found in any source
BC-000189,Amul Processed Cheese Slices 100 g 5 Slices,8900000000189,,IMAGE_REQUIRED,,0,MISSING,NO_MATCH,No candidate found in any source
BC-000190,Mother Dairy Chocos Chocolate Cereal 250 g,8900000000190,,IMAGE_REQUIRED,,0,MISSING,NO_MATCH,No candidate found in any source
BC-000191,Amul 100% Whole Wheat Brown Bread 400 g,8900000000191,,IMAGE_REQUIRED,,0,MISSING,NO_MATCH,No candidate found in any source
BC-000192,Mother Dairy Taaza Homogenised Toned Milk 1 L,8900000000192,,IMAGE_REQUIRED,,0,MISSING,NO_MATCH,No candidate found in any source
BC-000193,Mother Dairy Pasteurised Salted Butter 500 g,8900000000193,,IMAGE_REQUIRED,,0,MISSING,NO_MATCH,No candidate found in any source
BC-000194,Amul Cheese Block Cheddar 200 g,8900000000194,,IMAGE_REQUIRED,,0,MISSING,NO_MATCH,No candidate found in any source
BC-000195,Amul Corn Flakes Real Honey & Almond 475 g,8900000000195,,IMAGE_REQUIRED,,0,MISSING,NO_MATCH,No candidate found in any source
BC-000196,Mother Dairy Rolled Oats Whole Grain 2 kg,8900000000196,,IMAGE_REQUIRED,,0,MISSING,NO_MATCH,No candidate found in any source
BC-000197,Amul Cheese Block Cheddar 500 g,8900000000197,,IMAGE_REQUIRED,,0,MISSING,NO_MATCH,No candidate found in any source
BC-000198,Mother Dairy 100% Whole Wheat Brown Bread 400 g,8900000000198,,IMAGE_REQUIRED,,0,MISSING,NO_MATCH,No candidate found in any source
BC-000199,Amul Gold Full Cream Milk 1 L,8900000000199,,IMAGE_REQUIRED,,0,MISSING,NO_MATCH,No candidate found in any source
BC-000200,Amul Cow Ghee Desi Pure 500 ml,8900000000200,,IMAGE_REQUIRED,,0,MISSING,NO_MATCH,No candidate found in any source
BC-000201,Mother Dairy Taaza Homogenised Toned Milk 500 ml,8900000000201,,IMAGE_REQUIRED,,0,MISSING,NO_MATCH,No candidate found in any source
BC-000202,Amul Fresh Masti Dahi Curd 1 kg,8900000000202,,IMAGE_REQUIRED,,0,MISSING,NO_MATCH,No candidate found in any source
BC-000203,Amul Taaza Homogenised Toned Milk 1 L,8900000000203,,IMAGE_REQUIRED,,0,MISSING,NO_MATCH,No candidate found in any source
BC-000204,Amul Chocos Chocolate Cereal 250 g,8900000000204,,IMAGE_REQUIRED,,0,MISSING,NO_MATCH,No candidate found in any source
BC-000205,Amul Muesli Fruit & Nut Crunch 400 g,8900000000205,,IMAGE_REQUIRED,,0,MISSING,NO_MATCH,No candidate found in any source
BC-000206,Amul Cow Ghee Desi Pure 200 ml,8900000000206,,IMAGE_REQUIRED,,0,MISSING,NO_MATCH,No candidate found in any source
BC-000207,Mother Dairy Fresh Masti Dahi Curd 1 kg,8900000000207,,IMAGE_REQUIRED,,0,MISSING,NO_MATCH,No candidate found in any source
BC-000208,Amul Corn Flakes Real Honey & Almond 875 g,8900000000208,,IMAGE_REQUIRED,,0,MISSING,NO_MATCH,No candidate found in any source
BC-000209,Mother Dairy Fresh Malai Paneer 200 g,8900000000209,,IMAGE_REQUIRED,,0,MISSING,NO_MATCH,No candidate found in any source
BC-000210,Mother Dairy Fresh Malai Paneer 400 g,8900000000210,,IMAGE_REQUIRED,,0,MISSING,NO_MATCH,No candidate found in any source
BC-000211,Amul Classic Sandwich White Bread 800 g,8900000000211,,IMAGE_REQUIRED,,0,MISSING,NO_MATCH,No candidate found in any source
BC-000212,Mother Dairy Muesli Fruit & Nut Crunch 400 g,8900000000212,,IMAGE_REQUIRED,,0,MISSING,NO_MATCH,No candidate found in any source
BC-000213,Amul Pasteurised Salted Butter 500 g,8900000000213,,IMAGE_REQUIRED,,0,MISSING,NO_MATCH,No candidate found in any source
BC-000214,Amul Fresh Malai Paneer 200 g,8900000000214,,IMAGE_REQUIRED,,0,MISSING,NO_MATCH,No candidate found in any source
BC-000215,Amul Gold Full Cream Milk 500 ml,8900000000215,,IMAGE_REQUIRED,,0,MISSING,NO_MATCH,No candidate found in any source
BC-000216,Mother Dairy Cow Ghee Desi Pure 500 ml,8900000000216,,IMAGE_REQUIRED,,0,MISSING,NO_MATCH,No candidate found in any source
BC-000217,Amul Pasteurised Salted Butter 100 g,8900000000217,,IMAGE_REQUIRED,,0,MISSING,NO_MATCH,No candidate found in any source
BC-000218,Amul Fresh Malai Paneer 1 kg,8900000000218,,IMAGE_REQUIRED,,0,MISSING,NO_MATCH,No candidate found in any source
BC-000219,Amul Fresh Masti Dahi Curd 200 g,8900000000219,,IMAGE_REQUIRED,,0,MISSING,NO_MATCH,No candidate found in any source
BC-000220,Amul Cow Ghee Desi Pure 1 L,8900000000220,,IMAGE_REQUIRED,,0,MISSING,NO_MATCH,No candidate found in any source
BC-000221,Mother Dairy Rolled Oats Whole Grain 500 g,8900000000221,,IMAGE_REQUIRED,,0,MISSING,NO_MATCH,No candidate found in any source
BC-000222,Tata Sampann Sharbati Whole Wheat Atta 1 kg,8900000000222,,IMAGE_REQUIRED,,0,MISSING,NO_MATCH,No candidate found in any source
BC-000223,India Gate Select Premium Wheat Atta 5 kg,8900000000223,,IMAGE_REQUIRED,,0,MISSING,NO_MATCH,No candidate found in any source
BC-000224,Fortune Basmati Rice Feast Rozana 1 kg,8900000000224,,IMAGE_REQUIRED,,0,MISSING,NO_MATCH,No candidate found in any source
BC-000225,Tata Sampann Kolam Rice Wada Special 10 kg,8900000000225,,IMAGE_REQUIRED,,0,MISSING,NO_MATCH,No candidate found in any source
BC-000226,Fortune Indrayani Rice Aromatic 1 kg,8900000000226,,IMAGE_REQUIRED,,0,MISSING,NO_MATCH,No candidate found in any source
BC-000227,Tata Sampann Toor Dal Arhar Premium 500 g,8900000000227,,IMAGE_REQUIRED,,0,MISSING,NO_MATCH,No candidate found in any source
BC-000228,Fortune Moong Dal Yellow Split 2 kg,8900000000228,,IMAGE_REQUIRED,,0,MISSING,NO_MATCH,No candidate found in any source
BC-000229,Fortune Chana Dal Bengal Gram 1 kg,8900000000229,,IMAGE_REQUIRED,,0,MISSING,NO_MATCH,No candidate found in any source
BC-000230,Tata Sampann Masoor Dal Red Whole 500 g,8900000000230,,IMAGE_REQUIRED,,0,MISSING,NO_MATCH,No candidate found in any source
BC-000231,Daawat Urad Dal Black Whole 500 g,8900000000231,,IMAGE_REQUIRED,,0,MISSING,NO_MATCH,No candidate found in any source
BC-000232,Aashirvaad Poha Thin Rice Flakes 1 kg,8900000000232,,IMAGE_REQUIRED,,0,MISSING,NO_MATCH,No candidate found in any source
BC-000233,Tata Sampann Suji Rawa Wheat Granules 1 kg,8900000000233,,IMAGE_REQUIRED,,0,MISSING,NO_MATCH,No candidate found in any source
BC-000234,Fortune Maida All Purpose Flour 1 kg,8900000000234,,IMAGE_REQUIRED,,0,MISSING,NO_MATCH,No candidate found in any source
BC-000235,Aashirvaad Besan Gram Flour Pure 1 kg,8900000000235,,IMAGE_REQUIRED,,0,MISSING,NO_MATCH,No candidate found in any source
BC-000236,Aashirvaad Sharbati Whole Wheat Atta 1 kg,8900000000236,,IMAGE_REQUIRED,,0,MISSING,NO_MATCH,No candidate found in any source
BC-000237,Fortune Select Premium Wheat Atta 10 kg,8900000000237,,IMAGE_REQUIRED,,0,MISSING,NO_MATCH,No candidate found in any source
BC-000238,India Gate Basmati Rice Feast Rozana 1 kg,8900000000238,,IMAGE_REQUIRED,,0,MISSING,NO_MATCH,No candidate found in any source
BC-000239,Aashirvaad Kolam Rice Wada Special 5 kg,8900000000239,,IMAGE_REQUIRED,,0,MISSING,NO_MATCH,No candidate found in any source
BC-000240,India Gate Indrayani Rice Aromatic 10 kg,8900000000240,,IMAGE_REQUIRED,,0,MISSING,NO_MATCH,No candidate found in any source
BC-000241,Tata Sampann Toor Dal Arhar Premium 2 kg,8900000000241,,IMAGE_REQUIRED,,0,MISSING,NO_MATCH,No candidate found in any source
BC-000242,Fortune Chana Dal Bengal Gram 500 g,8900000000242,,IMAGE_REQUIRED,,0,MISSING,NO_MATCH,No candidate found in any source
BC-000243,Tata Sampann Masoor Dal Red Whole 1 kg,8900000000243,,IMAGE_REQUIRED,,0,MISSING,NO_MATCH,No candidate found in any source
BC-000244,India Gate Poha Thin Rice Flakes 1 kg,8900000000244,,IMAGE_REQUIRED,,0,MISSING,NO_MATCH,No candidate found in any source
BC-000245,Aashirvaad Suji Rawa Wheat Granules 1 kg,8900000000245,,IMAGE_REQUIRED,,0,MISSING,NO_MATCH,No candidate found in any source
BC-000246,Aashirvaad Basmati Rice Feast Rozana 5 kg,8900000000246,,IMAGE_REQUIRED,,0,MISSING,NO_MATCH,No candidate found in any source
BC-000247,India Gate Kolam Rice Wada Special 1 kg,8900000000247,,IMAGE_REQUIRED,,0,MISSING,NO_MATCH,No candidate found in any source
BC-000248,Aashirvaad Indrayani Rice Aromatic 10 kg,8900000000248,,IMAGE_REQUIRED,,0,MISSING,NO_MATCH,No candidate found in any source
BC-000249,Aashirvaad Moong Dal Yellow Split 1 kg,8900000000249,,IMAGE_REQUIRED,,0,MISSING,NO_MATCH,No candidate found in any source
BC-000250,Daawat Chana Dal Bengal Gram 1 kg,8900000000250,,IMAGE_REQUIRED,,0,MISSING,NO_MATCH,No candidate found in any source
BC-000251,Tata Sampann Urad Dal Black Whole 1 kg,8900000000251,,IMAGE_REQUIRED,,0,MISSING,NO_MATCH,No candidate found in any source
BC-000252,Daawat Poha Thin Rice Flakes 500 g,8900000000252,,IMAGE_REQUIRED,,0,MISSING,NO_MATCH,No candidate found in any source
BC-000253,Tata Sampann Maida All Purpose Flour 500 g,8900000000253,,IMAGE_REQUIRED,,0,MISSING,NO_MATCH,No candidate found in any source
BC-000254,India Gate Besan Gram Flour Pure 1 kg,8900000000254,,IMAGE_REQUIRED,,0,MISSING,NO_MATCH,No candidate found in any source
BC-000255,Tata Sampann Select Premium Wheat Atta 10 kg,8900000000255,,IMAGE_REQUIRED,,0,MISSING,NO_MATCH,No candidate found in any source
BC-000256,Fortune Basmati Rice Feast Rozana 10 kg,8900000000256,,IMAGE_REQUIRED,,0,MISSING,NO_MATCH,No candidate found in any source
BC-000257,Fortune Toor Dal Arhar Premium 1 kg,8900000000257,,IMAGE_REQUIRED,,0,MISSING,NO_MATCH,No candidate found in any source
BC-000258,Daawat Chana Dal Bengal Gram 500 g,8900000000258,,IMAGE_REQUIRED,,0,MISSING,NO_MATCH,No candidate found in any source
BC-000259,Daawat Urad Dal Black Whole 1 kg,8900000000259,,IMAGE_REQUIRED,,0,MISSING,NO_MATCH,No candidate found in any source
BC-000260,Fortune Suji Rawa Wheat Granules 500 g,8900000000260,,IMAGE_REQUIRED,,0,MISSING,NO_MATCH,No candidate found in any source
BC-000261,Aashirvaad Maida All Purpose Flour 1 kg,8900000000261,,IMAGE_REQUIRED,,0,MISSING,NO_MATCH,No candidate found in any source
BC-000262,Aashirvaad Besan Gram Flour Pure 500 g,8900000000262,,IMAGE_REQUIRED,,0,MISSING,NO_MATCH,No candidate found in any source
BC-000263,Fortune Sharbati Whole Wheat Atta 10 kg,8900000000263,,IMAGE_REQUIRED,,0,MISSING,NO_MATCH,No candidate found in any source
BC-000264,Daawat Select Premium Wheat Atta 1 kg,8900000000264,,IMAGE_REQUIRED,,0,MISSING,NO_MATCH,No candidate found in any source
BC-000265,Tata Sampann Kolam Rice Wada Special 1 kg,8900000000265,,IMAGE_REQUIRED,,0,MISSING,NO_MATCH,No candidate found in any source
BC-000266,Tata Sampann Toor Dal Arhar Premium 5 kg,8900000000266,,IMAGE_REQUIRED,,0,MISSING,NO_MATCH,No candidate found in any source
BC-000267,Daawat Moong Dal Yellow Split 500 g,8900000000267,,IMAGE_REQUIRED,,0,MISSING,NO_MATCH,No candidate found in any source
BC-000268,Daawat Masoor Dal Red Whole 1 kg,8900000000268,,IMAGE_REQUIRED,,0,MISSING,NO_MATCH,No candidate found in any source
BC-000269,Fortune Urad Dal Black Whole 1 kg,8900000000269,,IMAGE_REQUIRED,,0,MISSING,NO_MATCH,No candidate found in any source
BC-000270,Daawat Suji Rawa Wheat Granules 1 kg,8900000000270,,IMAGE_REQUIRED,,0,MISSING,NO_MATCH,No candidate found in any source
BC-000271,Daawat Maida All Purpose Flour 1 kg,8900000000271,,IMAGE_REQUIRED,,0,MISSING,NO_MATCH,No candidate found in any source
BC-000272,Fortune Sharbati Whole Wheat Atta 5 kg,8900000000272,,IMAGE_REQUIRED,,0,MISSING,NO_MATCH,No candidate found in any source
BC-000273,Tata Sampann Select Premium Wheat Atta 1 kg,8900000000273,,IMAGE_REQUIRED,,0,MISSING,NO_MATCH,No candidate found in any source
BC-000274,Daawat Basmati Rice Feast Rozana 10 kg,8900000000274,,IMAGE_REQUIRED,,0,MISSING,NO_MATCH,No candidate found in any source
BC-000275,Fortune Kolam Rice Wada Special 10 kg,8900000000275,,IMAGE_REQUIRED,,0,MISSING,NO_MATCH,No candidate found in any source
BC-000276,Daawat Indrayani Rice Aromatic 10 kg,8900000000276,,IMAGE_REQUIRED,,0,MISSING,NO_MATCH,No candidate found in any source
BC-000277,Aashirvaad Toor Dal Arhar Premium 500 g,8900000000277,,IMAGE_REQUIRED,,0,MISSING,NO_MATCH,No candidate found in any source
BC-000278,Aashirvaad Chana Dal Bengal Gram 500 g,8900000000278,,IMAGE_REQUIRED,,0,MISSING,NO_MATCH,No candidate found in any source
BC-000279,Tata Sampann Maida All Purpose Flour 1 kg,8900000000279,,IMAGE_REQUIRED,,0,MISSING,NO_MATCH,No candidate found in any source
BC-000280,Daawat Besan Gram Flour Pure 1 kg,8900000000280,,IMAGE_REQUIRED,,0,MISSING,NO_MATCH,No candidate found in any source
BC-000281,Fortune Select Premium Wheat Atta 5 kg,8900000000281,,IMAGE_REQUIRED,,0,MISSING,NO_MATCH,No candidate found in any source
BC-000282,Tata Sampann Basmati Rice Feast Rozana 10 kg,8900000000282,,IMAGE_REQUIRED,,0,MISSING,NO_MATCH,No candidate found in any source
BC-000283,Aashirvaad Indrayani Rice Aromatic 5 kg,8900000000283,,IMAGE_REQUIRED,,0,MISSING,NO_MATCH,No candidate found in any source
BC-000284,Daawat Chana Dal Bengal Gram 2 kg,8900000000284,,IMAGE_REQUIRED,,0,MISSING,NO_MATCH,No candidate found in any source
BC-000285,India Gate Urad Dal Black Whole 500 g,8900000000285,,IMAGE_REQUIRED,,0,MISSING,NO_MATCH,No candidate found in any source
BC-000286,Fortune Poha Thin Rice Flakes 500 g,8900000000286,,IMAGE_REQUIRED,,0,MISSING,NO_MATCH,No candidate found in any source
BC-000287,India Gate Suji Rawa Wheat Granules 500 g,8900000000287,,IMAGE_REQUIRED,,0,MISSING,NO_MATCH,No candidate found in any source
BC-000288,Daawat Maida All Purpose Flour 500 g,8900000000288,,IMAGE_REQUIRED,,0,MISSING,NO_MATCH,No candidate found in any source
BC-000289,Daawat Besan Gram Flour Pure 500 g,8900000000289,,IMAGE_REQUIRED,,0,MISSING,NO_MATCH,No candidate found in any source
BC-000290,Tata Sampann Sharbati Whole Wheat Atta 10 kg,8900000000290,,IMAGE_REQUIRED,,0,MISSING,NO_MATCH,No candidate found in any source
BC-000291,Aashirvaad Select Premium Wheat Atta 10 kg,8900000000291,,IMAGE_REQUIRED,,0,MISSING,NO_MATCH,No candidate found in any source
BC-000292,India Gate Basmati Rice Feast Rozana 5 kg,8900000000292,,IMAGE_REQUIRED,,0,MISSING,NO_MATCH,No candidate found in any source
BC-000293,India Gate Toor Dal Arhar Premium 1 kg,8900000000293,,IMAGE_REQUIRED,,0,MISSING,NO_MATCH,No candidate found in any source
BC-000294,Fortune Moong Dal Yellow Split 1 kg,8900000000294,,IMAGE_REQUIRED,,0,MISSING,NO_MATCH,No candidate found in any source
BC-000295,India Gate Masoor Dal Red Whole 1 kg,8900000000295,,IMAGE_REQUIRED,,0,MISSING,NO_MATCH,No candidate found in any source
BC-000296,Aashirvaad Urad Dal Black Whole 1 kg,8900000000296,,IMAGE_REQUIRED,,0,MISSING,NO_MATCH,No candidate found in any source
BC-000297,Aashirvaad Sharbati Whole Wheat Atta 10 kg,8900000000297,,IMAGE_REQUIRED,,0,MISSING,NO_MATCH,No candidate found in any source
BC-000298,Tata Sampann Toor Dal Arhar Premium 1 kg,8900000000298,,IMAGE_REQUIRED,,0,MISSING,NO_MATCH,No candidate found in any source
BC-000299,Tata Sampann Moong Dal Yellow Split 500 g,8900000000299,,IMAGE_REQUIRED,,0,MISSING,NO_MATCH,No candidate found in any source
BC-000300,India Gate Masoor Dal Red Whole 500 g,8900000000300,,IMAGE_REQUIRED,,0,MISSING,NO_MATCH,No candidate found in any source
BC-000301,Aashirvaad Maida All Purpose Flour 500 g,8900000000301,,IMAGE_REQUIRED,,0,MISSING,NO_MATCH,No candidate found in any source
BC-000302,Aashirvaad Select Premium Wheat Atta 5 kg,8900000000302,,IMAGE_REQUIRED,,0,MISSING,NO_MATCH,No candidate found in any source
BC-000303,India Gate Kolam Rice Wada Special 5 kg,8900000000303,,IMAGE_REQUIRED,,0,MISSING,NO_MATCH,No candidate found in any source
BC-000304,India Gate Moong Dal Yellow Split 1 kg,8900000000304,,IMAGE_REQUIRED,,0,MISSING,NO_MATCH,No candidate found in any source
BC-000305,India Gate Chana Dal Bengal Gram 1 kg,8900000000305,,IMAGE_REQUIRED,,0,MISSING,NO_MATCH,No candidate found in any source
BC-000306,India Gate Poha Thin Rice Flakes 500 g,8900000000306,,IMAGE_REQUIRED,,0,MISSING,NO_MATCH,No candidate found in any source
BC-000307,India Gate Suji Rawa Wheat Granules 1 kg,8900000000307,,IMAGE_REQUIRED,,0,MISSING,NO_MATCH,No candidate found in any source
BC-000308,Daawat Sharbati Whole Wheat Atta 5 kg,8900000000308,,IMAGE_REQUIRED,,0,MISSING,NO_MATCH,No candidate found in any source
BC-000309,Daawat Basmati Rice Feast Rozana 1 kg,8900000000309,,IMAGE_REQUIRED,,0,MISSING,NO_MATCH,No candidate found in any source
BC-000310,Fortune Kolam Rice Wada Special 1 kg,8900000000310,,IMAGE_REQUIRED,,0,MISSING,NO_MATCH,No candidate found in any source
BC-000311,Tata Sampann Indrayani Rice Aromatic 1 kg,8900000000311,,IMAGE_REQUIRED,,0,MISSING,NO_MATCH,No candidate found in any source
BC-000312,Fortune Besan Gram Flour Pure 1 kg,8900000000312,,IMAGE_REQUIRED,,0,MISSING,NO_MATCH,No candidate found in any source
BC-000313,Tata Sampann Sharbati Whole Wheat Atta 5 kg,8900000000313,,IMAGE_REQUIRED,,0,MISSING,NO_MATCH,No candidate found in any source
BC-000314,Fortune Select Premium Wheat Atta 1 kg,8900000000314,,IMAGE_REQUIRED,,0,MISSING,NO_MATCH,No candidate found in any source
BC-000315,India Gate Kolam Rice Wada Special 10 kg,8900000000315,,IMAGE_REQUIRED,,0,MISSING,NO_MATCH,No candidate found in any source
BC-000316,India Gate Indrayani Rice Aromatic 1 kg,8900000000316,,IMAGE_REQUIRED,,0,MISSING,NO_MATCH,No candidate found in any source
BC-000317,Aashirvaad Toor Dal Arhar Premium 5 kg,8900000000317,,IMAGE_REQUIRED,,0,MISSING,NO_MATCH,No candidate found in any source
BC-000318,Tata Sampann Moong Dal Yellow Split 1 kg,8900000000318,,IMAGE_REQUIRED,,0,MISSING,NO_MATCH,No candidate found in any source
BC-000319,Aashirvaad Masoor Dal Red Whole 1 kg,8900000000319,,IMAGE_REQUIRED,,0,MISSING,NO_MATCH,No candidate found in any source
BC-000320,Aashirvaad Urad Dal Black Whole 500 g,8900000000320,,IMAGE_REQUIRED,,0,MISSING,NO_MATCH,No candidate found in any source
BC-000321,Aashirvaad Poha Thin Rice Flakes 500 g,8900000000321,,IMAGE_REQUIRED,,0,MISSING,NO_MATCH,No candidate found in any source
BC-000322,Daawat Basmati Rice Feast Rozana 5 kg,8900000000322,,IMAGE_REQUIRED,,0,MISSING,NO_MATCH,No candidate found in any source
BC-000323,Daawat Kolam Rice Wada Special 10 kg,8900000000323,,IMAGE_REQUIRED,,0,MISSING,NO_MATCH,No candidate found in any source
BC-000324,Aashirvaad Indrayani Rice Aromatic 1 kg,8900000000324,,IMAGE_REQUIRED,,0,MISSING,NO_MATCH,No candidate found in any source
BC-000325,Aashirvaad Masoor Dal Red Whole 500 g,8900000000325,,IMAGE_REQUIRED,,0,MISSING,NO_MATCH,No candidate found in any source
BC-000326,Tata Sampann Besan Gram Flour Pure 500 g,8900000000326,,IMAGE_REQUIRED,,0,MISSING,NO_MATCH,No candidate found in any source
BC-000327,Tata Sampann Basmati Rice Feast Rozana 5 kg,8900000000327,,IMAGE_REQUIRED,,0,MISSING,NO_MATCH,No candidate found in any source
BC-000328,Fortune Indrayani Rice Aromatic 5 kg,8900000000328,,IMAGE_REQUIRED,,0,MISSING,NO_MATCH,No candidate found in any source
BC-000329,Aashirvaad Suji Rawa Wheat Granules 500 g,8900000000329,,IMAGE_REQUIRED,,0,MISSING,NO_MATCH,No candidate found in any source
BC-000330,India Gate Sharbati Whole Wheat Atta 5 kg,8900000000330,,IMAGE_REQUIRED,,0,MISSING,NO_MATCH,No candidate found in any source
BC-000331,Daawat Toor Dal Arhar Premium 5 kg,8900000000331,,IMAGE_REQUIRED,,0,MISSING,NO_MATCH,No candidate found in any source
BC-000332,Daawat Moong Dal Yellow Split 1 kg,8900000000332,,IMAGE_REQUIRED,,0,MISSING,NO_MATCH,No candidate found in any source
BC-000333,Tata Sampann Poha Thin Rice Flakes 1 kg,8900000000333,,IMAGE_REQUIRED,,0,MISSING,NO_MATCH,No candidate found in any source
BC-000334,Fortune Sharbati Whole Wheat Atta 1 kg,8900000000334,,IMAGE_REQUIRED,,0,MISSING,NO_MATCH,No candidate found in any source
BC-000335,Tata Sampann Select Premium Wheat Atta 5 kg,8900000000335,,IMAGE_REQUIRED,,0,MISSING,NO_MATCH,No candidate found in any source
BC-000336,India Gate Basmati Rice Feast Rozana 10 kg,8900000000336,,IMAGE_REQUIRED,,0,MISSING,NO_MATCH,No candidate found in any source
BC-000337,Daawat Toor Dal Arhar Premium 1 kg,8900000000337,,IMAGE_REQUIRED,,0,MISSING,NO_MATCH,No candidate found in any source
BC-000338,Fortune Masoor Dal Red Whole 1 kg,8900000000338,,IMAGE_REQUIRED,,0,MISSING,NO_MATCH,No candidate found in any source
BC-000339,Fortune Urad Dal Black Whole 500 g,8900000000339,,IMAGE_REQUIRED,,0,MISSING,NO_MATCH,No candidate found in any source
BC-000340,Aashirvaad Basmati Rice Feast Rozana 10 kg,8900000000340,,IMAGE_REQUIRED,,0,MISSING,NO_MATCH,No candidate found in any source
BC-000341,Daawat Toor Dal Arhar Premium 500 g,8900000000341,,IMAGE_REQUIRED,,0,MISSING,NO_MATCH,No candidate found in any source
BC-000342,India Gate Moong Dal Yellow Split 2 kg,8900000000342,,IMAGE_REQUIRED,,0,MISSING,NO_MATCH,No candidate found in any source
BC-000343,Fortune Chana Dal Bengal Gram 2 kg,8900000000343,,IMAGE_REQUIRED,,0,MISSING,NO_MATCH,No candidate found in any source
BC-000344,India Gate Urad Dal Black Whole 1 kg,8900000000344,,IMAGE_REQUIRED,,0,MISSING,NO_MATCH,No candidate found in any source
BC-000345,India Gate Maida All Purpose Flour 500 g,8900000000345,,IMAGE_REQUIRED,,0,MISSING,NO_MATCH,No candidate found in any source
BC-000346,Daawat Select Premium Wheat Atta 5 kg,8900000000346,,IMAGE_REQUIRED,,0,MISSING,NO_MATCH,No candidate found in any source
BC-000347,Fortune Toor Dal Arhar Premium 5 kg,8900000000347,,IMAGE_REQUIRED,,0,MISSING,NO_MATCH,No candidate found in any source
BC-000348,Aashirvaad Moong Dal Yellow Split 500 g,8900000000348,,IMAGE_REQUIRED,,0,MISSING,NO_MATCH,No candidate found in any source
BC-000349,Daawat Masoor Dal Red Whole 500 g,8900000000349,,IMAGE_REQUIRED,,0,MISSING,NO_MATCH,No candidate found in any source
BC-000350,Fortune Maida All Purpose Flour 500 g,8900000000350,,IMAGE_REQUIRED,,0,MISSING,NO_MATCH,No candidate found in any source
BC-000351,India Gate Besan Gram Flour Pure 500 g,8900000000351,,IMAGE_REQUIRED,,0,MISSING,NO_MATCH,No candidate found in any source
BC-000352,Daawat Select Premium Wheat Atta 10 kg,8900000000352,,IMAGE_REQUIRED,,0,MISSING,NO_MATCH,No candidate found in any source
BC-000353,Fortune Toor Dal Arhar Premium 500 g,8900000000353,,IMAGE_REQUIRED,,0,MISSING,NO_MATCH,No candidate found in any source
BC-000354,India Gate Select Premium Wheat Atta 1 kg,8900000000354,,IMAGE_REQUIRED,,0,MISSING,NO_MATCH,No candidate found in any source
BC-000355,Aashirvaad Kolam Rice Wada Special 1 kg,8900000000355,,IMAGE_REQUIRED,,0,MISSING,NO_MATCH,No candidate found in any source
BC-000356,Tata Sampann Indrayani Rice Aromatic 10 kg,8900000000356,,IMAGE_REQUIRED,,0,MISSING,NO_MATCH,No candidate found in any source
BC-000357,India Gate Toor Dal Arhar Premium 500 g,8900000000357,,IMAGE_REQUIRED,,0,MISSING,NO_MATCH,No candidate found in any source
BC-000358,Daawat Indrayani Rice Aromatic 1 kg,8900000000358,,IMAGE_REQUIRED,,0,MISSING,NO_MATCH,No candidate found in any source
BC-000359,Tata Sampann Poha Thin Rice Flakes 500 g,8900000000359,,IMAGE_REQUIRED,,0,MISSING,NO_MATCH,No candidate found in any source
BC-000360,Daawat Moong Dal Yellow Split 2 kg,8900000000360,,IMAGE_REQUIRED,,0,MISSING,NO_MATCH,No candidate found in any source
BC-000361,Tata Sampann Chana Dal Bengal Gram 2 kg,8900000000361,,IMAGE_REQUIRED,,0,MISSING,NO_MATCH,No candidate found in any source
BC-000362,India Gate Sharbati Whole Wheat Atta 10 kg,8900000000362,,IMAGE_REQUIRED,,0,MISSING,NO_MATCH,No candidate found in any source
BC-000363,Aashirvaad Toor Dal Arhar Premium 2 kg,8900000000363,,IMAGE_REQUIRED,,0,MISSING,NO_MATCH,No candidate found in any source
BC-000364,Tata Sampann Kolam Rice Wada Special 5 kg,8900000000364,,IMAGE_REQUIRED,,0,MISSING,NO_MATCH,No candidate found in any source
BC-000365,Daawat Indrayani Rice Aromatic 5 kg,8900000000365,,IMAGE_REQUIRED,,0,MISSING,NO_MATCH,No candidate found in any source
BC-000366,India Gate Moong Dal Yellow Split 500 g,8900000000366,,IMAGE_REQUIRED,,0,MISSING,NO_MATCH,No candidate found in any source
BC-000367,Daawat Sharbati Whole Wheat Atta 10 kg,8900000000367,,IMAGE_REQUIRED,,0,MISSING,NO_MATCH,No candidate found in any source
BC-000368,Aashirvaad Basmati Rice Feast Rozana 1 kg,8900000000368,,IMAGE_REQUIRED,,0,MISSING,NO_MATCH,No candidate found in any source
BC-000369,Fortune Masoor Dal Red Whole 500 g,8900000000369,,IMAGE_REQUIRED,,0,MISSING,NO_MATCH,No candidate found in any source
BC-000370,Aashirvaad Moong Dal Yellow Split 2 kg,8900000000370,,IMAGE_REQUIRED,,0,MISSING,NO_MATCH,No candidate found in any source
BC-000371,Tata Sampann Chana Dal Bengal Gram 500 g,8900000000371,,IMAGE_REQUIRED,,0,MISSING,NO_MATCH,No candidate found in any source
BC-000372,Tata Sampann Urad Dal Black Whole 500 g,8900000000372,,IMAGE_REQUIRED,,0,MISSING,NO_MATCH,No candidate found in any source
BC-000373,India Gate Maida All Purpose Flour 1 kg,8900000000373,,IMAGE_REQUIRED,,0,MISSING,NO_MATCH,No candidate found in any source
BC-000374,Aashirvaad Chana Dal Bengal Gram 1 kg,8900000000374,,IMAGE_REQUIRED,,0,MISSING,NO_MATCH,No candidate found in any source
BC-000375,Aashirvaad Select Premium Wheat Atta 1 kg,8900000000375,,IMAGE_REQUIRED,,0,MISSING,NO_MATCH,No candidate found in any source
BC-000376,Fortune Poha Thin Rice Flakes 1 kg,8900000000376,,IMAGE_REQUIRED,,0,MISSING,NO_MATCH,No candidate found in any source
BC-000377,Aashirvaad Toor Dal Arhar Premium 1 kg,8900000000377,,IMAGE_REQUIRED,,0,MISSING,NO_MATCH,No candidate found in any source
BC-000378,Daawat Toor Dal Arhar Premium 2 kg,8900000000378,,IMAGE_REQUIRED,,0,MISSING,NO_MATCH,No candidate found in any source
BC-000379,India Gate Sharbati Whole Wheat Atta 1 kg,8900000000379,,IMAGE_REQUIRED,,0,MISSING,NO_MATCH,No candidate found in any source
BC-000380,Fortune Toor Dal Arhar Premium 2 kg,8900000000380,,IMAGE_REQUIRED,,0,MISSING,NO_MATCH,No candidate found in any source
BC-000381,Tata Sampann Besan Gram Flour Pure 1 kg,8900000000381,,IMAGE_REQUIRED,,0,MISSING,NO_MATCH,No candidate found in any source
BC-000382,Tata Sampann Moong Dal Yellow Split 2 kg,8900000000382,,IMAGE_REQUIRED,,0,MISSING,NO_MATCH,No candidate found in any source
BC-000383,Tata Sampann Chana Dal Bengal Gram 1 kg,8900000000383,,IMAGE_REQUIRED,,0,MISSING,NO_MATCH,No candidate found in any source
BC-000384,Badshah Refined Sunflower Oil 1 L Bottle,8900000000384,,IMAGE_REQUIRED,,0,MISSING,NO_MATCH,No candidate found in any source
BC-000385,Fortune Kachi Ghani Mustard Oil 1 L Bottle,8900000000385,,IMAGE_REQUIRED,,0,MISSING,NO_MATCH,No candidate found in any source
BC-000386,MDH Ghee Pure Cow Desi 1 L Jar,8900000000386,,IMAGE_REQUIRED,,0,MISSING,NO_MATCH,No candidate found in any source
BC-000387,Fortune Garam Masala Superblend 100 g,8900000000387,,IMAGE_REQUIRED,,0,MISSING,NO_MATCH,No candidate found in any source
BC-000388,Fortune Turmeric Haldi Powder 200 g,8900000000388,,IMAGE_REQUIRED,,0,MISSING,NO_MATCH,No candidate found in any source
BC-000389,MDH Cumin Jeera Whole 500 g,8900000000389,,IMAGE_REQUIRED,,0,MISSING,NO_MATCH,No candidate found in any source
BC-000390,Fortune Pav Bhaji Masala Blend 50 g,8900000000390,,IMAGE_REQUIRED,,0,MISSING,NO_MATCH,No candidate found in any source
BC-000391,Fortune Kachi Ghani Mustard Oil 5 L Can,8900000000391,,IMAGE_REQUIRED,,0,MISSING,NO_MATCH,No candidate found in any source
BC-000392,Badshah Ghee Pure Cow Desi 500 ml,8900000000392,,IMAGE_REQUIRED,,0,MISSING,NO_MATCH,No candidate found in any source
BC-000393,Everest Coriander Dhaniya Powder 200 g,8900000000393,,IMAGE_REQUIRED,,0,MISSING,NO_MATCH,No candidate found in any source
BC-000394,Fortune Mustard Rai Seeds 200 g,8900000000394,,IMAGE_REQUIRED,,0,MISSING,NO_MATCH,No candidate found in any source
BC-000395,MDH Refined Sunflower Oil 1 L Pouch,8900000000395,,IMAGE_REQUIRED,,0,MISSING,NO_MATCH,No candidate found in any source
BC-000396,MDH Kachi Ghani Mustard Oil 5 L Can,8900000000396,,IMAGE_REQUIRED,,0,MISSING,NO_MATCH,No candidate found in any source
BC-000397,Everest Ghee Pure Cow Desi 200 ml,8900000000397,,IMAGE_REQUIRED,,0,MISSING,NO_MATCH,No candidate found in any source
BC-000398,Everest Garam Masala Superblend 50 g,8900000000398,,IMAGE_REQUIRED,,0,MISSING,NO_MATCH,No candidate found in any source
BC-000399,Everest Turmeric Haldi Powder 500 g,8900000000399,,IMAGE_REQUIRED,,0,MISSING,NO_MATCH,No candidate found in any source
BC-000400,MDH Red Chilli Tikhalal Powder 100 g,8900000000400,,IMAGE_REQUIRED,,0,MISSING,NO_MATCH,No candidate found in any source
BC-000401,Fortune Coriander Dhaniya Powder 500 g,8900000000401,,IMAGE_REQUIRED,,0,MISSING,NO_MATCH,No candidate found in any source
BC-000402,Badshah Mustard Rai Seeds 100 g,8900000000402,,IMAGE_REQUIRED,,0,MISSING,NO_MATCH,No candidate found in any source
BC-000403,Everest Pav Bhaji Masala Blend 50 g,8900000000403,,IMAGE_REQUIRED,,0,MISSING,NO_MATCH,No candidate found in any source
BC-000404,Everest Biryani Pulav Masala 100 g,8900000000404,,IMAGE_REQUIRED,,0,MISSING,NO_MATCH,No candidate found in any source
BC-000405,Everest Refined Sunflower Oil 5 L Jar,8900000000405,,IMAGE_REQUIRED,,0,MISSING,NO_MATCH,No candidate found in any source
BC-000406,Everest Gold Pro Healthy Refined Oil 5 L Can,8900000000406,,IMAGE_REQUIRED,,0,MISSING,NO_MATCH,No candidate found in any source
BC-000407,MDH Turmeric Haldi Powder 100 g,8900000000407,,IMAGE_REQUIRED,,0,MISSING,NO_MATCH,No candidate found in any source
BC-000408,Everest Mustard Rai Seeds 200 g,8900000000408,,IMAGE_REQUIRED,,0,MISSING,NO_MATCH,No candidate found in any source
BC-000409,Fortune Ghee Pure Cow Desi 200 ml,8900000000409,,IMAGE_REQUIRED,,0,MISSING,NO_MATCH,No candidate found in any source
BC-000410,MDH Turmeric Haldi Powder 500 g,8900000000410,,IMAGE_REQUIRED,,0,MISSING,NO_MATCH,No candidate found in any source
BC-000411,Badshah Cumin Jeera Whole 200 g,8900000000411,,IMAGE_REQUIRED,,0,MISSING,NO_MATCH,No candidate found in any source
BC-000412,Everest Biryani Pulav Masala 50 g,8900000000412,,IMAGE_REQUIRED,,0,MISSING,NO_MATCH,No candidate found in any source
BC-000413,MDH Refined Sunflower Oil 5 L Jar,8900000000413,,IMAGE_REQUIRED,,0,MISSING,NO_MATCH,No candidate found in any source
BC-000414,Everest Kachi Ghani Mustard Oil 5 L Can,8900000000414,,IMAGE_REQUIRED,,0,MISSING,NO_MATCH,No candidate found in any source
BC-000415,MDH Coriander Dhaniya Powder 500 g,8900000000415,,IMAGE_REQUIRED,,0,MISSING,NO_MATCH,No candidate found in any source
BC-000416,Fortune Cumin Jeera Whole 200 g,8900000000416,,IMAGE_REQUIRED,,0,MISSING,NO_MATCH,No candidate found in any source
BC-000417,Fortune Mustard Rai Seeds 100 g,8900000000417,,IMAGE_REQUIRED,,0,MISSING,NO_MATCH,No candidate found in any source
BC-000418,Everest Pav Bhaji Masala Blend 100 g,8900000000418,,IMAGE_REQUIRED,,0,MISSING,NO_MATCH,No candidate found in any source
BC-000419,Fortune Refined Sunflower Oil 1 L Bottle,8900000000419,,IMAGE_REQUIRED,,0,MISSING,NO_MATCH,No candidate found in any source
BC-000420,Fortune Kachi Ghani Mustard Oil 1 L Pouch,8900000000420,,IMAGE_REQUIRED,,0,MISSING,NO_MATCH,No candidate found in any source
BC-000421,Badshah Garam Masala Superblend 200 g,8900000000421,,IMAGE_REQUIRED,,0,MISSING,NO_MATCH,No candidate found in any source
BC-000422,Badshah Kanda Lasun Masala Special 100 g,8900000000422,,IMAGE_REQUIRED,,0,MISSING,NO_MATCH,No candidate found in any source
BC-000423,Badshah Red Chilli Tikhalal Powder 200 g,8900000000423,,IMAGE_REQUIRED,,0,MISSING,NO_MATCH,No candidate found in any source
BC-000424,MDH Ghee Pure Cow Desi 500 ml,8900000000424,,IMAGE_REQUIRED,,0,MISSING,NO_MATCH,No candidate found in any source
BC-000425,MDH Kanda Lasun Masala Special 500 g,8900000000425,,IMAGE_REQUIRED,,0,MISSING,NO_MATCH,No candidate found in any source
BC-000426,Badshah Coriander Dhaniya Powder 200 g,8900000000426,,IMAGE_REQUIRED,,0,MISSING,NO_MATCH,No candidate found in any source
BC-000427,Fortune Filtered Groundnut Oil 1 L Tin,8900000000427,,IMAGE_REQUIRED,,0,MISSING,NO_MATCH,No candidate found in any source
BC-000428,Fortune Ghee Pure Cow Desi 500 ml,8900000000428,,IMAGE_REQUIRED,,0,MISSING,NO_MATCH,No candidate found in any source
BC-000429,Badshah Biryani Pulav Masala 100 g,8900000000429,,IMAGE_REQUIRED,,0,MISSING,NO_MATCH,No candidate found in any source
BC-000430,MDH Refined Sunflower Oil 1 L Bottle,8900000000430,,IMAGE_REQUIRED,,0,MISSING,NO_MATCH,No candidate found in any source
BC-000431,Badshah Kachi Ghani Mustard Oil 5 L Can,8900000000431,,IMAGE_REQUIRED,,0,MISSING,NO_MATCH,No candidate found in any source
BC-000432,Badshah Ghee Pure Cow Desi 200 ml,8900000000432,,IMAGE_REQUIRED,,0,MISSING,NO_MATCH,No candidate found in any source
BC-000433,Badshah Garam Masala Superblend 100 g,8900000000433,,IMAGE_REQUIRED,,0,MISSING,NO_MATCH,No candidate found in any source
BC-000434,Fortune Coriander Dhaniya Powder 200 g,8900000000434,,IMAGE_REQUIRED,,0,MISSING,NO_MATCH,No candidate found in any source
BC-000435,Fortune Cumin Jeera Whole 500 g,8900000000435,,IMAGE_REQUIRED,,0,MISSING,NO_MATCH,No candidate found in any source
BC-000436,MDH Kachi Ghani Mustard Oil 1 L Bottle,8900000000436,,IMAGE_REQUIRED,,0,MISSING,NO_MATCH,No candidate found in any source
BC-000437,MDH Garam Masala Superblend 100 g,8900000000437,,IMAGE_REQUIRED,,0,MISSING,NO_MATCH,No candidate found in any source
BC-000438,Fortune Red Chilli Tikhalal Powder 500 g,8900000000438,,IMAGE_REQUIRED,,0,MISSING,NO_MATCH,No candidate found in any source
BC-000439,Badshah Cumin Jeera Whole 100 g,8900000000439,,IMAGE_REQUIRED,,0,MISSING,NO_MATCH,No candidate found in any source
BC-000440,Everest Mustard Rai Seeds 100 g,8900000000440,,IMAGE_REQUIRED,,0,MISSING,NO_MATCH,No candidate found in any source
BC-000441,MDH Pav Bhaji Masala Blend 100 g,8900000000441,,IMAGE_REQUIRED,,0,MISSING,NO_MATCH,No candidate found in any source
BC-000442,Badshah Filtered Groundnut Oil 5 L Can,8900000000442,,IMAGE_REQUIRED,,0,MISSING,NO_MATCH,No candidate found in any source
BC-000443,Everest Red Chilli Tikhalal Powder 200 g,8900000000443,,IMAGE_REQUIRED,,0,MISSING,NO_MATCH,No candidate found in any source
BC-000444,Badshah Biryani Pulav Masala 50 g,8900000000444,,IMAGE_REQUIRED,,0,MISSING,NO_MATCH,No candidate found in any source
BC-000445,Everest Kachi Ghani Mustard Oil 1 L Pouch,8900000000445,,IMAGE_REQUIRED,,0,MISSING,NO_MATCH,No candidate found in any source
BC-000446,Badshah Coriander Dhaniya Powder 500 g,8900000000446,,IMAGE_REQUIRED,,0,MISSING,NO_MATCH,No candidate found in any source
BC-000447,Badshah Kachi Ghani Mustard Oil 1 L Pouch,8900000000447,,IMAGE_REQUIRED,,0,MISSING,NO_MATCH,No candidate found in any source
BC-000448,MDH Red Chilli Tikhalal Powder 500 g,8900000000448,,IMAGE_REQUIRED,,0,MISSING,NO_MATCH,No candidate found in any source
BC-000449,Badshah Coriander Dhaniya Powder 100 g,8900000000449,,IMAGE_REQUIRED,,0,MISSING,NO_MATCH,No candidate found in any source
BC-000450,Fortune Cumin Jeera Whole 100 g,8900000000450,,IMAGE_REQUIRED,,0,MISSING,NO_MATCH,No candidate found in any source
BC-000451,Badshah Pav Bhaji Masala Blend 50 g,8900000000451,,IMAGE_REQUIRED,,0,MISSING,NO_MATCH,No candidate found in any source
BC-000452,MDH Filtered Groundnut Oil 1 L Tin,8900000000452,,IMAGE_REQUIRED,,0,MISSING,NO_MATCH,No candidate found in any source
BC-000453,Everest Gold Pro Healthy Refined Oil 1 L Pouch,8900000000453,,IMAGE_REQUIRED,,0,MISSING,NO_MATCH,No candidate found in any source
BC-000454,MDH Mustard Rai Seeds 100 g,8900000000454,,IMAGE_REQUIRED,,0,MISSING,NO_MATCH,No candidate found in any source
BC-000455,Fortune Filtered Groundnut Oil 1 L Pouch,8900000000455,,IMAGE_REQUIRED,,0,MISSING,NO_MATCH,No candidate found in any source
BC-000456,Fortune Red Chilli Tikhalal Powder 100 g,8900000000456,,IMAGE_REQUIRED,,0,MISSING,NO_MATCH,No candidate found in any source
BC-000457,Fortune Biryani Pulav Masala 50 g,8900000000457,,IMAGE_REQUIRED,,0,MISSING,NO_MATCH,No candidate found in any source
BC-000458,Everest Kanda Lasun Masala Special 500 g,8900000000458,,IMAGE_REQUIRED,,0,MISSING,NO_MATCH,No candidate found in any source
BC-000459,Badshah Turmeric Haldi Powder 200 g,8900000000459,,IMAGE_REQUIRED,,0,MISSING,NO_MATCH,No candidate found in any source
BC-000460,MDH Mustard Rai Seeds 200 g,8900000000460,,IMAGE_REQUIRED,,0,MISSING,NO_MATCH,No candidate found in any source
BC-000461,Everest Ghee Pure Cow Desi 500 ml,8900000000461,,IMAGE_REQUIRED,,0,MISSING,NO_MATCH,No candidate found in any source
BC-000462,MDH Biryani Pulav Masala 50 g,8900000000462,,IMAGE_REQUIRED,,0,MISSING,NO_MATCH,No candidate found in any source
BC-000463,Everest Red Chilli Tikhalal Powder 500 g,8900000000463,,IMAGE_REQUIRED,,0,MISSING,NO_MATCH,No candidate found in any source
BC-000464,Badshah Ghee Pure Cow Desi 1 L Jar,8900000000464,,IMAGE_REQUIRED,,0,MISSING,NO_MATCH,No candidate found in any source
BC-000465,Fortune Kanda Lasun Masala Special 200 g,8900000000465,,IMAGE_REQUIRED,,0,MISSING,NO_MATCH,No candidate found in any source
BC-000466,Fortune Coriander Dhaniya Powder 100 g,8900000000466,,IMAGE_REQUIRED,,0,MISSING,NO_MATCH,No candidate found in any source
BC-000467,MDH Cumin Jeera Whole 100 g,8900000000467,,IMAGE_REQUIRED,,0,MISSING,NO_MATCH,No candidate found in any source
BC-000468,Badshah Garam Masala Superblend 50 g,8900000000468,,IMAGE_REQUIRED,,0,MISSING,NO_MATCH,No candidate found in any source
BC-000469,Everest Cumin Jeera Whole 500 g,8900000000469,,IMAGE_REQUIRED,,0,MISSING,NO_MATCH,No candidate found in any source
BC-000470,Badshah Refined Sunflower Oil 5 L Jar,8900000000470,,IMAGE_REQUIRED,,0,MISSING,NO_MATCH,No candidate found in any source
BC-000471,Fortune Filtered Groundnut Oil 5 L Can,8900000000471,,IMAGE_REQUIRED,,0,MISSING,NO_MATCH,No candidate found in any source
BC-000472,Fortune Garam Masala Superblend 50 g,8900000000472,,IMAGE_REQUIRED,,0,MISSING,NO_MATCH,No candidate found in any source
BC-000473,Fortune Pav Bhaji Masala Blend 100 g,8900000000473,,IMAGE_REQUIRED,,0,MISSING,NO_MATCH,No candidate found in any source
BC-000474,Badshah Kanda Lasun Masala Special 500 g,8900000000474,,IMAGE_REQUIRED,,0,MISSING,NO_MATCH,No candidate found in any source
BC-000475,MDH Coriander Dhaniya Powder 200 g,8900000000475,,IMAGE_REQUIRED,,0,MISSING,NO_MATCH,No candidate found in any source
BC-000476,Badshah Filtered Groundnut Oil 1 L Tin,8900000000476,,IMAGE_REQUIRED,,0,MISSING,NO_MATCH,No candidate found in any source
BC-000477,Fortune Kanda Lasun Masala Special 500 g,8900000000477,,IMAGE_REQUIRED,,0,MISSING,NO_MATCH,No candidate found in any source
BC-000478,Fortune Refined Sunflower Oil 5 L Jar,8900000000478,,IMAGE_REQUIRED,,0,MISSING,NO_MATCH,No candidate found in any source
BC-000479,Everest Kachi Ghani Mustard Oil 1 L Bottle,8900000000479,,IMAGE_REQUIRED,,0,MISSING,NO_MATCH,No candidate found in any source
BC-000480,Everest Filtered Groundnut Oil 1 L Pouch,8900000000480,,IMAGE_REQUIRED,,0,MISSING,NO_MATCH,No candidate found in any source
BC-000481,Badshah Gold Pro Healthy Refined Oil 5 L Can,8900000000481,,IMAGE_REQUIRED,,0,MISSING,NO_MATCH,No candidate found in any source
BC-000482,MDH Pav Bhaji Masala Blend 50 g,8900000000482,,IMAGE_REQUIRED,,0,MISSING,NO_MATCH,No candidate found in any source
BC-000483,MDH Biryani Pulav Masala 100 g,8900000000483,,IMAGE_REQUIRED,,0,MISSING,NO_MATCH,No candidate found in any source
BC-000484,Everest Kanda Lasun Masala Special 100 g,8900000000484,,IMAGE_REQUIRED,,0,MISSING,NO_MATCH,No candidate found in any source
BC-000485,Badshah Pav Bhaji Masala Blend 100 g,8900000000485,,IMAGE_REQUIRED,,0,MISSING,NO_MATCH,No candidate found in any source
BC-000486,Everest Filtered Groundnut Oil 5 L Can,8900000000486,,IMAGE_REQUIRED,,0,MISSING,NO_MATCH,No candidate found in any source
BC-000487,MDH Kachi Ghani Mustard Oil 1 L Pouch,8900000000487,,IMAGE_REQUIRED,,0,MISSING,NO_MATCH,No candidate found in any source
BC-000488,Badshah Kanda Lasun Masala Special 200 g,8900000000488,,IMAGE_REQUIRED,,0,MISSING,NO_MATCH,No candidate found in any source
BC-000489,Badshah Turmeric Haldi Powder 100 g,8900000000489,,IMAGE_REQUIRED,,0,MISSING,NO_MATCH,No candidate found in any source
BC-000490,Badshah Kachi Ghani Mustard Oil 1 L Bottle,8900000000490,,IMAGE_REQUIRED,,0,MISSING,NO_MATCH,No candidate found in any source
BC-000491,MDH Garam Masala Superblend 50 g,8900000000491,,IMAGE_REQUIRED,,0,MISSING,NO_MATCH,No candidate found in any source
BC-000492,Everest Refined Sunflower Oil 1 L Pouch,8900000000492,,IMAGE_REQUIRED,,0,MISSING,NO_MATCH,No candidate found in any source
BC-000493,MDH Gold Pro Healthy Refined Oil 5 L Can,8900000000493,,IMAGE_REQUIRED,,0,MISSING,NO_MATCH,No candidate found in any source
BC-000494,Badshah Refined Sunflower Oil 1 L Pouch,8900000000494,,IMAGE_REQUIRED,,0,MISSING,NO_MATCH,No candidate found in any source
BC-000495,Everest Cumin Jeera Whole 100 g,8900000000495,,IMAGE_REQUIRED,,0,MISSING,NO_MATCH,No candidate found in any source
BC-000496,MDH Filtered Groundnut Oil 1 L Pouch,8900000000496,,IMAGE_REQUIRED,,0,MISSING,NO_MATCH,No candidate found in any source
BC-000497,Everest Coriander Dhaniya Powder 500 g,8900000000497,,IMAGE_REQUIRED,,0,MISSING,NO_MATCH,No candidate found in any source
BC-000498,MDH Gold Pro Healthy Refined Oil 1 L Pouch,8900000000498,,IMAGE_REQUIRED,,0,MISSING,NO_MATCH,No candidate found in any source
BC-000499,Badshah Red Chilli Tikhalal Powder 500 g,8900000000499,,IMAGE_REQUIRED,,0,MISSING,NO_MATCH,No candidate found in any source
BC-000500,Fortune Ghee Pure Cow Desi 1 L Jar,8900000000500,,IMAGE_REQUIRED,,0,MISSING,NO_MATCH,No candidate found in any source
BC-000501,Everest Red Chilli Tikhalal Powder 100 g,8900000000501,,IMAGE_REQUIRED,,0,MISSING,NO_MATCH,No candidate found in any source
BC-000502,Badshah Filtered Groundnut Oil 1 L Pouch,8900000000502,,IMAGE_REQUIRED,,0,MISSING,NO_MATCH,No candidate found in any source
BC-000503,Badshah Cumin Jeera Whole 500 g,8900000000503,,IMAGE_REQUIRED,,0,MISSING,NO_MATCH,No candidate found in any source
BC-000504,Everest Refined Sunflower Oil 1 L Bottle,8900000000504,,IMAGE_REQUIRED,,0,MISSING,NO_MATCH,No candidate found in any source
BC-000505,Sunfeast Parle-G Gold Biscuit 250 g,8900000000505,,IMAGE_REQUIRED,,0,MISSING,NO_MATCH,No candidate found in any source
BC-000506,Parle Marie Gold Tea Biscuits 600 g Jumbo,8900000000506,,IMAGE_REQUIRED,,0,MISSING,NO_MATCH,No candidate found in any source
BC-000507,Unibic Monaco Salted Biscuits 200 g,8900000000507,,IMAGE_REQUIRED,,0,MISSING,NO_MATCH,No candidate found in any source
BC-000508,Britannia Krackjack Sweet & Salty 200 g,8900000000508,,IMAGE_REQUIRED,,0,MISSING,NO_MATCH,No candidate found in any source
BC-000509,Sunfeast Milk Bikis Milk Biscuits 250 g,8900000000509,,IMAGE_REQUIRED,,0,MISSING,NO_MATCH,No candidate found in any source
BC-000510,Unibic NutriChoice Digestive Wheat 100 g,8900000000510,,IMAGE_REQUIRED,,0,MISSING,NO_MATCH,No candidate found in any source
BC-000511,Parle Good Day Cashew Cookies 400 g Family Pack,8900000000511,,IMAGE_REQUIRED,,0,MISSING,NO_MATCH,No candidate found in any source
BC-000512,Unibic Marie Gold Tea Biscuits 300 g,8900000000512,,IMAGE_REQUIRED,,0,MISSING,NO_MATCH,No candidate found in any source
BC-000513,Sunfeast Bourbon Chocolate Cream 250 g,8900000000513,,IMAGE_REQUIRED,,0,MISSING,NO_MATCH,No candidate found in any source
BC-000514,Sunfeast Krackjack Sweet & Salty 75 g,8900000000514,,IMAGE_REQUIRED,,0,MISSING,NO_MATCH,No candidate found in any source
BC-000515,Parle Dark Fantasy Choco Fills 150 g,8900000000515,,IMAGE_REQUIRED,,0,MISSING,NO_MATCH,No candidate found in any source
BC-000516,Sunfeast Oreo Chocolate Sandwich Cookie 120 g,8900000000516,,IMAGE_REQUIRED,,0,MISSING,NO_MATCH,No candidate found in any source
BC-000517,Unibic Milk Bikis Milk Biscuits 100 g,8900000000517,,IMAGE_REQUIRED,,0,MISSING,NO_MATCH,No candidate found in any source
BC-000518,Unibic NutriChoice Digestive Wheat 500 g,8900000000518,,IMAGE_REQUIRED,,0,MISSING,NO_MATCH,No candidate found in any source
BC-000519,Parle Butter Bake Cookies 300 g,8900000000519,,IMAGE_REQUIRED,,0,MISSING,NO_MATCH,No candidate found in any source
BC-000520,Parle Good Day Cashew Cookies 200 g,8900000000520,,IMAGE_REQUIRED,,0,MISSING,NO_MATCH,No candidate found in any source
BC-000521,Parle Parle-G Gold Biscuit 500 g Mega Pack,8900000000521,,IMAGE_REQUIRED,,0,MISSING,NO_MATCH,No candidate found in any source
BC-000522,Britannia Bourbon Chocolate Cream 120 g,8900000000522,,IMAGE_REQUIRED,,0,MISSING,NO_MATCH,No candidate found in any source
BC-000523,Parle Monaco Salted Biscuits 200 g,8900000000523,,IMAGE_REQUIRED,,0,MISSING,NO_MATCH,No candidate found in any source
BC-000524,Unibic Dark Fantasy Choco Fills 150 g,8900000000524,,IMAGE_REQUIRED,,0,MISSING,NO_MATCH,No candidate found in any source
BC-000525,Sunfeast Oreo Chocolate Sandwich Cookie 300 g,8900000000525,,IMAGE_REQUIRED,,0,MISSING,NO_MATCH,No candidate found in any source
BC-000526,Unibic Butter Bake Cookies 150 g,8900000000526,,IMAGE_REQUIRED,,0,MISSING,NO_MATCH,No candidate found in any source
BC-000527,Unibic Crispy Wheat Rusk Toast 400 g,8900000000527,,IMAGE_REQUIRED,,0,MISSING,NO_MATCH,No candidate found in any source
BC-000528,Unibic Good Day Cashew Cookies 400 g Family Pack,8900000000528,,IMAGE_REQUIRED,,0,MISSING,NO_MATCH,No candidate found in any source
BC-000529,Parle Parle-G Gold Biscuit 100 g,8900000000529,,IMAGE_REQUIRED,,0,MISSING,NO_MATCH,No candidate found in any source
BC-000530,Sunfeast Marie Gold Tea Biscuits 120 g,8900000000530,,IMAGE_REQUIRED,,0,MISSING,NO_MATCH,No candidate found in any source
BC-000531,Parle Krackjack Sweet & Salty 200 g,8900000000531,,IMAGE_REQUIRED,,0,MISSING,NO_MATCH,No candidate found in any source
BC-000532,Unibic Oreo Chocolate Sandwich Cookie 300 g,8900000000532,,IMAGE_REQUIRED,,0,MISSING,NO_MATCH,No candidate found in any source
BC-000533,Britannia Milk Bikis Milk Biscuits 250 g,8900000000533,,IMAGE_REQUIRED,,0,MISSING,NO_MATCH,No candidate found in any source
BC-000534,Parle Crispy Wheat Rusk Toast 200 g,8900000000534,,IMAGE_REQUIRED,,0,MISSING,NO_MATCH,No candidate found in any source
BC-000535,Sunfeast Good Day Cashew Cookies 400 g Family Pack,8900000000535,,IMAGE_REQUIRED,,0,MISSING,NO_MATCH,No candidate found in any source
BC-000536,Unibic Bourbon Chocolate Cream 250 g,8900000000536,,IMAGE_REQUIRED,,0,MISSING,NO_MATCH,No candidate found in any source
BC-000537,Parle Monaco Salted Biscuits 75 g,8900000000537,,IMAGE_REQUIRED,,0,MISSING,NO_MATCH,No candidate found in any source
BC-000538,Unibic Krackjack Sweet & Salty 75 g,8900000000538,,IMAGE_REQUIRED,,0,MISSING,NO_MATCH,No candidate found in any source
BC-000539,Sunfeast Dark Fantasy Choco Fills 75 g,8900000000539,,IMAGE_REQUIRED,,0,MISSING,NO_MATCH,No candidate found in any source
BC-000540,Unibic Oreo Chocolate Sandwich Cookie 120 g,8900000000540,,IMAGE_REQUIRED,,0,MISSING,NO_MATCH,No candidate found in any source
BC-000541,Britannia Good Day Cashew Cookies 200 g,8900000000541,,IMAGE_REQUIRED,,0,MISSING,NO_MATCH,No candidate found in any source
BC-000542,Sunfeast Parle-G Gold Biscuit 500 g Mega Pack,8900000000542,,IMAGE_REQUIRED,,0,MISSING,NO_MATCH,No candidate found in any source
BC-000543,Parle Krackjack Sweet & Salty 75 g,8900000000543,,IMAGE_REQUIRED,,0,MISSING,NO_MATCH,No candidate found in any source
BC-000544,Parle Oreo Chocolate Sandwich Cookie 300 g,8900000000544,,IMAGE_REQUIRED,,0,MISSING,NO_MATCH,No candidate found in any source
BC-000545,Parle NutriChoice Digestive Wheat 500 g,8900000000545,,IMAGE_REQUIRED,,0,MISSING,NO_MATCH,No candidate found in any source
BC-000546,Unibic Butter Bake Cookies 300 g,8900000000546,,IMAGE_REQUIRED,,0,MISSING,NO_MATCH,No candidate found in any source
BC-000547,Unibic Good Day Cashew Cookies 100 g,8900000000547,,IMAGE_REQUIRED,,0,MISSING,NO_MATCH,No candidate found in any source
BC-000548,Britannia Monaco Salted Biscuits 200 g,8900000000548,,IMAGE_REQUIRED,,0,MISSING,NO_MATCH,No candidate found in any source
BC-000549,Unibic Dark Fantasy Choco Fills 75 g,8900000000549,,IMAGE_REQUIRED,,0,MISSING,NO_MATCH,No candidate found in any source
BC-000550,Parle Oreo Chocolate Sandwich Cookie 120 g,8900000000550,,IMAGE_REQUIRED,,0,MISSING,NO_MATCH,No candidate found in any source
BC-000551,Sunfeast Butter Bake Cookies 300 g,8900000000551,,IMAGE_REQUIRED,,0,MISSING,NO_MATCH,No candidate found in any source
BC-000552,Britannia Marie Gold Tea Biscuits 600 g Jumbo,8900000000552,,IMAGE_REQUIRED,,0,MISSING,NO_MATCH,No candidate found in any source
BC-000553,Sunfeast Dark Fantasy Choco Fills 300 g,8900000000553,,IMAGE_REQUIRED,,0,MISSING,NO_MATCH,No candidate found in any source
BC-000554,Britannia Crispy Wheat Rusk Toast 400 g,8900000000554,,IMAGE_REQUIRED,,0,MISSING,NO_MATCH,No candidate found in any source
BC-000555,Unibic Marie Gold Tea Biscuits 600 g Jumbo,8900000000555,,IMAGE_REQUIRED,,0,MISSING,NO_MATCH,No candidate found in any source
BC-000556,Sunfeast Monaco Salted Biscuits 75 g,8900000000556,,IMAGE_REQUIRED,,0,MISSING,NO_MATCH,No candidate found in any source
BC-000557,Parle Milk Bikis Milk Biscuits 250 g,8900000000557,,IMAGE_REQUIRED,,0,MISSING,NO_MATCH,No candidate found in any source
BC-000558,Britannia Good Day Cashew Cookies 100 g,8900000000558,,IMAGE_REQUIRED,,0,MISSING,NO_MATCH,No candidate found in any source
BC-000559,Britannia Parle-G Gold Biscuit 500 g Mega Pack,8900000000559,,IMAGE_REQUIRED,,0,MISSING,NO_MATCH,No candidate found in any source
BC-000560,Parle Bourbon Chocolate Cream 120 g,8900000000560,,IMAGE_REQUIRED,,0,MISSING,NO_MATCH,No candidate found in any source
BC-000561,Britannia Dark Fantasy Choco Fills 150 g,8900000000561,,IMAGE_REQUIRED,,0,MISSING,NO_MATCH,No candidate found in any source
BC-000562,Parle NutriChoice Digestive Wheat 100 g,8900000000562,,IMAGE_REQUIRED,,0,MISSING,NO_MATCH,No candidate found in any source
BC-000563,Sunfeast Crispy Wheat Rusk Toast 200 g,8900000000563,,IMAGE_REQUIRED,,0,MISSING,NO_MATCH,No candidate found in any source
BC-000564,Unibic Parle-G Gold Biscuit 500 g Mega Pack,8900000000564,,IMAGE_REQUIRED,,0,MISSING,NO_MATCH,No candidate found in any source
BC-000565,Parle Marie Gold Tea Biscuits 120 g,8900000000565,,IMAGE_REQUIRED,,0,MISSING,NO_MATCH,No candidate found in any source
BC-000566,Britannia Monaco Salted Biscuits 75 g,8900000000566,,IMAGE_REQUIRED,,0,MISSING,NO_MATCH,No candidate found in any source
BC-000567,Sunfeast Krackjack Sweet & Salty 200 g,8900000000567,,IMAGE_REQUIRED,,0,MISSING,NO_MATCH,No candidate found in any source
BC-000568,Britannia Butter Bake Cookies 300 g,8900000000568,,IMAGE_REQUIRED,,0,MISSING,NO_MATCH,No candidate found in any source
BC-000569,Sunfeast Crispy Wheat Rusk Toast 400 g,8900000000569,,IMAGE_REQUIRED,,0,MISSING,NO_MATCH,No candidate found in any source
BC-000570,Britannia Parle-G Gold Biscuit 100 g,8900000000570,,IMAGE_REQUIRED,,0,MISSING,NO_MATCH,No candidate found in any source
BC-000571,Unibic Dark Fantasy Choco Fills 300 g,8900000000571,,IMAGE_REQUIRED,,0,MISSING,NO_MATCH,No candidate found in any source
BC-000572,Britannia Oreo Chocolate Sandwich Cookie 120 g,8900000000572,,IMAGE_REQUIRED,,0,MISSING,NO_MATCH,No candidate found in any source
BC-000573,Sunfeast Milk Bikis Milk Biscuits 100 g,8900000000573,,IMAGE_REQUIRED,,0,MISSING,NO_MATCH,No candidate found in any source
BC-000574,Unibic Bourbon Chocolate Cream 120 g,8900000000574,,IMAGE_REQUIRED,,0,MISSING,NO_MATCH,No candidate found in any source
BC-000575,Unibic Monaco Salted Biscuits 75 g,8900000000575,,IMAGE_REQUIRED,,0,MISSING,NO_MATCH,No candidate found in any source
BC-000576,Parle Dark Fantasy Choco Fills 300 g,8900000000576,,IMAGE_REQUIRED,,0,MISSING,NO_MATCH,No candidate found in any source
BC-000577,Britannia Butter Bake Cookies 150 g,8900000000577,,IMAGE_REQUIRED,,0,MISSING,NO_MATCH,No candidate found in any source
BC-000578,Unibic Crispy Wheat Rusk Toast 200 g,8900000000578,,IMAGE_REQUIRED,,0,MISSING,NO_MATCH,No candidate found in any source
BC-000579,Parle Bourbon Chocolate Cream 250 g,8900000000579,,IMAGE_REQUIRED,,0,MISSING,NO_MATCH,No candidate found in any source
BC-000580,Sunfeast NutriChoice Digestive Wheat 500 g,8900000000580,,IMAGE_REQUIRED,,0,MISSING,NO_MATCH,No candidate found in any source
BC-000581,Parle Good Day Cashew Cookies 100 g,8900000000581,,IMAGE_REQUIRED,,0,MISSING,NO_MATCH,No candidate found in any source
BC-000582,Sunfeast Bourbon Chocolate Cream 120 g,8900000000582,,IMAGE_REQUIRED,,0,MISSING,NO_MATCH,No candidate found in any source
BC-000583,Britannia Dark Fantasy Choco Fills 300 g,8900000000583,,IMAGE_REQUIRED,,0,MISSING,NO_MATCH,No candidate found in any source
BC-000584,Britannia Oreo Chocolate Sandwich Cookie 300 g,8900000000584,,IMAGE_REQUIRED,,0,MISSING,NO_MATCH,No candidate found in any source
BC-000585,Sunfeast Butter Bake Cookies 150 g,8900000000585,,IMAGE_REQUIRED,,0,MISSING,NO_MATCH,No candidate found in any source
BC-000586,Unibic Parle-G Gold Biscuit 100 g,8900000000586,,IMAGE_REQUIRED,,0,MISSING,NO_MATCH,No candidate found in any source
BC-000587,Unibic Krackjack Sweet & Salty 200 g,8900000000587,,IMAGE_REQUIRED,,0,MISSING,NO_MATCH,No candidate found in any source
BC-000588,Parle Dark Fantasy Choco Fills 75 g,8900000000588,,IMAGE_REQUIRED,,0,MISSING,NO_MATCH,No candidate found in any source
BC-000589,Parle NutriChoice Digestive Wheat 250 g,8900000000589,,IMAGE_REQUIRED,,0,MISSING,NO_MATCH,No candidate found in any source
BC-000590,Parle Parle-G Gold Biscuit 250 g,8900000000590,,IMAGE_REQUIRED,,0,MISSING,NO_MATCH,No candidate found in any source
BC-000591,Sunfeast NutriChoice Digestive Wheat 250 g,8900000000591,,IMAGE_REQUIRED,,0,MISSING,NO_MATCH,No candidate found in any source
BC-000592,Sunfeast Parle-G Gold Biscuit 100 g,8900000000592,,IMAGE_REQUIRED,,0,MISSING,NO_MATCH,No candidate found in any source
BC-000593,Britannia Bourbon Chocolate Cream 250 g,8900000000593,,IMAGE_REQUIRED,,0,MISSING,NO_MATCH,No candidate found in any source
BC-000594,Britannia Krackjack Sweet & Salty 75 g,8900000000594,,IMAGE_REQUIRED,,0,MISSING,NO_MATCH,No candidate found in any source
BC-000595,Sunfeast NutriChoice Digestive Wheat 100 g,8900000000595,,IMAGE_REQUIRED,,0,MISSING,NO_MATCH,No candidate found in any source
BC-000596,Parle Crispy Wheat Rusk Toast 400 g,8900000000596,,IMAGE_REQUIRED,,0,MISSING,NO_MATCH,No candidate found in any source
BC-000597,Sunfeast Monaco Salted Biscuits 200 g,8900000000597,,IMAGE_REQUIRED,,0,MISSING,NO_MATCH,No candidate found in any source
BC-000598,Unibic Parle-G Gold Biscuit 250 g,8900000000598,,IMAGE_REQUIRED,,0,MISSING,NO_MATCH,No candidate found in any source
BC-000599,Britannia Milk Bikis Milk Biscuits 100 g,8900000000599,,IMAGE_REQUIRED,,0,MISSING,NO_MATCH,No candidate found in any source
BC-000600,Britannia NutriChoice Digestive Wheat 250 g,8900000000600,,IMAGE_REQUIRED,,0,MISSING,NO_MATCH,No candidate found in any source
BC-000601,Britannia Marie Gold Tea Biscuits 120 g,8900000000601,,IMAGE_REQUIRED,,0,MISSING,NO_MATCH,No candidate found in any source
BC-000602,Parle Milk Bikis Milk Biscuits 100 g,8900000000602,,IMAGE_REQUIRED,,0,MISSING,NO_MATCH,No candidate found in any source
BC-000603,Sunfeast Good Day Cashew Cookies 200 g,8900000000603,,IMAGE_REQUIRED,,0,MISSING,NO_MATCH,No candidate found in any source
BC-000604,Britannia Parle-G Gold Biscuit 250 g,8900000000604,,IMAGE_REQUIRED,,0,MISSING,NO_MATCH,No candidate found in any source
BC-000605,Parle Marie Gold Tea Biscuits 300 g,8900000000605,,IMAGE_REQUIRED,,0,MISSING,NO_MATCH,No candidate found in any source
BC-000606,Sunfeast Good Day Cashew Cookies 100 g,8900000000606,,IMAGE_REQUIRED,,0,MISSING,NO_MATCH,No candidate found in any source
BC-000607,Sunfeast Marie Gold Tea Biscuits 300 g,8900000000607,,IMAGE_REQUIRED,,0,MISSING,NO_MATCH,No candidate found in any source
BC-000608,Britannia Dark Fantasy Choco Fills 75 g,8900000000608,,IMAGE_REQUIRED,,0,MISSING,NO_MATCH,No candidate found in any source
BC-000609,Parle Butter Bake Cookies 150 g,8900000000609,,IMAGE_REQUIRED,,0,MISSING,NO_MATCH,No candidate found in any source
BC-000610,Britannia Crispy Wheat Rusk Toast 200 g,8900000000610,,IMAGE_REQUIRED,,0,MISSING,NO_MATCH,No candidate found in any source
BC-000611,Britannia Marie Gold Tea Biscuits 300 g,8900000000611,,IMAGE_REQUIRED,,0,MISSING,NO_MATCH,No candidate found in any source
BC-000612,Britannia NutriChoice Digestive Wheat 500 g,8900000000612,,IMAGE_REQUIRED,,0,MISSING,NO_MATCH,No candidate found in any source
BC-000613,Lay's Classic Salted Potato Chips 1 kg,8900000000613,,IMAGE_REQUIRED,,0,MISSING,NO_MATCH,No candidate found in any source
BC-000614,Kurkure Magic Masala Potato Chips 1 kg,8900000000614,,IMAGE_REQUIRED,,0,MISSING,NO_MATCH,No candidate found in any source
BC-000615,Haldiram's Cream & Onion Potato Chips 1 kg,8900000000615,,IMAGE_REQUIRED,,0,MISSING,NO_MATCH,No candidate found in any source
BC-000616,Haldiram's Masala Munch Corn Crunchy 90 g,8900000000616,,IMAGE_REQUIRED,,0,MISSING,NO_MATCH,No candidate found in any source
BC-000617,Kurkure Aloo Bhujia Namkeen 1 kg,8900000000617,,IMAGE_REQUIRED,,0,MISSING,NO_MATCH,No candidate found in any source
BC-000618,Lay's Bhakarwadi Maharashtra Special 200 g,8900000000618,,IMAGE_REQUIRED,,0,MISSING,NO_MATCH,No candidate found in any source
BC-000619,Kurkure Chana Jor Garam Spicy 150 g,8900000000619,,IMAGE_REQUIRED,,0,MISSING,NO_MATCH,No candidate found in any source
BC-000620,Kurkure Popcorn Butter Salted Instant 60 g,8900000000620,,IMAGE_REQUIRED,,0,MISSING,NO_MATCH,No candidate found in any source
BC-000621,Lay's Magic Masala Potato Chips 1 kg,8900000000621,,IMAGE_REQUIRED,,0,MISSING,NO_MATCH,No candidate found in any source
BC-000622,Lay's Masala Munch Corn Crunchy 45 g,8900000000622,,IMAGE_REQUIRED,,0,MISSING,NO_MATCH,No candidate found in any source
BC-000623,Lay's Moong Dal Crunchy Namkeen 350 g,8900000000623,,IMAGE_REQUIRED,,0,MISSING,NO_MATCH,No candidate found in any source
BC-000624,Haldiram's Khatia Meetha Mixture 1 kg,8900000000624,,IMAGE_REQUIRED,,0,MISSING,NO_MATCH,No candidate found in any source
BC-000625,Haldiram's Mad Angles Achari Masti 80 g,8900000000625,,IMAGE_REQUIRED,,0,MISSING,NO_MATCH,No candidate found in any source
BC-000626,Lay's Chivda Nashik Flattened Rice 200 g,8900000000626,,IMAGE_REQUIRED,,0,MISSING,NO_MATCH,No candidate found in any source
BC-000627,Haldiram's Classic Salted Potato Chips 1 kg,8900000000627,,IMAGE_REQUIRED,,0,MISSING,NO_MATCH,No candidate found in any source
BC-000628,Kurkure Masala Munch Corn Crunchy 45 g,8900000000628,,IMAGE_REQUIRED,,0,MISSING,NO_MATCH,No candidate found in any source
BC-000629,Haldiram's Bhakarwadi Maharashtra Special 200 g,8900000000629,,IMAGE_REQUIRED,,0,MISSING,NO_MATCH,No candidate found in any source
BC-000630,Haldiram's Moong Dal Crunchy Namkeen 350 g,8900000000630,,IMAGE_REQUIRED,,0,MISSING,NO_MATCH,No candidate found in any source
BC-000631,Lay's Chana Jor Garam Spicy 300 g,8900000000631,,IMAGE_REQUIRED,,0,MISSING,NO_MATCH,No candidate found in any source
BC-000632,Kurkure Cream & Onion Potato Chips 1 kg,8900000000632,,IMAGE_REQUIRED,,0,MISSING,NO_MATCH,No candidate found in any source
BC-000633,Haldiram's Aloo Bhujia Namkeen 350 g,8900000000633,,IMAGE_REQUIRED,,0,MISSING,NO_MATCH,No candidate found in any source
BC-000634,Kurkure Moong Dal Crunchy Namkeen 350 g,8900000000634,,IMAGE_REQUIRED,,0,MISSING,NO_MATCH,No candidate found in any source
BC-000635,Lay's Khatia Meetha Mixture 1 kg,8900000000635,,IMAGE_REQUIRED,,0,MISSING,NO_MATCH,No candidate found in any source
BC-000636,Lay's Salted Roasted Peanuts 300 g,8900000000636,,IMAGE_REQUIRED,,0,MISSING,NO_MATCH,No candidate found in any source
BC-000637,Haldiram's Popcorn Butter Salted Instant 60 g,8900000000637,,IMAGE_REQUIRED,,0,MISSING,NO_MATCH,No candidate found in any source
BC-000638,Lay's Khatia Meetha Mixture 350 g,8900000000638,,IMAGE_REQUIRED,,0,MISSING,NO_MATCH,No candidate found in any source
BC-000639,Lay's Chana Jor Garam Spicy 150 g,8900000000639,,IMAGE_REQUIRED,,0,MISSING,NO_MATCH,No candidate found in any source
BC-000640,Lay's Popcorn Butter Salted Instant 130 g,8900000000640,,IMAGE_REQUIRED,,0,MISSING,NO_MATCH,No candidate found in any source
BC-000641,Lay's Cream & Onion Potato Chips 1 kg,8900000000641,,IMAGE_REQUIRED,,0,MISSING,NO_MATCH,No candidate found in any source
BC-000642,Lay's Moong Dal Crunchy Namkeen 150 g,8900000000642,,IMAGE_REQUIRED,,0,MISSING,NO_MATCH,No candidate found in any source
BC-000643,Kurkure Khatia Meetha Mixture 350 g,8900000000643,,IMAGE_REQUIRED,,0,MISSING,NO_MATCH,No candidate found in any source
BC-000644,Kurkure Salted Roasted Peanuts 150 g,8900000000644,,IMAGE_REQUIRED,,0,MISSING,NO_MATCH,No candidate found in any source
BC-000645,Lay's Mad Angles Achari Masti 40 g,8900000000645,,IMAGE_REQUIRED,,0,MISSING,NO_MATCH,No candidate found in any source
BC-000646,Kurkure Popcorn Butter Salted Instant 130 g,8900000000646,,IMAGE_REQUIRED,,0,MISSING,NO_MATCH,No candidate found in any source
BC-000647,Kurkure Classic Salted Potato Chips 1 kg,8900000000647,,IMAGE_REQUIRED,,0,MISSING,NO_MATCH,No candidate found in any source
BC-000648,Lay's Bhakarwadi Maharashtra Special 400 g,8900000000648,,IMAGE_REQUIRED,,0,MISSING,NO_MATCH,No candidate found in any source
BC-000649,Kurkure Khatia Meetha Mixture 1 kg,8900000000649,,IMAGE_REQUIRED,,0,MISSING,NO_MATCH,No candidate found in any source
BC-000650,Haldiram's Salted Roasted Peanuts 300 g,8900000000650,,IMAGE_REQUIRED,,0,MISSING,NO_MATCH,No candidate found in any source
BC-000651,Lay's Aloo Bhujia Namkeen 1 kg,8900000000651,,IMAGE_REQUIRED,,0,MISSING,NO_MATCH,No candidate found in any source
BC-000652,Haldiram's Khatia Meetha Mixture 350 g,8900000000652,,IMAGE_REQUIRED,,0,MISSING,NO_MATCH,No candidate found in any source
BC-000653,Haldiram's Salted Roasted Peanuts 150 g,8900000000653,,IMAGE_REQUIRED,,0,MISSING,NO_MATCH,No candidate found in any source
BC-000654,Haldiram's Magic Masala Potato Chips 1 kg,8900000000654,,IMAGE_REQUIRED,,0,MISSING,NO_MATCH,No candidate found in any source
BC-000655,Kurkure Chana Jor Garam Spicy 300 g,8900000000655,,IMAGE_REQUIRED,,0,MISSING,NO_MATCH,No candidate found in any source
BC-000656,Lay's Popcorn Butter Salted Instant 60 g,8900000000656,,IMAGE_REQUIRED,,0,MISSING,NO_MATCH,No candidate found in any source
BC-000657,Kurkure Bhakarwadi Maharashtra Special 200 g,8900000000657,,IMAGE_REQUIRED,,0,MISSING,NO_MATCH,No candidate found in any source
BC-000658,Kurkure Mad Angles Achari Masti 40 g,8900000000658,,IMAGE_REQUIRED,,0,MISSING,NO_MATCH,No candidate found in any source
BC-000659,Haldiram's Khatia Meetha Mixture 150 g,8900000000659,,IMAGE_REQUIRED,,0,MISSING,NO_MATCH,No candidate found in any source
BC-000660,Haldiram's Mad Angles Achari Masti 40 g,8900000000660,,IMAGE_REQUIRED,,0,MISSING,NO_MATCH,No candidate found in any source
BC-000661,Kurkure Chivda Nashik Flattened Rice 200 g,8900000000661,,IMAGE_REQUIRED,,0,MISSING,NO_MATCH,No candidate found in any source
BC-000662,Kurkure Bhakarwadi Maharashtra Special 400 g,8900000000662,,IMAGE_REQUIRED,,0,MISSING,NO_MATCH,No candidate found in any source
BC-000663,Lay's Salted Roasted Peanuts 150 g,8900000000663,,IMAGE_REQUIRED,,0,MISSING,NO_MATCH,No candidate found in any source
BC-000664,Haldiram's Chana Jor Garam Spicy 150 g,8900000000664,,IMAGE_REQUIRED,,0,MISSING,NO_MATCH,No candidate found in any source
BC-000665,Lay's Chivda Nashik Flattened Rice 400 g,8900000000665,,IMAGE_REQUIRED,,0,MISSING,NO_MATCH,No candidate found in any source
BC-000666,Kurkure Moong Dal Crunchy Namkeen 150 g,8900000000666,,IMAGE_REQUIRED,,0,MISSING,NO_MATCH,No candidate found in any source
BC-000667,Kurkure Masala Munch Corn Crunchy 90 g,8900000000667,,IMAGE_REQUIRED,,0,MISSING,NO_MATCH,No candidate found in any source
BC-000668,Lay's Aloo Bhujia Namkeen 350 g,8900000000668,,IMAGE_REQUIRED,,0,MISSING,NO_MATCH,No candidate found in any source
BC-000669,Kurkure Khatia Meetha Mixture 150 g,8900000000669,,IMAGE_REQUIRED,,0,MISSING,NO_MATCH,No candidate found in any source
BC-000670,Lay's Masala Munch Corn Crunchy 90 g,8900000000670,,IMAGE_REQUIRED,,0,MISSING,NO_MATCH,No candidate found in any source
BC-000671,Lay's Aloo Bhujia Namkeen 150 g,8900000000671,,IMAGE_REQUIRED,,0,MISSING,NO_MATCH,No candidate found in any source
BC-000672,Lay's Mad Angles Achari Masti 80 g,8900000000672,,IMAGE_REQUIRED,,0,MISSING,NO_MATCH,No candidate found in any source
BC-000673,Lay's Khatia Meetha Mixture 150 g,8900000000673,,IMAGE_REQUIRED,,0,MISSING,NO_MATCH,No candidate found in any source
BC-000674,Haldiram's Moong Dal Crunchy Namkeen 150 g,8900000000674,,IMAGE_REQUIRED,,0,MISSING,NO_MATCH,No candidate found in any source
BC-000675,Kurkure Aloo Bhujia Namkeen 350 g,8900000000675,,IMAGE_REQUIRED,,0,MISSING,NO_MATCH,No candidate found in any source
BC-000676,Kurkure Mad Angles Achari Masti 80 g,8900000000676,,IMAGE_REQUIRED,,0,MISSING,NO_MATCH,No candidate found in any source
BC-000677,Kurkure Chivda Nashik Flattened Rice 400 g,8900000000677,,IMAGE_REQUIRED,,0,MISSING,NO_MATCH,No candidate found in any source
BC-000678,Haldiram's Aloo Bhujia Namkeen 150 g,8900000000678,,IMAGE_REQUIRED,,0,MISSING,NO_MATCH,No candidate found in any source
BC-000679,Haldiram's Aloo Bhujia Namkeen 1 kg,8900000000679,,IMAGE_REQUIRED,,0,MISSING,NO_MATCH,No candidate found in any source
BC-000680,Haldiram's Chivda Nashik Flattened Rice 400 g,8900000000680,,IMAGE_REQUIRED,,0,MISSING,NO_MATCH,No candidate found in any source
BC-000681,Haldiram's Chivda Nashik Flattened Rice 200 g,8900000000681,,IMAGE_REQUIRED,,0,MISSING,NO_MATCH,No candidate found in any source
BC-000682,Haldiram's Popcorn Butter Salted Instant 130 g,8900000000682,,IMAGE_REQUIRED,,0,MISSING,NO_MATCH,No candidate found in any source
BC-000683,Haldiram's Bhakarwadi Maharashtra Special 400 g,8900000000683,,IMAGE_REQUIRED,,0,MISSING,NO_MATCH,No candidate found in any source
BC-000684,Kurkure Aloo Bhujia Namkeen 150 g,8900000000684,,IMAGE_REQUIRED,,0,MISSING,NO_MATCH,No candidate found in any source
BC-000685,Society Premium Leaf Tea Granules 250 g,8900000000685,,IMAGE_REQUIRED,,0,MISSING,NO_MATCH,No candidate found in any source
BC-000686,Taj Mahal Gold Strong Chai Tea 1 kg,8900000000686,,IMAGE_REQUIRED,,0,MISSING,NO_MATCH,No candidate found in any source
BC-000687,Society Elaichi Flavoured Spice Tea 250 g,8900000000687,,IMAGE_REQUIRED,,0,MISSING,NO_MATCH,No candidate found in any source
BC-000688,Horlicks Classic Instant Coffee Powder 200 g,8900000000688,,IMAGE_REQUIRED,,0,MISSING,NO_MATCH,No candidate found in any source
BC-000689,Nescafe Gold Roasted Filter Coffee 200 g,8900000000689,,IMAGE_REQUIRED,,0,MISSING,NO_MATCH,No candidate found in any source
BC-000690,Bournvita 3-in-1 Instant Coffee Premix 10 Sachets Pack,8900000000690,,IMAGE_REQUIRED,,0,MISSING,NO_MATCH,No candidate found in any source
BC-000691,Red Label Chocolate Health Malt Drink 1 kg Refill,8900000000691,,IMAGE_REQUIRED,,0,MISSING,NO_MATCH,No candidate found in any source
BC-000692,Tata Tea Classic Malt Nutrition Drink 1 kg Refill,8900000000692,,IMAGE_REQUIRED,,0,MISSING,NO_MATCH,No candidate found in any source
BC-000693,Bru Green Tea Lemon & Honey 100 Tea Bags Box,8900000000693,,IMAGE_REQUIRED,,0,MISSING,NO_MATCH,No candidate found in any source
BC-000694,Nescafe Premium Leaf Tea Granules 1 kg,8900000000694,,IMAGE_REQUIRED,,0,MISSING,NO_MATCH,No candidate found in any source
BC-000695,Bru Gold Strong Chai Tea 500 g,8900000000695,,IMAGE_REQUIRED,,0,MISSING,NO_MATCH,No candidate found in any source
BC-000696,Bru Elaichi Flavoured Spice Tea 250 g,8900000000696,,IMAGE_REQUIRED,,0,MISSING,NO_MATCH,No candidate found in any source
BC-000697,Bournvita Classic Instant Coffee Powder 200 g,8900000000697,,IMAGE_REQUIRED,,0,MISSING,NO_MATCH,No candidate found in any source
BC-000698,Tata Tea Gold Roasted Filter Coffee 500 g,8900000000698,,IMAGE_REQUIRED,,0,MISSING,NO_MATCH,No candidate found in any source
BC-000699,Red Label 3-in-1 Instant Coffee Premix 25 Sachets Pack,8900000000699,,IMAGE_REQUIRED,,0,MISSING,NO_MATCH,No candidate found in any source
BC-000700,Taj Mahal Chocolate Health Malt Drink 500 g Jar,8900000000700,,IMAGE_REQUIRED,,0,MISSING,NO_MATCH,No candidate found in any source
BC-000701,Bournvita Classic Malt Nutrition Drink 1 kg Refill,8900000000701,,IMAGE_REQUIRED,,0,MISSING,NO_MATCH,No candidate found in any source
BC-000702,Horlicks Premium Leaf Tea Granules 250 g,8900000000702,,IMAGE_REQUIRED,,0,MISSING,NO_MATCH,No candidate found in any source
BC-000703,Tata Tea Elaichi Flavoured Spice Tea 500 g,8900000000703,,IMAGE_REQUIRED,,0,MISSING,NO_MATCH,No candidate found in any source
BC-000704,Tata Tea Classic Instant Coffee Powder 100 g,8900000000704,,IMAGE_REQUIRED,,0,MISSING,NO_MATCH,No candidate found in any source
BC-000705,Taj Mahal Gold Roasted Filter Coffee 100 g,8900000000705,,IMAGE_REQUIRED,,0,MISSING,NO_MATCH,No candidate found in any source
BC-000706,Taj Mahal 3-in-1 Instant Coffee Premix 10 Sachets Pack,8900000000706,,IMAGE_REQUIRED,,0,MISSING,NO_MATCH,No candidate found in any source
BC-000707,Horlicks Chocolate Health Malt Drink 1 kg Refill,8900000000707,,IMAGE_REQUIRED,,0,MISSING,NO_MATCH,No candidate found in any source
BC-000708,Taj Mahal Classic Malt Nutrition Drink 1 kg Refill,8900000000708,,IMAGE_REQUIRED,,0,MISSING,NO_MATCH,No candidate found in any source
BC-000709,Horlicks Green Tea Lemon & Honey 100 Tea Bags Box,8900000000709,,IMAGE_REQUIRED,,0,MISSING,NO_MATCH,No candidate found in any source
BC-000710,Red Label Premium Leaf Tea Granules 250 g,8900000000710,,IMAGE_REQUIRED,,0,MISSING,NO_MATCH,No candidate found in any source
BC-000711,Society Gold Strong Chai Tea 250 g,8900000000711,,IMAGE_REQUIRED,,0,MISSING,NO_MATCH,No candidate found in any source
BC-000712,Bru Elaichi Flavoured Spice Tea 500 g,8900000000712,,IMAGE_REQUIRED,,0,MISSING,NO_MATCH,No candidate found in any source
BC-000713,Bru Classic Instant Coffee Powder 200 g,8900000000713,,IMAGE_REQUIRED,,0,MISSING,NO_MATCH,No candidate found in any source
BC-000714,Red Label Gold Roasted Filter Coffee 500 g,8900000000714,,IMAGE_REQUIRED,,0,MISSING,NO_MATCH,No candidate found in any source
BC-000715,Bru 3-in-1 Instant Coffee Premix 10 Sachets Pack,8900000000715,,IMAGE_REQUIRED,,0,MISSING,NO_MATCH,No candidate found in any source
BC-000716,Bru Chocolate Health Malt Drink 1 kg Refill,8900000000716,,IMAGE_REQUIRED,,0,MISSING,NO_MATCH,No candidate found in any source
BC-000717,Red Label Classic Malt Nutrition Drink 1 kg Refill,8900000000717,,IMAGE_REQUIRED,,0,MISSING,NO_MATCH,No candidate found in any source
BC-000718,Red Label Green Tea Lemon & Honey 100 Tea Bags Box,8900000000718,,IMAGE_REQUIRED,,0,MISSING,NO_MATCH,No candidate found in any source
BC-000719,Bru Premium Leaf Tea Granules 1 kg,8900000000719,,IMAGE_REQUIRED,,0,MISSING,NO_MATCH,No candidate found in any source
BC-000720,Bournvita Elaichi Flavoured Spice Tea 500 g,8900000000720,,IMAGE_REQUIRED,,0,MISSING,NO_MATCH,No candidate found in any source
BC-000721,Taj Mahal Classic Instant Coffee Powder 50 g,8900000000721,,IMAGE_REQUIRED,,0,MISSING,NO_MATCH,No candidate found in any source
BC-000722,Society Gold Roasted Filter Coffee 100 g,8900000000722,,IMAGE_REQUIRED,,0,MISSING,NO_MATCH,No candidate found in any source
BC-000723,Bournvita 3-in-1 Instant Coffee Premix 25 Sachets Pack,8900000000723,,IMAGE_REQUIRED,,0,MISSING,NO_MATCH,No candidate found in any source
BC-000724,Bru Chocolate Health Malt Drink 500 g Jar,8900000000724,,IMAGE_REQUIRED,,0,MISSING,NO_MATCH,No candidate found in any source
BC-000725,Tata Tea Green Tea Lemon & Honey 25 Tea Bags Box,8900000000725,,IMAGE_REQUIRED,,0,MISSING,NO_MATCH,No candidate found in any source
BC-000726,Tata Tea Premium Leaf Tea Granules 1 kg,8900000000726,,IMAGE_REQUIRED,,0,MISSING,NO_MATCH,No candidate found in any source
BC-000727,Nescafe Gold Strong Chai Tea 250 g,8900000000727,,IMAGE_REQUIRED,,0,MISSING,NO_MATCH,No candidate found in any source
BC-000728,Red Label Elaichi Flavoured Spice Tea 250 g,8900000000728,,IMAGE_REQUIRED,,0,MISSING,NO_MATCH,No candidate found in any source
BC-000729,Red Label Classic Instant Coffee Powder 200 g,8900000000729,,IMAGE_REQUIRED,,0,MISSING,NO_MATCH,No candidate found in any source
BC-000730,Tata Tea Gold Roasted Filter Coffee 200 g,8900000000730,,IMAGE_REQUIRED,,0,MISSING,NO_MATCH,No candidate found in any source
BC-000731,Nescafe 3-in-1 Instant Coffee Premix 10 Sachets Pack,8900000000731,,IMAGE_REQUIRED,,0,MISSING,NO_MATCH,No candidate found in any source
BC-000732,Nescafe Classic Malt Nutrition Drink 500 g Jar,8900000000732,,IMAGE_REQUIRED,,0,MISSING,NO_MATCH,No candidate found in any source
BC-000733,Horlicks Green Tea Lemon & Honey 25 Tea Bags Box,8900000000733,,IMAGE_REQUIRED,,0,MISSING,NO_MATCH,No candidate found in any source
BC-000734,Taj Mahal Premium Leaf Tea Granules 500 g,8900000000734,,IMAGE_REQUIRED,,0,MISSING,NO_MATCH,No candidate found in any source
BC-000735,Bournvita Classic Instant Coffee Powder 50 g,8900000000735,,IMAGE_REQUIRED,,0,MISSING,NO_MATCH,No candidate found in any source
BC-000736,Nescafe Gold Roasted Filter Coffee 100 g,8900000000736,,IMAGE_REQUIRED,,0,MISSING,NO_MATCH,No candidate found in any source
BC-000737,Taj Mahal 3-in-1 Instant Coffee Premix 25 Sachets Pack,8900000000737,,IMAGE_REQUIRED,,0,MISSING,NO_MATCH,No candidate found in any source
BC-000738,Red Label Chocolate Health Malt Drink 500 g Jar,8900000000738,,IMAGE_REQUIRED,,0,MISSING,NO_MATCH,No candidate found in any source
BC-000739,Bru Premium Leaf Tea Granules 100 g,8900000000739,,IMAGE_REQUIRED,,0,MISSING,NO_MATCH,No candidate found in any source
BC-000740,Taj Mahal Elaichi Flavoured Spice Tea 500 g,8900000000740,,IMAGE_REQUIRED,,0,MISSING,NO_MATCH,No candidate found in any source
BC-000741,Bournvita Classic Instant Coffee Powder 100 g,8900000000741,,IMAGE_REQUIRED,,0,MISSING,NO_MATCH,No candidate found in any source
BC-000742,Bru Gold Roasted Filter Coffee 500 g,8900000000742,,IMAGE_REQUIRED,,0,MISSING,NO_MATCH,No candidate found in any source
BC-000743,Tata Tea 3-in-1 Instant Coffee Premix 10 Sachets Pack,8900000000743,,IMAGE_REQUIRED,,0,MISSING,NO_MATCH,No candidate found in any source
BC-000744,Taj Mahal Chocolate Health Malt Drink 1 kg Refill,8900000000744,,IMAGE_REQUIRED,,0,MISSING,NO_MATCH,No candidate found in any source
BC-000745,Society Classic Malt Nutrition Drink 500 g Jar,8900000000745,,IMAGE_REQUIRED,,0,MISSING,NO_MATCH,No candidate found in any source
BC-000746,Bournvita Premium Leaf Tea Granules 250 g,8900000000746,,IMAGE_REQUIRED,,0,MISSING,NO_MATCH,No candidate found in any source
BC-000747,Taj Mahal Elaichi Flavoured Spice Tea 250 g,8900000000747,,IMAGE_REQUIRED,,0,MISSING,NO_MATCH,No candidate found in any source
BC-000748,Horlicks 3-in-1 Instant Coffee Premix 10 Sachets Pack,8900000000748,,IMAGE_REQUIRED,,0,MISSING,NO_MATCH,No candidate found in any source
BC-000749,Taj Mahal Classic Malt Nutrition Drink 500 g Jar,8900000000749,,IMAGE_REQUIRED,,0,MISSING,NO_MATCH,No candidate found in any source
BC-000750,Taj Mahal Green Tea Lemon & Honey 25 Tea Bags Box,8900000000750,,IMAGE_REQUIRED,,0,MISSING,NO_MATCH,No candidate found in any source
BC-000751,Red Label Premium Leaf Tea Granules 500 g,8900000000751,,IMAGE_REQUIRED,,0,MISSING,NO_MATCH,No candidate found in any source
BC-000752,Taj Mahal Gold Strong Chai Tea 250 g,8900000000752,,IMAGE_REQUIRED,,0,MISSING,NO_MATCH,No candidate found in any source
BC-000753,Nescafe Elaichi Flavoured Spice Tea 500 g,8900000000753,,IMAGE_REQUIRED,,0,MISSING,NO_MATCH,No candidate found in any source
BC-000754,Taj Mahal Gold Roasted Filter Coffee 500 g,8900000000754,,IMAGE_REQUIRED,,0,MISSING,NO_MATCH,No candidate found in any source
BC-000755,Horlicks Chocolate Health Malt Drink 500 g Jar,8900000000755,,IMAGE_REQUIRED,,0,MISSING,NO_MATCH,No candidate found in any source
BC-000756,Horlicks Premium Leaf Tea Granules 500 g,8900000000756,,IMAGE_REQUIRED,,0,MISSING,NO_MATCH,No candidate found in any source
BC-000757,Tata Tea Gold Strong Chai Tea 500 g,8900000000757,,IMAGE_REQUIRED,,0,MISSING,NO_MATCH,No candidate found in any source
BC-000758,Horlicks Elaichi Flavoured Spice Tea 250 g,8900000000758,,IMAGE_REQUIRED,,0,MISSING,NO_MATCH,No candidate found in any source
BC-000759,Horlicks Classic Instant Coffee Powder 100 g,8900000000759,,IMAGE_REQUIRED,,0,MISSING,NO_MATCH,No candidate found in any source
BC-000760,Bournvita Gold Roasted Filter Coffee 200 g,8900000000760,,IMAGE_REQUIRED,,0,MISSING,NO_MATCH,No candidate found in any source
BC-000761,Society Classic Malt Nutrition Drink 1 kg Refill,8900000000761,,IMAGE_REQUIRED,,0,MISSING,NO_MATCH,No candidate found in any source
BC-000762,Bru Premium Leaf Tea Granules 250 g,8900000000762,,IMAGE_REQUIRED,,0,MISSING,NO_MATCH,No candidate found in any source
BC-000763,Red Label Classic Instant Coffee Powder 100 g,8900000000763,,IMAGE_REQUIRED,,0,MISSING,NO_MATCH,No candidate found in any source
BC-000764,Society Chocolate Health Malt Drink 1 kg Refill,8900000000764,,IMAGE_REQUIRED,,0,MISSING,NO_MATCH,No candidate found in any source
BC-000765,Society Premium Leaf Tea Granules 1 kg,8900000000765,,IMAGE_REQUIRED,,0,MISSING,NO_MATCH,No candidate found in any source
BC-000766,Horlicks Gold Strong Chai Tea 250 g,8900000000766,,IMAGE_REQUIRED,,0,MISSING,NO_MATCH,No candidate found in any source
BC-000767,Bru Classic Instant Coffee Powder 50 g,8900000000767,,IMAGE_REQUIRED,,0,MISSING,NO_MATCH,No candidate found in any source
BC-000768,Society 3-in-1 Instant Coffee Premix 10 Sachets Pack,8900000000768,,IMAGE_REQUIRED,,0,MISSING,NO_MATCH,No candidate found in any source
BC-000769,Society Chocolate Health Malt Drink 500 g Jar,8900000000769,,IMAGE_REQUIRED,,0,MISSING,NO_MATCH,No candidate found in any source
BC-000770,Horlicks Classic Malt Nutrition Drink 1 kg Refill,8900000000770,,IMAGE_REQUIRED,,0,MISSING,NO_MATCH,No candidate found in any source
BC-000771,Red Label Premium Leaf Tea Granules 100 g,8900000000771,,IMAGE_REQUIRED,,0,MISSING,NO_MATCH,No candidate found in any source
BC-000772,Horlicks Gold Strong Chai Tea 1 kg,8900000000772,,IMAGE_REQUIRED,,0,MISSING,NO_MATCH,No candidate found in any source
BC-000773,Society Classic Instant Coffee Powder 100 g,8900000000773,,IMAGE_REQUIRED,,0,MISSING,NO_MATCH,No candidate found in any source
BC-000774,Nescafe Gold Roasted Filter Coffee 500 g,8900000000774,,IMAGE_REQUIRED,,0,MISSING,NO_MATCH,No candidate found in any source
BC-000775,Nescafe 3-in-1 Instant Coffee Premix 25 Sachets Pack,8900000000775,,IMAGE_REQUIRED,,0,MISSING,NO_MATCH,No candidate found in any source
BC-000776,Tata Tea Chocolate Health Malt Drink 500 g Jar,8900000000776,,IMAGE_REQUIRED,,0,MISSING,NO_MATCH,No candidate found in any source
BC-000777,Society Premium Leaf Tea Granules 100 g,8900000000777,,IMAGE_REQUIRED,,0,MISSING,NO_MATCH,No candidate found in any source
BC-000778,Tata Tea Gold Strong Chai Tea 1 kg,8900000000778,,IMAGE_REQUIRED,,0,MISSING,NO_MATCH,No candidate found in any source
BC-000779,Society Elaichi Flavoured Spice Tea 500 g,8900000000779,,IMAGE_REQUIRED,,0,MISSING,NO_MATCH,No candidate found in any source
BC-000780,Bru Classic Instant Coffee Powder 100 g,8900000000780,,IMAGE_REQUIRED,,0,MISSING,NO_MATCH,No candidate found in any source
BC-000781,Bournvita Chocolate Health Malt Drink 1 kg Refill,8900000000781,,IMAGE_REQUIRED,,0,MISSING,NO_MATCH,No candidate found in any source
BC-000782,Tata Tea Green Tea Lemon & Honey 100 Tea Bags Box,8900000000782,,IMAGE_REQUIRED,,0,MISSING,NO_MATCH,No candidate found in any source
BC-000783,Tata Tea Classic Instant Coffee Powder 50 g,8900000000783,,IMAGE_REQUIRED,,0,MISSING,NO_MATCH,No candidate found in any source
BC-000784,Bru Gold Roasted Filter Coffee 200 g,8900000000784,,IMAGE_REQUIRED,,0,MISSING,NO_MATCH,No candidate found in any source
BC-000785,Red Label Classic Malt Nutrition Drink 500 g Jar,8900000000785,,IMAGE_REQUIRED,,0,MISSING,NO_MATCH,No candidate found in any source
BC-000786,Red Label Premium Leaf Tea Granules 1 kg,8900000000786,,IMAGE_REQUIRED,,0,MISSING,NO_MATCH,No candidate found in any source
BC-000787,Nescafe Gold Strong Chai Tea 500 g,8900000000787,,IMAGE_REQUIRED,,0,MISSING,NO_MATCH,No candidate found in any source
BC-000788,Horlicks Elaichi Flavoured Spice Tea 500 g,8900000000788,,IMAGE_REQUIRED,,0,MISSING,NO_MATCH,No candidate found in any source
BC-000789,Nescafe Green Tea Lemon & Honey 100 Tea Bags Box,8900000000789,,IMAGE_REQUIRED,,0,MISSING,NO_MATCH,No candidate found in any source
BC-000790,Horlicks Premium Leaf Tea Granules 100 g,8900000000790,,IMAGE_REQUIRED,,0,MISSING,NO_MATCH,No candidate found in any source
BC-000791,Society Gold Strong Chai Tea 1 kg,8900000000791,,IMAGE_REQUIRED,,0,MISSING,NO_MATCH,No candidate found in any source
BC-000792,Tata Tea Elaichi Flavoured Spice Tea 250 g,8900000000792,,IMAGE_REQUIRED,,0,MISSING,NO_MATCH,No candidate found in any source
BC-000793,Society Classic Instant Coffee Powder 200 g,8900000000793,,IMAGE_REQUIRED,,0,MISSING,NO_MATCH,No candidate found in any source
BC-000794,Horlicks Gold Roasted Filter Coffee 200 g,8900000000794,,IMAGE_REQUIRED,,0,MISSING,NO_MATCH,No candidate found in any source
BC-000795,Horlicks 3-in-1 Instant Coffee Premix 25 Sachets Pack,8900000000795,,IMAGE_REQUIRED,,0,MISSING,NO_MATCH,No candidate found in any source
BC-000796,Nescafe Chocolate Health Malt Drink 500 g Jar,8900000000796,,IMAGE_REQUIRED,,0,MISSING,NO_MATCH,No candidate found in any source
BC-000797,Bournvita Classic Malt Nutrition Drink 500 g Jar,8900000000797,,IMAGE_REQUIRED,,0,MISSING,NO_MATCH,No candidate found in any source
BC-000798,Horlicks Gold Strong Chai Tea 500 g,8900000000798,,IMAGE_REQUIRED,,0,MISSING,NO_MATCH,No candidate found in any source
BC-000799,Bru Gold Roasted Filter Coffee 100 g,8900000000799,,IMAGE_REQUIRED,,0,MISSING,NO_MATCH,No candidate found in any source
BC-000800,Tata Tea 3-in-1 Instant Coffee Premix 25 Sachets Pack,8900000000800,,IMAGE_REQUIRED,,0,MISSING,NO_MATCH,No candidate found in any source
BC-000801,Tata Tea Chocolate Health Malt Drink 1 kg Refill,8900000000801,,IMAGE_REQUIRED,,0,MISSING,NO_MATCH,No candidate found in any source
BC-000802,Bournvita Green Tea Lemon & Honey 25 Tea Bags Box,8900000000802,,IMAGE_REQUIRED,,0,MISSING,NO_MATCH,No candidate found in any source
BC-000803,Tata Tea Premium Leaf Tea Granules 100 g,8900000000803,,IMAGE_REQUIRED,,0,MISSING,NO_MATCH,No candidate found in any source
BC-000804,Bru Gold Strong Chai Tea 250 g,8900000000804,,IMAGE_REQUIRED,,0,MISSING,NO_MATCH,No candidate found in any source
BC-000805,Nescafe Chocolate Health Malt Drink 1 kg Refill,8900000000805,,IMAGE_REQUIRED,,0,MISSING,NO_MATCH,No candidate found in any source
BC-000806,Bru Green Tea Lemon & Honey 25 Tea Bags Box,8900000000806,,IMAGE_REQUIRED,,0,MISSING,NO_MATCH,No candidate found in any source
BC-000807,Bru Premium Leaf Tea Granules 500 g,8900000000807,,IMAGE_REQUIRED,,0,MISSING,NO_MATCH,No candidate found in any source
BC-000808,Bournvita Gold Strong Chai Tea 250 g,8900000000808,,IMAGE_REQUIRED,,0,MISSING,NO_MATCH,No candidate found in any source
BC-000809,Red Label Gold Roasted Filter Coffee 200 g,8900000000809,,IMAGE_REQUIRED,,0,MISSING,NO_MATCH,No candidate found in any source
BC-000810,Nescafe Premium Leaf Tea Granules 100 g,8900000000810,,IMAGE_REQUIRED,,0,MISSING,NO_MATCH,No candidate found in any source
BC-000811,Society Gold Strong Chai Tea 500 g,8900000000811,,IMAGE_REQUIRED,,0,MISSING,NO_MATCH,No candidate found in any source
BC-000812,Bournvita Premium Leaf Tea Granules 100 g,8900000000812,,IMAGE_REQUIRED,,0,MISSING,NO_MATCH,No candidate found in any source
BC-000813,Red Label Green Tea Lemon & Honey 25 Tea Bags Box,8900000000813,,IMAGE_REQUIRED,,0,MISSING,NO_MATCH,No candidate found in any source
BC-000814,Tata Tea Gold Strong Chai Tea 250 g,8900000000814,,IMAGE_REQUIRED,,0,MISSING,NO_MATCH,No candidate found in any source
BC-000815,Bournvita Gold Roasted Filter Coffee 100 g,8900000000815,,IMAGE_REQUIRED,,0,MISSING,NO_MATCH,No candidate found in any source
BC-000816,Taj Mahal Classic Instant Coffee Powder 100 g,8900000000816,,IMAGE_REQUIRED,,0,MISSING,NO_MATCH,No candidate found in any source
BC-000817,Taj Mahal Gold Roasted Filter Coffee 200 g,8900000000817,,IMAGE_REQUIRED,,0,MISSING,NO_MATCH,No candidate found in any source
BC-000818,Society Green Tea Lemon & Honey 100 Tea Bags Box,8900000000818,,IMAGE_REQUIRED,,0,MISSING,NO_MATCH,No candidate found in any source
BC-000819,Society 3-in-1 Instant Coffee Premix 25 Sachets Pack,8900000000819,,IMAGE_REQUIRED,,0,MISSING,NO_MATCH,No candidate found in any source
BC-000820,Horlicks Classic Malt Nutrition Drink 500 g Jar,8900000000820,,IMAGE_REQUIRED,,0,MISSING,NO_MATCH,No candidate found in any source
BC-000821,Taj Mahal Gold Strong Chai Tea 500 g,8900000000821,,IMAGE_REQUIRED,,0,MISSING,NO_MATCH,No candidate found in any source
BC-000822,Bournvita Elaichi Flavoured Spice Tea 250 g,8900000000822,,IMAGE_REQUIRED,,0,MISSING,NO_MATCH,No candidate found in any source
BC-000823,Taj Mahal Green Tea Lemon & Honey 100 Tea Bags Box,8900000000823,,IMAGE_REQUIRED,,0,MISSING,NO_MATCH,No candidate found in any source
BC-000824,Bru Classic Malt Nutrition Drink 1 kg Refill,8900000000824,,IMAGE_REQUIRED,,0,MISSING,NO_MATCH,No candidate found in any source
BC-000825,Nescafe Premium Leaf Tea Granules 250 g,8900000000825,,IMAGE_REQUIRED,,0,MISSING,NO_MATCH,No candidate found in any source
BC-000826,Red Label Gold Strong Chai Tea 250 g,8900000000826,,IMAGE_REQUIRED,,0,MISSING,NO_MATCH,No candidate found in any source
BC-000827,Horlicks Gold Roasted Filter Coffee 500 g,8900000000827,,IMAGE_REQUIRED,,0,MISSING,NO_MATCH,No candidate found in any source
BC-000828,Red Label 3-in-1 Instant Coffee Premix 10 Sachets Pack,8900000000828,,IMAGE_REQUIRED,,0,MISSING,NO_MATCH,No candidate found in any source
BC-000829,Nescafe Classic Malt Nutrition Drink 1 kg Refill,8900000000829,,IMAGE_REQUIRED,,0,MISSING,NO_MATCH,No candidate found in any source
BC-000830,Taj Mahal Premium Leaf Tea Granules 100 g,8900000000830,,IMAGE_REQUIRED,,0,MISSING,NO_MATCH,No candidate found in any source
BC-000831,Nescafe Classic Instant Coffee Powder 50 g,8900000000831,,IMAGE_REQUIRED,,0,MISSING,NO_MATCH,No candidate found in any source
BC-000832,Tata Tea Classic Instant Coffee Powder 200 g,8900000000832,,IMAGE_REQUIRED,,0,MISSING,NO_MATCH,No candidate found in any source
BC-000833,Red Label Elaichi Flavoured Spice Tea 500 g,8900000000833,,IMAGE_REQUIRED,,0,MISSING,NO_MATCH,No candidate found in any source
BC-000834,Tata Tea Classic Malt Nutrition Drink 500 g Jar,8900000000834,,IMAGE_REQUIRED,,0,MISSING,NO_MATCH,No candidate found in any source
BC-000835,Bournvita Premium Leaf Tea Granules 1 kg,8900000000835,,IMAGE_REQUIRED,,0,MISSING,NO_MATCH,No candidate found in any source
BC-000836,Nescafe Premium Leaf Tea Granules 500 g,8900000000836,,IMAGE_REQUIRED,,0,MISSING,NO_MATCH,No candidate found in any source
BC-000837,Society Classic Instant Coffee Powder 50 g,8900000000837,,IMAGE_REQUIRED,,0,MISSING,NO_MATCH,No candidate found in any source
BC-000838,Tata Tea Premium Leaf Tea Granules 250 g,8900000000838,,IMAGE_REQUIRED,,0,MISSING,NO_MATCH,No candidate found in any source
BC-000839,Bru Classic Malt Nutrition Drink 500 g Jar,8900000000839,,IMAGE_REQUIRED,,0,MISSING,NO_MATCH,No candidate found in any source
BC-000840,Bournvita Green Tea Lemon & Honey 100 Tea Bags Box,8900000000840,,IMAGE_REQUIRED,,0,MISSING,NO_MATCH,No candidate found in any source
BC-000841,Red Label Gold Strong Chai Tea 1 kg,8900000000841,,IMAGE_REQUIRED,,0,MISSING,NO_MATCH,No candidate found in any source
BC-000842,Nescafe Classic Instant Coffee Powder 200 g,8900000000842,,IMAGE_REQUIRED,,0,MISSING,NO_MATCH,No candidate found in any source
BC-000843,Society Gold Roasted Filter Coffee 200 g,8900000000843,,IMAGE_REQUIRED,,0,MISSING,NO_MATCH,No candidate found in any source
BC-000844,Bournvita Chocolate Health Malt Drink 500 g Jar,8900000000844,,IMAGE_REQUIRED,,0,MISSING,NO_MATCH,No candidate found in any source
BC-000845,Society Gold Roasted Filter Coffee 500 g,8900000000845,,IMAGE_REQUIRED,,0,MISSING,NO_MATCH,No candidate found in any source
BC-000846,Bournvita Gold Strong Chai Tea 1 kg,8900000000846,,IMAGE_REQUIRED,,0,MISSING,NO_MATCH,No candidate found in any source
BC-000847,Nescafe Classic Instant Coffee Powder 100 g,8900000000847,,IMAGE_REQUIRED,,0,MISSING,NO_MATCH,No candidate found in any source
BC-000848,Bournvita Gold Strong Chai Tea 500 g,8900000000848,,IMAGE_REQUIRED,,0,MISSING,NO_MATCH,No candidate found in any source
BC-000849,Taj Mahal Classic Instant Coffee Powder 200 g,8900000000849,,IMAGE_REQUIRED,,0,MISSING,NO_MATCH,No candidate found in any source
BC-000850,Bru Gold Strong Chai Tea 1 kg,8900000000850,,IMAGE_REQUIRED,,0,MISSING,NO_MATCH,No candidate found in any source
BC-000851,Society Green Tea Lemon & Honey 25 Tea Bags Box,8900000000851,,IMAGE_REQUIRED,,0,MISSING,NO_MATCH,No candidate found in any source
BC-000852,Taj Mahal Premium Leaf Tea Granules 250 g,8900000000852,,IMAGE_REQUIRED,,0,MISSING,NO_MATCH,No candidate found in any source
BC-000853,Nescafe Gold Strong Chai Tea 1 kg,8900000000853,,IMAGE_REQUIRED,,0,MISSING,NO_MATCH,No candidate found in any source
BC-000854,Red Label Gold Roasted Filter Coffee 100 g,8900000000854,,IMAGE_REQUIRED,,0,MISSING,NO_MATCH,No candidate found in any source
BC-000855,Nescafe Green Tea Lemon & Honey 25 Tea Bags Box,8900000000855,,IMAGE_REQUIRED,,0,MISSING,NO_MATCH,No candidate found in any source
BC-000856,Horlicks Classic Instant Coffee Powder 50 g,8900000000856,,IMAGE_REQUIRED,,0,MISSING,NO_MATCH,No candidate found in any source
BC-000857,Tata Tea Premium Leaf Tea Granules 500 g,8900000000857,,IMAGE_REQUIRED,,0,MISSING,NO_MATCH,No candidate found in any source
BC-000858,Red Label Gold Strong Chai Tea 500 g,8900000000858,,IMAGE_REQUIRED,,0,MISSING,NO_MATCH,No candidate found in any source
BC-000859,Horlicks Gold Roasted Filter Coffee 100 g,8900000000859,,IMAGE_REQUIRED,,0,MISSING,NO_MATCH,No candidate found in any source
BC-000860,Bru 3-in-1 Instant Coffee Premix 25 Sachets Pack,8900000000860,,IMAGE_REQUIRED,,0,MISSING,NO_MATCH,No candidate found in any source
BC-000861,Maaza Mango Fruit Drink 2 L,8900000000905,,IMAGE_REQUIRED,,0,MISSING,NO_MATCH,No candidate found in any source
BC-000862,Real Active 100% Orange Juice 1 L Pack,8900000000881,,IMAGE_REQUIRED,,0,MISSING,NO_MATCH,No candidate found in any source
BC-000863,Real Mixed Fruit Juice 1 L Pack,8900000000863,,IMAGE_REQUIRED,,0,MISSING,NO_MATCH,No candidate found in any source
BC-000864,Pepsi Nimbu Pani Lemonade Fresh 200 ml Bottle,8900000000864,,IMAGE_REQUIRED,,0,MISSING,NO_MATCH,No candidate found in any source
BC-000865,Coca-Cola Original Fizz 2.25 L,8900000000865,,IMAGE_REQUIRED,,0,MISSING,NO_MATCH,No candidate found in any source
BC-000866,Maaza Mango Fruit Drink 1.2 L,8900000000866,,IMAGE_REQUIRED,,0,MISSING,NO_MATCH,No candidate found in any source
BC-000867,Real Mixed Fruit Juice 200 ml Tetra,8900000000877,,IMAGE_REQUIRED,,0,MISSING,NO_MATCH,No candidate found in any source
BC-000868,Real Nimbu Pani Lemonade Fresh 200 ml Bottle,8900000000869,,IMAGE_REQUIRED,,0,MISSING,NO_MATCH,No candidate found in any source
BC-000869,Thums Up Charged Cola 1.25 L,8900000001923,,IMAGE_REQUIRED,,0,MISSING,NO_MATCH,No candidate found in any source
BC-000870,Coca-Cola Sprite Clear Lime Soft Drink 600 ml Bottle,8900000000871,,IMAGE_REQUIRED,,0,MISSING,NO_MATCH,No candidate found in any source
BC-000871,Coca-Cola Original Fizz 600 ml Bottle,8900000000872,,IMAGE_REQUIRED,,0,MISSING,NO_MATCH,No candidate found in any source
BC-000872,Coca-Cola Packaged Mineral Water Jar 500 ml,8900000000873,,IMAGE_REQUIRED,,0,MISSING,NO_MATCH,No candidate found in any source
BC-000873,Pepsi Nimbu Pani Lemonade Fresh 600 ml Bottle,8900000000874,,IMAGE_REQUIRED,,0,MISSING,NO_MATCH,No candidate found in any source
BC-000874,Bisleri Sprite Clear Lime Soft Drink 250 ml Can,8900000000875,,IMAGE_REQUIRED,,0,MISSING,NO_MATCH,No candidate found in any source
BC-000875,Real Active 100% Orange Juice 200 ml Tetra,8900000000908,,IMAGE_REQUIRED,,0,MISSING,NO_MATCH,No candidate found in any source
BC-000876,Pepsi Club Soda Extra Fizz 750 ml Bottle,8900000000878,,IMAGE_REQUIRED,,0,MISSING,NO_MATCH,No candidate found in any source
BC-000877,Real Nimbu Pani Lemonade Fresh 600 ml Bottle,8900000000879,,IMAGE_REQUIRED,,0,MISSING,NO_MATCH,No candidate found in any source
BC-000878,Pepsi Coca-Cola Original Fizz 2.25 L,8900000000880,,IMAGE_REQUIRED,,0,MISSING,NO_MATCH,No candidate found in any source
BC-000879,Pepsi Club Soda Extra Fizz 600 ml Bottle,8900000000882,,IMAGE_REQUIRED,,0,MISSING,NO_MATCH,No candidate found in any source
BC-000880,Bisleri Nimbu Pani Lemonade Fresh 600 ml Bottle,8900000000883,,IMAGE_REQUIRED,,0,MISSING,NO_MATCH,No candidate found in any source
BC-000881,Pepsi Sprite Clear Lime Soft Drink 2.25 L,8900000000884,,IMAGE_REQUIRED,,0,MISSING,NO_MATCH,No candidate found in any source
BC-000882,Real Packaged Mineral Water Jar 500 ml,8900000000886,,IMAGE_REQUIRED,,0,MISSING,NO_MATCH,No candidate found in any source
BC-000883,Coca-Cola Club Soda Extra Fizz 750 ml Bottle,8900000000887,,IMAGE_REQUIRED,,0,MISSING,NO_MATCH,No candidate found in any source
BC-000884,Thums Up Charged Cola 600 ml Bottle,8900000001941,,IMAGE_REQUIRED,,0,MISSING,NO_MATCH,No candidate found in any source
BC-000885,Pepsi Packaged Mineral Water Jar 20 L Jar,8900000000890,,IMAGE_REQUIRED,,0,MISSING,NO_MATCH,No candidate found in any source
BC-000886,Coca-Cola Packaged Mineral Water Jar 20 L Jar,8900000000891,,IMAGE_REQUIRED,,0,MISSING,NO_MATCH,No candidate found in any source
BC-000887,Bisleri Thums Up Charged Cola 2.25 L,8900000000892,,IMAGE_REQUIRED,,0,MISSING,NO_MATCH,No candidate found in any source
BC-000888,Real Packaged Mineral Water Jar 2 L Bottle,8900000000893,,IMAGE_REQUIRED,,0,MISSING,NO_MATCH,No candidate found in any source
BC-000889,Coca-Cola Club Soda Extra Fizz 600 ml Bottle,8900000000894,,IMAGE_REQUIRED,,0,MISSING,NO_MATCH,No candidate found in any source
BC-000890,Real Thums Up Charged Cola 250 ml Can,8900000000895,,IMAGE_REQUIRED,,0,MISSING,NO_MATCH,No candidate found in any source
BC-000891,Pepsi Sprite Clear Lime Soft Drink 600 ml Bottle,8900000000896,,IMAGE_REQUIRED,,0,MISSING,NO_MATCH,No candidate found in any source
BC-000892,Coca-Cola Nimbu Pani Lemonade Fresh 200 ml Bottle,8900000000897,,IMAGE_REQUIRED,,0,MISSING,NO_MATCH,No candidate found in any source
BC-000893,Coca-Cola Nimbu Pani Lemonade Fresh 600 ml Bottle,8900000000898,,IMAGE_REQUIRED,,0,MISSING,NO_MATCH,No candidate found in any source
BC-000894,Pepsi Coca-Cola Original Fizz 1.25 L,8900000000899,,IMAGE_REQUIRED,,0,MISSING,NO_MATCH,No candidate found in any source
BC-000895,Bisleri Thums Up Charged Cola 1.25 L,8900000000901,,IMAGE_REQUIRED,,0,MISSING,NO_MATCH,No candidate found in any source
BC-000896,Coca-Cola Thums Up Charged Cola 600 ml Bottle,8900000000902,,IMAGE_REQUIRED,,0,MISSING,NO_MATCH,No candidate found in any source
BC-000897,Maaza Mango Fruit Drink 600 ml Bottle,8900000000912,,IMAGE_REQUIRED,,0,MISSING,NO_MATCH,No candidate found in any source
BC-000898,Bisleri Nimbu Pani Lemonade Fresh 200 ml Bottle,8900000000904,,IMAGE_REQUIRED,,0,MISSING,NO_MATCH,No candidate found in any source
BC-000899,Coca-Cola Thums Up Charged Cola 250 ml Can,8900000000906,,IMAGE_REQUIRED,,0,MISSING,NO_MATCH,No candidate found in any source
BC-000900,Pepsi Coca-Cola Original Fizz 600 ml Bottle,8900000000907,,IMAGE_REQUIRED,,0,MISSING,NO_MATCH,No candidate found in any source
BC-000901,Maaza Mango Fruit Drink 200 ml Tetra,8900000001889,,IMAGE_REQUIRED,,0,MISSING,NO_MATCH,No candidate found in any source
BC-000902,Bisleri Sprite Clear Lime Soft Drink 1.25 L,8900000000914,,IMAGE_REQUIRED,,0,MISSING,NO_MATCH,No candidate found in any source
BC-000903,Coca-Cola Sprite Clear Lime Soft Drink 250 ml Can,8900000000915,,IMAGE_REQUIRED,,0,MISSING,NO_MATCH,No candidate found in any source
BC-000904,Real Thums Up Charged Cola 600 ml Bottle,8900000000916,,IMAGE_REQUIRED,,0,MISSING,NO_MATCH,No candidate found in any source
BC-000905,Pepsi Coca-Cola Original Fizz 250 ml Can,8900000000917,,IMAGE_REQUIRED,,0,MISSING,NO_MATCH,No candidate found in any source
BC-000906,Bisleri Packaged Mineral Water Jar 2 L Bottle,8900000000918,,IMAGE_REQUIRED,,0,MISSING,NO_MATCH,No candidate found in any source
BC-000907,Real Packaged Mineral Water Jar 20 L Jar,8900000000920,,IMAGE_REQUIRED,,0,MISSING,NO_MATCH,No candidate found in any source
BC-000908,Coca-Cola Sprite Clear Lime Soft Drink 2.25 L,8900000000921,,IMAGE_REQUIRED,,0,MISSING,NO_MATCH,No candidate found in any source
BC-000909,Real Sprite Clear Lime Soft Drink 1.25 L,8900000000922,,IMAGE_REQUIRED,,0,MISSING,NO_MATCH,No candidate found in any source
BC-000910,Coca-Cola Original Fizz 250 ml Can,8900000000923,,IMAGE_REQUIRED,,0,MISSING,NO_MATCH,No candidate found in any source
BC-000911,Bisleri Club Soda Extra Fizz 750 ml Bottle,8900000000924,,IMAGE_REQUIRED,,0,MISSING,NO_MATCH,No candidate found in any source
BC-000912,Real Club Soda Extra Fizz 600 ml Bottle,8900000000925,,IMAGE_REQUIRED,,0,MISSING,NO_MATCH,No candidate found in any source
BC-000913,Real Coca-Cola Original Fizz 250 ml Can,8900000000926,,IMAGE_REQUIRED,,0,MISSING,NO_MATCH,No candidate found in any source
BC-000914,Thums Up Charged Cola 2.25 L,8900000000927,,IMAGE_REQUIRED,,0,MISSING,NO_MATCH,No candidate found in any source
BC-000915,Real Sprite Clear Lime Soft Drink 2.25 L,8900000000928,,IMAGE_REQUIRED,,0,MISSING,NO_MATCH,No candidate found in any source
BC-000916,Real Coca-Cola Original Fizz 2.25 L,8900000000929,,IMAGE_REQUIRED,,0,MISSING,NO_MATCH,No candidate found in any source
BC-000917,Real Packaged Mineral Water Jar 1 L Bottle,8900000000930,,IMAGE_REQUIRED,,0,MISSING,NO_MATCH,No candidate found in any source
BC-000918,Bisleri Club Soda Extra Fizz 600 ml Bottle,8900000000931,,IMAGE_REQUIRED,,0,MISSING,NO_MATCH,No candidate found in any source
BC-000919,Coca-Cola Thums Up Charged Cola 1.25 L,8900000000932,,IMAGE_REQUIRED,,0,MISSING,NO_MATCH,No candidate found in any source
BC-000920,Coca-Cola Packaged Mineral Water Jar 2 L Bottle,8900000000933,,IMAGE_REQUIRED,,0,MISSING,NO_MATCH,No candidate found in any source
BC-000921,Thums Up Charged Cola 250 ml Can,8900000000934,,IMAGE_REQUIRED,,0,MISSING,NO_MATCH,No candidate found in any source
BC-000922,Bisleri Sprite Clear Lime Soft Drink 600 ml Bottle,8900000000935,,IMAGE_REQUIRED,,0,MISSING,NO_MATCH,No candidate found in any source
BC-000923,Real Thums Up Charged Cola 2.25 L,8900000000936,,IMAGE_REQUIRED,,0,MISSING,NO_MATCH,No candidate found in any source
BC-000924,Coca-Cola Packaged Mineral Water Jar 1 L Bottle,8900000000937,,IMAGE_REQUIRED,,0,MISSING,NO_MATCH,No candidate found in any source
BC-000925,Real Club Soda Extra Fizz 750 ml Bottle,8900000000938,,IMAGE_REQUIRED,,0,MISSING,NO_MATCH,No candidate found in any source
BC-000926,Bisleri Thums Up Charged Cola 600 ml Bottle,8900000000939,,IMAGE_REQUIRED,,0,MISSING,NO_MATCH,No candidate found in any source
BC-000927,Real Coca-Cola Original Fizz 1.25 L,8900000000940,,IMAGE_REQUIRED,,0,MISSING,NO_MATCH,No candidate found in any source
BC-000928,Coca-Cola Sprite Clear Lime Soft Drink 1.25 L,8900000000941,,IMAGE_REQUIRED,,0,MISSING,NO_MATCH,No candidate found in any source
BC-000929,Pantene Original Antiseptic Bath Soap 75 g,8900000000942,,IMAGE_REQUIRED,,0,MISSING,NO_MATCH,No candidate found in any source
BC-000930,Colgate Beauty Moisture Bath Bar 125 g,8900000000943,,IMAGE_REQUIRED,,0,MISSING,NO_MATCH,No candidate found in any source
BC-000931,Lux Neem & Turmeric Herbal Soap 3-Pack,8900000000944,,IMAGE_REQUIRED,,0,MISSING,NO_MATCH,No candidate found in any source
BC-000932,Sunsilk Thick Hair Fall Hair Shampoo 650 ml,8900000000945,,IMAGE_REQUIRED,,0,MISSING,NO_MATCH,No candidate found in any source
BC-000933,Dettol Anti-Dandruff Cool Menthol Shampoo 80 ml,8900000000946,,IMAGE_REQUIRED,,0,MISSING,NO_MATCH,No candidate found in any source
BC-000934,Colgate MaxFresh Spicy Red Toothpaste 300 g Saver Pack,8900000000947,,IMAGE_REQUIRED,,0,MISSING,NO_MATCH,No candidate found in any source
BC-000935,Nivea Ayurvedic Herbal Toothpaste 200 g,8900000000948,,IMAGE_REQUIRED,,0,MISSING,NO_MATCH,No candidate found in any source
BC-000936,Pantene Body Milk Deep Nourish Lotion 100 ml,8900000000949,,IMAGE_REQUIRED,,0,MISSING,NO_MATCH,No candidate found in any source
BC-000937,Lux Glow & Lovely Advanced Brightening Cream 80 g,8900000000950,,IMAGE_REQUIRED,,0,MISSING,NO_MATCH,No candidate found in any source
BC-000938,Lux Coconut Pure Hair Oil 500 ml Bottle,8900000000951,,IMAGE_REQUIRED,,0,MISSING,NO_MATCH,No candidate found in any source
BC-000939,Sunsilk Almond Drops Non-Sticky Hair Oil 200 ml,8900000000952,,IMAGE_REQUIRED,,0,MISSING,NO_MATCH,No candidate found in any source
BC-000940,Pantene Original Antiseptic Bath Soap 125 g,8900000000953,,IMAGE_REQUIRED,,0,MISSING,NO_MATCH,No candidate found in any source
BC-000941,Himalaya Beauty Moisture Bath Bar 125 g,8900000000954,,IMAGE_REQUIRED,,0,MISSING,NO_MATCH,No candidate found in any source
BC-000942,Nivea Neem & Turmeric Herbal Soap 125 g,8900000000955,,IMAGE_REQUIRED,,0,MISSING,NO_MATCH,No candidate found in any source
BC-000943,Lux Thick Hair Fall Hair Shampoo 650 ml,8900000000956,,IMAGE_REQUIRED,,0,MISSING,NO_MATCH,No candidate found in any source
BC-000944,Pantene Black Shine Gloss Shampoo 340 ml,8900000000957,,IMAGE_REQUIRED,,0,MISSING,NO_MATCH,No candidate found in any source
BC-000945,Dove MaxFresh Spicy Red Toothpaste 300 g Saver Pack,8900000000958,,IMAGE_REQUIRED,,0,MISSING,NO_MATCH,No candidate found in any source
BC-000946,Colgate Strong Teeth Calcium Toothpaste 200 g,8900000000959,,IMAGE_REQUIRED,,0,MISSING,NO_MATCH,No candidate found in any source
BC-000947,Lux Ayurvedic Herbal Toothpaste 100 g,8900000000960,,IMAGE_REQUIRED,,0,MISSING,NO_MATCH,No candidate found in any source
BC-000948,Dove Body Milk Deep Nourish Lotion 400 ml Pump,8900000000961,,IMAGE_REQUIRED,,0,MISSING,NO_MATCH,No candidate found in any source
BC-000949,Dove Glow & Lovely Advanced Brightening Cream 50 g,8900000000962,,IMAGE_REQUIRED,,0,MISSING,NO_MATCH,No candidate found in any source
BC-000950,Sunsilk Coconut Pure Hair Oil 500 ml Bottle,8900000000963,,IMAGE_REQUIRED,,0,MISSING,NO_MATCH,No candidate found in any source
BC-000951,Dove Almond Drops Non-Sticky Hair Oil 500 ml,8900000000964,,IMAGE_REQUIRED,,0,MISSING,NO_MATCH,No candidate found in any source
BC-000952,Nivea Original Antiseptic Bath Soap 125 g,8900000000965,,IMAGE_REQUIRED,,0,MISSING,NO_MATCH,No candidate found in any source
BC-000953,Himalaya Glycerine Pure & Gentle Soap 3-Pack,8900000000966,,IMAGE_REQUIRED,,0,MISSING,NO_MATCH,No candidate found in any source
BC-000954,Pantene Anti-Dandruff Cool Menthol Shampoo 80 ml,8900000000967,,IMAGE_REQUIRED,,0,MISSING,NO_MATCH,No candidate found in any source
BC-000955,Dettol Ayurvedic Herbal Toothpaste 100 g,8900000000968,,IMAGE_REQUIRED,,0,MISSING,NO_MATCH,No candidate found in any source
BC-000956,Himalaya Body Milk Deep Nourish Lotion 100 ml,8900000000969,,IMAGE_REQUIRED,,0,MISSING,NO_MATCH,No candidate found in any source
BC-000957,Sunsilk Glow & Lovely Advanced Brightening Cream 25 g,8900000000970,,IMAGE_REQUIRED,,0,MISSING,NO_MATCH,No candidate found in any source
BC-000958,Sunsilk Coconut Pure Hair Oil 100 ml,8900000000971,,IMAGE_REQUIRED,,0,MISSING,NO_MATCH,No candidate found in any source
BC-000959,Dettol Original Antiseptic Bath Soap 75 g,8900000000972,,IMAGE_REQUIRED,,0,MISSING,NO_MATCH,No candidate found in any source
BC-000960,Pantene Beauty Moisture Bath Bar 3-Pack,8900000000973,,IMAGE_REQUIRED,,0,MISSING,NO_MATCH,No candidate found in any source
BC-000961,Nivea Neem & Turmeric Herbal Soap 75 g,8900000000974,,IMAGE_REQUIRED,,0,MISSING,NO_MATCH,No candidate found in any source
BC-000962,Himalaya MaxFresh Spicy Red Toothpaste 150 g,8900000000975,,IMAGE_REQUIRED,,0,MISSING,NO_MATCH,No candidate found in any source
BC-000963,Dettol Strong Teeth Calcium Toothpaste 200 g,8900000000976,,IMAGE_REQUIRED,,0,MISSING,NO_MATCH,No candidate found in any source
BC-000964,Nivea Ayurvedic Herbal Toothpaste 100 g,8900000000977,,IMAGE_REQUIRED,,0,MISSING,NO_MATCH,No candidate found in any source
BC-000965,Pantene Body Milk Deep Nourish Lotion 200 ml,8900000000978,,IMAGE_REQUIRED,,0,MISSING,NO_MATCH,No candidate found in any source
BC-000966,Dove Coconut Pure Hair Oil 500 ml Bottle,8900000000979,,IMAGE_REQUIRED,,0,MISSING,NO_MATCH,No candidate found in any source
BC-000967,Sunsilk Original Antiseptic Bath Soap 125 g,8900000000980,,IMAGE_REQUIRED,,0,MISSING,NO_MATCH,No candidate found in any source
BC-000968,Nivea Beauty Moisture Bath Bar 75 g,8900000000981,,IMAGE_REQUIRED,,0,MISSING,NO_MATCH,No candidate found in any source
BC-000969,Colgate Neem & Turmeric Herbal Soap 3-Pack,8900000000982,,IMAGE_REQUIRED,,0,MISSING,NO_MATCH,No candidate found in any source
BC-000970,Sunsilk Thick Hair Fall Hair Shampoo 80 ml,8900000000983,,IMAGE_REQUIRED,,0,MISSING,NO_MATCH,No candidate found in any source
BC-000971,Himalaya Black Shine Gloss Shampoo 650 ml,8900000000984,,IMAGE_REQUIRED,,0,MISSING,NO_MATCH,No candidate found in any source
BC-000972,Himalaya MaxFresh Spicy Red Toothpaste 80 g,8900000000985,,IMAGE_REQUIRED,,0,MISSING,NO_MATCH,No candidate found in any source
BC-000973,Nivea Strong Teeth Calcium Toothpaste 200 g,8900000000986,,IMAGE_REQUIRED,,0,MISSING,NO_MATCH,No candidate found in any source
BC-000974,Lux Ayurvedic Herbal Toothpaste 200 g,8900000000987,,IMAGE_REQUIRED,,0,MISSING,NO_MATCH,No candidate found in any source
BC-000975,Dove Body Milk Deep Nourish Lotion 100 ml,8900000000988,,IMAGE_REQUIRED,,0,MISSING,NO_MATCH,No candidate found in any source
BC-000976,Lux Beauty Moisture Bath Bar 75 g,8900000000989,,IMAGE_REQUIRED,,0,MISSING,NO_MATCH,No candidate found in any source
BC-000977,Nivea Glycerine Pure & Gentle Soap 75 g,8900000000990,,IMAGE_REQUIRED,,0,MISSING,NO_MATCH,No candidate found in any source
BC-000978,Colgate Thick Hair Fall Hair Shampoo 180 ml,8900000000991,,IMAGE_REQUIRED,,0,MISSING,NO_MATCH,No candidate found in any source
BC-000979,Dettol Black Shine Gloss Shampoo 180 ml,8900000000992,,IMAGE_REQUIRED,,0,MISSING,NO_MATCH,No candidate found in any source
BC-000980,Dove Anti-Dandruff Cool Menthol Shampoo 80 ml,8900000000993,,IMAGE_REQUIRED,,0,MISSING,NO_MATCH,No candidate found in any source
BC-000981,Sunsilk Strong Teeth Calcium Toothpaste 200 g,8900000000994,,IMAGE_REQUIRED,,0,MISSING,NO_MATCH,No candidate found in any source
BC-000982,Pantene Almond Drops Non-Sticky Hair Oil 500 ml,8900000000995,,IMAGE_REQUIRED,,0,MISSING,NO_MATCH,No candidate found in any source
BC-000983,Colgate Original Antiseptic Bath Soap 125 g,8900000000996,,IMAGE_REQUIRED,,0,MISSING,NO_MATCH,No candidate found in any source
BC-000984,Colgate Beauty Moisture Bath Bar 3-Pack,8900000000997,,IMAGE_REQUIRED,,0,MISSING,NO_MATCH,No candidate found in any source
BC-000985,Lux Glycerine Pure & Gentle Soap 125 g,8900000000998,,IMAGE_REQUIRED,,0,MISSING,NO_MATCH,No candidate found in any source
BC-000986,Lux Thick Hair Fall Hair Shampoo 340 ml,8900000000999,,IMAGE_REQUIRED,,0,MISSING,NO_MATCH,No candidate found in any source
BC-000987,Sunsilk Black Shine Gloss Shampoo 650 ml,8900000001000,,IMAGE_REQUIRED,,0,MISSING,NO_MATCH,No candidate found in any source
BC-000988,Colgate Anti-Dandruff Cool Menthol Shampoo 80 ml,8900000001001,,IMAGE_REQUIRED,,0,MISSING,NO_MATCH,No candidate found in any source
BC-000989,Dove MaxFresh Spicy Red Toothpaste 80 g,8900000001002,,IMAGE_REQUIRED,,0,MISSING,NO_MATCH,No candidate found in any source
BC-000990,Dettol Strong Teeth Calcium Toothpaste 100 g,8900000001003,,IMAGE_REQUIRED,,0,MISSING,NO_MATCH,No candidate found in any source
BC-000991,Dettol Glow & Lovely Advanced Brightening Cream 25 g,8900000001004,,IMAGE_REQUIRED,,0,MISSING,NO_MATCH,No candidate found in any source
BC-000992,Pantene Almond Drops Non-Sticky Hair Oil 200 ml,8900000001005,,IMAGE_REQUIRED,,0,MISSING,NO_MATCH,No candidate found in any source
BC-000993,Himalaya Beauty Moisture Bath Bar 3-Pack,8900000001006,,IMAGE_REQUIRED,,0,MISSING,NO_MATCH,No candidate found in any source
BC-000994,Colgate Thick Hair Fall Hair Shampoo 80 ml,8900000001007,,IMAGE_REQUIRED,,0,MISSING,NO_MATCH,No candidate found in any source
BC-000995,Dove Black Shine Gloss Shampoo 80 ml,8900000001008,,IMAGE_REQUIRED,,0,MISSING,NO_MATCH,No candidate found in any source
BC-000996,Pantene MaxFresh Spicy Red Toothpaste 300 g Saver Pack,8900000001009,,IMAGE_REQUIRED,,0,MISSING,NO_MATCH,No candidate found in any source
BC-000997,Pantene Strong Teeth Calcium Toothpaste 200 g,8900000001010,,IMAGE_REQUIRED,,0,MISSING,NO_MATCH,No candidate found in any source
BC-000998,Himalaya Glow & Lovely Advanced Brightening Cream 50 g,8900000001011,,IMAGE_REQUIRED,,0,MISSING,NO_MATCH,No candidate found in any source
BC-000999,Colgate Coconut Pure Hair Oil 500 ml Bottle,8900000001012,,IMAGE_REQUIRED,,0,MISSING,NO_MATCH,No candidate found in any source
BC-001000,Colgate Almond Drops Non-Sticky Hair Oil 500 ml,8900000001013,,IMAGE_REQUIRED,,0,MISSING,NO_MATCH,No candidate found in any source
BC-001001,Pantene Neem & Turmeric Herbal Soap 75 g,8900000001014,,IMAGE_REQUIRED,,0,MISSING,NO_MATCH,No candidate found in any source
BC-001002,Pantene Thick Hair Fall Hair Shampoo 340 ml,8900000001015,,IMAGE_REQUIRED,,0,MISSING,NO_MATCH,No candidate found in any source
BC-001003,Nivea Anti-Dandruff Cool Menthol Shampoo 180 ml,8900000001016,,IMAGE_REQUIRED,,0,MISSING,NO_MATCH,No candidate found in any source
BC-001004,Sunsilk MaxFresh Spicy Red Toothpaste 150 g,8900000001017,,IMAGE_REQUIRED,,0,MISSING,NO_MATCH,No candidate found in any source
BC-001005,Colgate Ayurvedic Herbal Toothpaste 200 g,8900000001018,,IMAGE_REQUIRED,,0,MISSING,NO_MATCH,No candidate found in any source
BC-001006,Himalaya Body Milk Deep Nourish Lotion 400 ml Pump,8900000001019,,IMAGE_REQUIRED,,0,MISSING,NO_MATCH,No candidate found in any source
BC-001007,Dettol Coconut Pure Hair Oil 500 ml Bottle,8900000001020,,IMAGE_REQUIRED,,0,MISSING,NO_MATCH,No candidate found in any source
BC-001008,Pantene Almond Drops Non-Sticky Hair Oil 100 ml,8900000001021,,IMAGE_REQUIRED,,0,MISSING,NO_MATCH,No candidate found in any source
BC-001009,Himalaya Glycerine Pure & Gentle Soap 75 g,8900000001022,,IMAGE_REQUIRED,,0,MISSING,NO_MATCH,No candidate found in any source
BC-001010,Lux Black Shine Gloss Shampoo 80 ml,8900000001023,,IMAGE_REQUIRED,,0,MISSING,NO_MATCH,No candidate found in any source
BC-001011,Nivea Anti-Dandruff Cool Menthol Shampoo 340 ml,8900000001024,,IMAGE_REQUIRED,,0,MISSING,NO_MATCH,No candidate found in any source
BC-001012,Himalaya Glow & Lovely Advanced Brightening Cream 80 g,8900000001025,,IMAGE_REQUIRED,,0,MISSING,NO_MATCH,No candidate found in any source
BC-001013,Nivea Coconut Pure Hair Oil 100 ml,8900000001026,,IMAGE_REQUIRED,,0,MISSING,NO_MATCH,No candidate found in any source
BC-001014,Lux Almond Drops Non-Sticky Hair Oil 500 ml,8900000001027,,IMAGE_REQUIRED,,0,MISSING,NO_MATCH,No candidate found in any source
BC-001015,Nivea Original Antiseptic Bath Soap 75 g,8900000001028,,IMAGE_REQUIRED,,0,MISSING,NO_MATCH,No candidate found in any source
BC-001016,Lux Beauty Moisture Bath Bar 3-Pack,8900000001029,,IMAGE_REQUIRED,,0,MISSING,NO_MATCH,No candidate found in any source
BC-001017,Dettol Neem & Turmeric Herbal Soap 125 g,8900000001030,,IMAGE_REQUIRED,,0,MISSING,NO_MATCH,No candidate found in any source
BC-001018,Nivea Thick Hair Fall Hair Shampoo 80 ml,8900000001031,,IMAGE_REQUIRED,,0,MISSING,NO_MATCH,No candidate found in any source
BC-001019,Himalaya Anti-Dandruff Cool Menthol Shampoo 80 ml,8900000001032,,IMAGE_REQUIRED,,0,MISSING,NO_MATCH,No candidate found in any source
BC-001020,Lux MaxFresh Spicy Red Toothpaste 150 g,8900000001033,,IMAGE_REQUIRED,,0,MISSING,NO_MATCH,No candidate found in any source
BC-001021,Dove Strong Teeth Calcium Toothpaste 500 g Family Pack,8900000001034,,IMAGE_REQUIRED,,0,MISSING,NO_MATCH,No candidate found in any source
BC-001022,Pantene Glow & Lovely Advanced Brightening Cream 80 g,8900000001035,,IMAGE_REQUIRED,,0,MISSING,NO_MATCH,No candidate found in any source
BC-001023,Lux Coconut Pure Hair Oil 100 ml,8900000001036,,IMAGE_REQUIRED,,0,MISSING,NO_MATCH,No candidate found in any source
BC-001024,Lux Beauty Moisture Bath Bar 125 g,8900000001037,,IMAGE_REQUIRED,,0,MISSING,NO_MATCH,No candidate found in any source
BC-001025,Dettol Glycerine Pure & Gentle Soap 75 g,8900000001038,,IMAGE_REQUIRED,,0,MISSING,NO_MATCH,No candidate found in any source
BC-001026,Pantene Neem & Turmeric Herbal Soap 125 g,8900000001039,,IMAGE_REQUIRED,,0,MISSING,NO_MATCH,No candidate found in any source
BC-001027,Himalaya Thick Hair Fall Hair Shampoo 180 ml,8900000001040,,IMAGE_REQUIRED,,0,MISSING,NO_MATCH,No candidate found in any source
BC-001028,Dettol MaxFresh Spicy Red Toothpaste 300 g Saver Pack,8900000001041,,IMAGE_REQUIRED,,0,MISSING,NO_MATCH,No candidate found in any source
BC-001029,Pantene Ayurvedic Herbal Toothpaste 200 g,8900000001042,,IMAGE_REQUIRED,,0,MISSING,NO_MATCH,No candidate found in any source
BC-001030,Pantene Body Milk Deep Nourish Lotion 400 ml Pump,8900000001043,,IMAGE_REQUIRED,,0,MISSING,NO_MATCH,No candidate found in any source
BC-001031,Nivea Almond Drops Non-Sticky Hair Oil 200 ml,8900000001044,,IMAGE_REQUIRED,,0,MISSING,NO_MATCH,No candidate found in any source
BC-001032,Pantene Original Antiseptic Bath Soap Buy 4 Get 1 Free Pack,8900000001045,,IMAGE_REQUIRED,,0,MISSING,NO_MATCH,No candidate found in any source
BC-001033,Colgate Glycerine Pure & Gentle Soap 3-Pack,8900000001046,,IMAGE_REQUIRED,,0,MISSING,NO_MATCH,No candidate found in any source
BC-001034,Nivea Thick Hair Fall Hair Shampoo 650 ml,8900000001047,,IMAGE_REQUIRED,,0,MISSING,NO_MATCH,No candidate found in any source
BC-001035,Colgate Strong Teeth Calcium Toothpaste 500 g Family Pack,8900000001048,,IMAGE_REQUIRED,,0,MISSING,NO_MATCH,No candidate found in any source
BC-001036,Sunsilk Ayurvedic Herbal Toothpaste 100 g,8900000001049,,IMAGE_REQUIRED,,0,MISSING,NO_MATCH,No candidate found in any source
BC-001037,Sunsilk Body Milk Deep Nourish Lotion 100 ml,8900000001050,,IMAGE_REQUIRED,,0,MISSING,NO_MATCH,No candidate found in any source
BC-001038,Dettol Glow & Lovely Advanced Brightening Cream 80 g,8900000001051,,IMAGE_REQUIRED,,0,MISSING,NO_MATCH,No candidate found in any source
BC-001039,Lux Coconut Pure Hair Oil 200 ml,8900000001052,,IMAGE_REQUIRED,,0,MISSING,NO_MATCH,No candidate found in any source
BC-001040,Colgate Almond Drops Non-Sticky Hair Oil 100 ml,8900000001053,,IMAGE_REQUIRED,,0,MISSING,NO_MATCH,No candidate found in any source
BC-001041,Colgate Glycerine Pure & Gentle Soap 75 g,8900000001054,,IMAGE_REQUIRED,,0,MISSING,NO_MATCH,No candidate found in any source
BC-001042,Dove Neem & Turmeric Herbal Soap 125 g,8900000001055,,IMAGE_REQUIRED,,0,MISSING,NO_MATCH,No candidate found in any source
BC-001043,Dove Black Shine Gloss Shampoo 180 ml,8900000001056,,IMAGE_REQUIRED,,0,MISSING,NO_MATCH,No candidate found in any source
BC-001044,Dettol Body Milk Deep Nourish Lotion 200 ml,8900000001057,,IMAGE_REQUIRED,,0,MISSING,NO_MATCH,No candidate found in any source
BC-001045,Nivea Coconut Pure Hair Oil 200 ml,8900000001058,,IMAGE_REQUIRED,,0,MISSING,NO_MATCH,No candidate found in any source
BC-001046,Nivea Almond Drops Non-Sticky Hair Oil 100 ml,8900000001059,,IMAGE_REQUIRED,,0,MISSING,NO_MATCH,No candidate found in any source
BC-001047,Lux Original Antiseptic Bath Soap 125 g,8900000001060,,IMAGE_REQUIRED,,0,MISSING,NO_MATCH,No candidate found in any source
BC-001048,Sunsilk Beauty Moisture Bath Bar 75 g,8900000001061,,IMAGE_REQUIRED,,0,MISSING,NO_MATCH,No candidate found in any source
BC-001049,Dove Glycerine Pure & Gentle Soap 75 g,8900000001062,,IMAGE_REQUIRED,,0,MISSING,NO_MATCH,No candidate found in any source
BC-001050,Pantene Thick Hair Fall Hair Shampoo 180 ml,8900000001063,,IMAGE_REQUIRED,,0,MISSING,NO_MATCH,No candidate found in any source
BC-001051,Dove Ayurvedic Herbal Toothpaste 100 g,8900000001064,,IMAGE_REQUIRED,,0,MISSING,NO_MATCH,No candidate found in any source
BC-001052,Dettol Coconut Pure Hair Oil 100 ml,8900000001065,,IMAGE_REQUIRED,,0,MISSING,NO_MATCH,No candidate found in any source
BC-001053,Dettol Beauty Moisture Bath Bar 125 g,8900000001066,,IMAGE_REQUIRED,,0,MISSING,NO_MATCH,No candidate found in any source
BC-001054,Dove Glycerine Pure & Gentle Soap 125 g,8900000001067,,IMAGE_REQUIRED,,0,MISSING,NO_MATCH,No candidate found in any source
BC-001055,Himalaya Strong Teeth Calcium Toothpaste 100 g,8900000001068,,IMAGE_REQUIRED,,0,MISSING,NO_MATCH,No candidate found in any source
BC-001056,Himalaya Coconut Pure Hair Oil 100 ml,8900000001069,,IMAGE_REQUIRED,,0,MISSING,NO_MATCH,No candidate found in any source
BC-001057,Dove Beauty Moisture Bath Bar 125 g,8900000001070,,IMAGE_REQUIRED,,0,MISSING,NO_MATCH,No candidate found in any source
BC-001058,Dettol Glycerine Pure & Gentle Soap 125 g,8900000001071,,IMAGE_REQUIRED,,0,MISSING,NO_MATCH,No candidate found in any source
BC-001059,Nivea Neem & Turmeric Herbal Soap 3-Pack,8900000001072,,IMAGE_REQUIRED,,0,MISSING,NO_MATCH,No candidate found in any source
BC-001060,Himalaya Thick Hair Fall Hair Shampoo 340 ml,8900000001073,,IMAGE_REQUIRED,,0,MISSING,NO_MATCH,No candidate found in any source
BC-001061,Nivea Black Shine Gloss Shampoo 340 ml,8900000001074,,IMAGE_REQUIRED,,0,MISSING,NO_MATCH,No candidate found in any source
BC-001062,Pantene MaxFresh Spicy Red Toothpaste 150 g,8900000001075,,IMAGE_REQUIRED,,0,MISSING,NO_MATCH,No candidate found in any source
BC-001063,Himalaya Body Milk Deep Nourish Lotion 200 ml,8900000001076,,IMAGE_REQUIRED,,0,MISSING,NO_MATCH,No candidate found in any source
BC-001064,Himalaya Coconut Pure Hair Oil 500 ml Bottle,8900000001077,,IMAGE_REQUIRED,,0,MISSING,NO_MATCH,No candidate found in any source
BC-001065,Himalaya Original Antiseptic Bath Soap 75 g,8900000001078,,IMAGE_REQUIRED,,0,MISSING,NO_MATCH,No candidate found in any source
BC-001066,Pantene Glycerine Pure & Gentle Soap 125 g,8900000001079,,IMAGE_REQUIRED,,0,MISSING,NO_MATCH,No candidate found in any source
BC-001067,Colgate Neem & Turmeric Herbal Soap 125 g,8900000001080,,IMAGE_REQUIRED,,0,MISSING,NO_MATCH,No candidate found in any source
BC-001068,Dove Thick Hair Fall Hair Shampoo 80 ml,8900000001081,,IMAGE_REQUIRED,,0,MISSING,NO_MATCH,No candidate found in any source
BC-001069,Pantene Anti-Dandruff Cool Menthol Shampoo 340 ml,8900000001082,,IMAGE_REQUIRED,,0,MISSING,NO_MATCH,No candidate found in any source
BC-001070,Dove Ayurvedic Herbal Toothpaste 200 g,8900000001083,,IMAGE_REQUIRED,,0,MISSING,NO_MATCH,No candidate found in any source
BC-001071,Lux Body Milk Deep Nourish Lotion 100 ml,8900000001084,,IMAGE_REQUIRED,,0,MISSING,NO_MATCH,No candidate found in any source
BC-001072,Dettol Glow & Lovely Advanced Brightening Cream 50 g,8900000001085,,IMAGE_REQUIRED,,0,MISSING,NO_MATCH,No candidate found in any source
BC-001073,Dove Coconut Pure Hair Oil 100 ml,8900000001086,,IMAGE_REQUIRED,,0,MISSING,NO_MATCH,No candidate found in any source
BC-001074,Nivea Almond Drops Non-Sticky Hair Oil 500 ml,8900000001087,,IMAGE_REQUIRED,,0,MISSING,NO_MATCH,No candidate found in any source
BC-001075,Lux Original Antiseptic Bath Soap 75 g,8900000001088,,IMAGE_REQUIRED,,0,MISSING,NO_MATCH,No candidate found in any source
BC-001076,Pantene Thick Hair Fall Hair Shampoo 650 ml,8900000001089,,IMAGE_REQUIRED,,0,MISSING,NO_MATCH,No candidate found in any source
BC-001077,Himalaya Strong Teeth Calcium Toothpaste 200 g,8900000001090,,IMAGE_REQUIRED,,0,MISSING,NO_MATCH,No candidate found in any source
BC-001078,Dove Beauty Moisture Bath Bar 3-Pack,8900000001091,,IMAGE_REQUIRED,,0,MISSING,NO_MATCH,No candidate found in any source
BC-001079,Himalaya Glycerine Pure & Gentle Soap 125 g,8900000001092,,IMAGE_REQUIRED,,0,MISSING,NO_MATCH,No candidate found in any source
BC-001080,Dettol Neem & Turmeric Herbal Soap 75 g,8900000001093,,IMAGE_REQUIRED,,0,MISSING,NO_MATCH,No candidate found in any source
BC-001081,Colgate Thick Hair Fall Hair Shampoo 650 ml,8900000001094,,IMAGE_REQUIRED,,0,MISSING,NO_MATCH,No candidate found in any source
BC-001082,Dettol Black Shine Gloss Shampoo 80 ml,8900000001095,,IMAGE_REQUIRED,,0,MISSING,NO_MATCH,No candidate found in any source
BC-001083,Colgate MaxFresh Spicy Red Toothpaste 150 g,8900000001096,,IMAGE_REQUIRED,,0,MISSING,NO_MATCH,No candidate found in any source
BC-001084,Dove Strong Teeth Calcium Toothpaste 100 g,8900000001097,,IMAGE_REQUIRED,,0,MISSING,NO_MATCH,No candidate found in any source
BC-001085,Colgate Ayurvedic Herbal Toothpaste 100 g,8900000001098,,IMAGE_REQUIRED,,0,MISSING,NO_MATCH,No candidate found in any source
BC-001086,Colgate Body Milk Deep Nourish Lotion 200 ml,8900000001099,,IMAGE_REQUIRED,,0,MISSING,NO_MATCH,No candidate found in any source
BC-001087,Colgate Coconut Pure Hair Oil 200 ml,8900000001100,,IMAGE_REQUIRED,,0,MISSING,NO_MATCH,No candidate found in any source
BC-001088,Dove Neem & Turmeric Herbal Soap 75 g,8900000001101,,IMAGE_REQUIRED,,0,MISSING,NO_MATCH,No candidate found in any source
BC-001089,Pantene Black Shine Gloss Shampoo 80 ml,8900000001102,,IMAGE_REQUIRED,,0,MISSING,NO_MATCH,No candidate found in any source
BC-001090,Dettol Strong Teeth Calcium Toothpaste 500 g Family Pack,8900000001103,,IMAGE_REQUIRED,,0,MISSING,NO_MATCH,No candidate found in any source
BC-001091,Himalaya Glow & Lovely Advanced Brightening Cream 25 g,8900000001104,,IMAGE_REQUIRED,,0,MISSING,NO_MATCH,No candidate found in any source
BC-001092,Pantene Coconut Pure Hair Oil 200 ml,8900000001105,,IMAGE_REQUIRED,,0,MISSING,NO_MATCH,No candidate found in any source
BC-001093,Nivea Coconut Pure Hair Oil 500 ml Bottle,8900000001106,,IMAGE_REQUIRED,,0,MISSING,NO_MATCH,No candidate found in any source
BC-001094,Dettol Original Antiseptic Bath Soap 125 g,8900000001107,,IMAGE_REQUIRED,,0,MISSING,NO_MATCH,No candidate found in any source
BC-001095,Pantene Neem & Turmeric Herbal Soap 3-Pack,8900000001108,,IMAGE_REQUIRED,,0,MISSING,NO_MATCH,No candidate found in any source
BC-001096,Dove Thick Hair Fall Hair Shampoo 340 ml,8900000001109,,IMAGE_REQUIRED,,0,MISSING,NO_MATCH,No candidate found in any source
BC-001097,Nivea MaxFresh Spicy Red Toothpaste 300 g Saver Pack,8900000001110,,IMAGE_REQUIRED,,0,MISSING,NO_MATCH,No candidate found in any source
BC-001098,Pantene Glow & Lovely Advanced Brightening Cream 50 g,8900000001111,,IMAGE_REQUIRED,,0,MISSING,NO_MATCH,No candidate found in any source
BC-001099,Dettol Body Milk Deep Nourish Lotion 400 ml Pump,8900000001112,,IMAGE_REQUIRED,,0,MISSING,NO_MATCH,No candidate found in any source
BC-001100,Colgate Glow & Lovely Advanced Brightening Cream 25 g,8900000001113,,IMAGE_REQUIRED,,0,MISSING,NO_MATCH,No candidate found in any source
BC-001101,Lux Almond Drops Non-Sticky Hair Oil 100 ml,8900000001114,,IMAGE_REQUIRED,,0,MISSING,NO_MATCH,No candidate found in any source
BC-001102,Himalaya Neem & Turmeric Herbal Soap 3-Pack,8900000001115,,IMAGE_REQUIRED,,0,MISSING,NO_MATCH,No candidate found in any source
BC-001103,Colgate Black Shine Gloss Shampoo 80 ml,8900000001116,,IMAGE_REQUIRED,,0,MISSING,NO_MATCH,No candidate found in any source
BC-001104,Himalaya Strong Teeth Calcium Toothpaste 500 g Family Pack,8900000001117,,IMAGE_REQUIRED,,0,MISSING,NO_MATCH,No candidate found in any source
BC-001105,Pantene Glow & Lovely Advanced Brightening Cream 25 g,8900000001118,,IMAGE_REQUIRED,,0,MISSING,NO_MATCH,No candidate found in any source
BC-001106,Lux Almond Drops Non-Sticky Hair Oil 200 ml,8900000001119,,IMAGE_REQUIRED,,0,MISSING,NO_MATCH,No candidate found in any source
BC-001107,Sunsilk Anti-Dandruff Cool Menthol Shampoo 180 ml,8900000001120,,IMAGE_REQUIRED,,0,MISSING,NO_MATCH,No candidate found in any source
BC-001108,Dove MaxFresh Spicy Red Toothpaste 150 g,8900000001121,,IMAGE_REQUIRED,,0,MISSING,NO_MATCH,No candidate found in any source
BC-001109,Pantene Strong Teeth Calcium Toothpaste 100 g,8900000001122,,IMAGE_REQUIRED,,0,MISSING,NO_MATCH,No candidate found in any source
BC-001110,Lux Body Milk Deep Nourish Lotion 400 ml Pump,8900000001123,,IMAGE_REQUIRED,,0,MISSING,NO_MATCH,No candidate found in any source
BC-001111,Pantene Coconut Pure Hair Oil 500 ml Bottle,8900000001124,,IMAGE_REQUIRED,,0,MISSING,NO_MATCH,No candidate found in any source
BC-001112,Colgate Original Antiseptic Bath Soap Buy 4 Get 1 Free Pack,8900000001125,,IMAGE_REQUIRED,,0,MISSING,NO_MATCH,No candidate found in any source
BC-001113,Sunsilk Beauty Moisture Bath Bar 125 g,8900000001126,,IMAGE_REQUIRED,,0,MISSING,NO_MATCH,No candidate found in any source
BC-001114,Pantene Glycerine Pure & Gentle Soap 75 g,8900000001127,,IMAGE_REQUIRED,,0,MISSING,NO_MATCH,No candidate found in any source
BC-001115,Lux Anti-Dandruff Cool Menthol Shampoo 180 ml,8900000001128,,IMAGE_REQUIRED,,0,MISSING,NO_MATCH,No candidate found in any source
BC-001116,Sunsilk Strong Teeth Calcium Toothpaste 500 g Family Pack,8900000001129,,IMAGE_REQUIRED,,0,MISSING,NO_MATCH,No candidate found in any source
BC-001117,Himalaya Coconut Pure Hair Oil 200 ml,8900000001130,,IMAGE_REQUIRED,,0,MISSING,NO_MATCH,No candidate found in any source
BC-001118,Sunsilk Original Antiseptic Bath Soap Buy 4 Get 1 Free Pack,8900000001131,,IMAGE_REQUIRED,,0,MISSING,NO_MATCH,No candidate found in any source
BC-001119,Nivea MaxFresh Spicy Red Toothpaste 150 g,8900000001132,,IMAGE_REQUIRED,,0,MISSING,NO_MATCH,No candidate found in any source
BC-001120,Pantene Ayurvedic Herbal Toothpaste 100 g,8900000001133,,IMAGE_REQUIRED,,0,MISSING,NO_MATCH,No candidate found in any source
BC-001121,Dove Original Antiseptic Bath Soap 75 g,8900000001134,,IMAGE_REQUIRED,,0,MISSING,NO_MATCH,No candidate found in any source
BC-001122,Pantene Black Shine Gloss Shampoo 650 ml,8900000001135,,IMAGE_REQUIRED,,0,MISSING,NO_MATCH,No candidate found in any source
BC-001123,Dove Anti-Dandruff Cool Menthol Shampoo 340 ml,8900000001136,,IMAGE_REQUIRED,,0,MISSING,NO_MATCH,No candidate found in any source
BC-001124,Himalaya Ayurvedic Herbal Toothpaste 100 g,8900000001137,,IMAGE_REQUIRED,,0,MISSING,NO_MATCH,No candidate found in any source
BC-001125,Dettol Body Milk Deep Nourish Lotion 100 ml,8900000001138,,IMAGE_REQUIRED,,0,MISSING,NO_MATCH,No candidate found in any source
BC-001126,Pantene Beauty Moisture Bath Bar 75 g,8900000001139,,IMAGE_REQUIRED,,0,MISSING,NO_MATCH,No candidate found in any source
BC-001127,Sunsilk Neem & Turmeric Herbal Soap 3-Pack,8900000001140,,IMAGE_REQUIRED,,0,MISSING,NO_MATCH,No candidate found in any source
BC-001128,Himalaya Thick Hair Fall Hair Shampoo 80 ml,8900000001141,,IMAGE_REQUIRED,,0,MISSING,NO_MATCH,No candidate found in any source
BC-001129,Dove Black Shine Gloss Shampoo 340 ml,8900000001142,,IMAGE_REQUIRED,,0,MISSING,NO_MATCH,No candidate found in any source
BC-001130,Himalaya MaxFresh Spicy Red Toothpaste 300 g Saver Pack,8900000001143,,IMAGE_REQUIRED,,0,MISSING,NO_MATCH,No candidate found in any source
BC-001131,Pantene Beauty Moisture Bath Bar 125 g,8900000001144,,IMAGE_REQUIRED,,0,MISSING,NO_MATCH,No candidate found in any source
BC-001132,Dettol Black Shine Gloss Shampoo 650 ml,8900000001145,,IMAGE_REQUIRED,,0,MISSING,NO_MATCH,No candidate found in any source
BC-001133,Nivea MaxFresh Spicy Red Toothpaste 80 g,8900000001146,,IMAGE_REQUIRED,,0,MISSING,NO_MATCH,No candidate found in any source
BC-001134,Lux Glycerine Pure & Gentle Soap 75 g,8900000001147,,IMAGE_REQUIRED,,0,MISSING,NO_MATCH,No candidate found in any source
BC-001135,Dettol Thick Hair Fall Hair Shampoo 650 ml,8900000001148,,IMAGE_REQUIRED,,0,MISSING,NO_MATCH,No candidate found in any source
BC-001136,Sunsilk Black Shine Gloss Shampoo 80 ml,8900000001149,,IMAGE_REQUIRED,,0,MISSING,NO_MATCH,No candidate found in any source
BC-001137,Colgate Glow & Lovely Advanced Brightening Cream 50 g,8900000001150,,IMAGE_REQUIRED,,0,MISSING,NO_MATCH,No candidate found in any source
BC-001138,Pantene MaxFresh Spicy Red Toothpaste 80 g,8900000001151,,IMAGE_REQUIRED,,0,MISSING,NO_MATCH,No candidate found in any source
BC-001139,Himalaya Anti-Dandruff Cool Menthol Shampoo 180 ml,8900000001152,,IMAGE_REQUIRED,,0,MISSING,NO_MATCH,No candidate found in any source
BC-001140,Dove Original Antiseptic Bath Soap 125 g,8900000001153,,IMAGE_REQUIRED,,0,MISSING,NO_MATCH,No candidate found in any source
BC-001141,Colgate Thick Hair Fall Hair Shampoo 340 ml,8900000001154,,IMAGE_REQUIRED,,0,MISSING,NO_MATCH,No candidate found in any source
BC-001142,Nivea Glow & Lovely Advanced Brightening Cream 80 g,8900000001155,,IMAGE_REQUIRED,,0,MISSING,NO_MATCH,No candidate found in any source
BC-001143,Himalaya Original Antiseptic Bath Soap Buy 4 Get 1 Free Pack,8900000001156,,IMAGE_REQUIRED,,0,MISSING,NO_MATCH,No candidate found in any source
BC-001144,Lux Thick Hair Fall Hair Shampoo 180 ml,8900000001157,,IMAGE_REQUIRED,,0,MISSING,NO_MATCH,No candidate found in any source
BC-001145,Sunsilk Strong Teeth Calcium Toothpaste 100 g,8900000001158,,IMAGE_REQUIRED,,0,MISSING,NO_MATCH,No candidate found in any source
BC-001146,Colgate Glow & Lovely Advanced Brightening Cream 80 g,8900000001159,,IMAGE_REQUIRED,,0,MISSING,NO_MATCH,No candidate found in any source
BC-001147,Himalaya Original Antiseptic Bath Soap 125 g,8900000001160,,IMAGE_REQUIRED,,0,MISSING,NO_MATCH,No candidate found in any source
BC-001148,Sunsilk Glycerine Pure & Gentle Soap 75 g,8900000001161,,IMAGE_REQUIRED,,0,MISSING,NO_MATCH,No candidate found in any source
BC-001149,Sunsilk Ayurvedic Herbal Toothpaste 200 g,8900000001162,,IMAGE_REQUIRED,,0,MISSING,NO_MATCH,No candidate found in any source
BC-001150,Himalaya Almond Drops Non-Sticky Hair Oil 500 ml,8900000001163,,IMAGE_REQUIRED,,0,MISSING,NO_MATCH,No candidate found in any source
BC-001151,Dettol MaxFresh Spicy Red Toothpaste 150 g,8900000001164,,IMAGE_REQUIRED,,0,MISSING,NO_MATCH,No candidate found in any source
BC-001152,Dove Strong Teeth Calcium Toothpaste 200 g,8900000001165,,IMAGE_REQUIRED,,0,MISSING,NO_MATCH,No candidate found in any source
BC-001153,Pantene Glycerine Pure & Gentle Soap 3-Pack,8900000001166,,IMAGE_REQUIRED,,0,MISSING,NO_MATCH,No candidate found in any source
BC-001154,Sunsilk Neem & Turmeric Herbal Soap 75 g,8900000001167,,IMAGE_REQUIRED,,0,MISSING,NO_MATCH,No candidate found in any source
BC-001155,Dove Thick Hair Fall Hair Shampoo 180 ml,8900000001168,,IMAGE_REQUIRED,,0,MISSING,NO_MATCH,No candidate found in any source
BC-001156,Sunsilk Black Shine Gloss Shampoo 180 ml,8900000001169,,IMAGE_REQUIRED,,0,MISSING,NO_MATCH,No candidate found in any source
BC-001157,Nivea Original Antiseptic Bath Soap Buy 4 Get 1 Free Pack,8900000001170,,IMAGE_REQUIRED,,0,MISSING,NO_MATCH,No candidate found in any source
BC-001158,Colgate Black Shine Gloss Shampoo 180 ml,8900000001171,,IMAGE_REQUIRED,,0,MISSING,NO_MATCH,No candidate found in any source
BC-001159,Dettol Ayurvedic Herbal Toothpaste 200 g,8900000001172,,IMAGE_REQUIRED,,0,MISSING,NO_MATCH,No candidate found in any source
BC-001160,Sunsilk Coconut Pure Hair Oil 200 ml,8900000001173,,IMAGE_REQUIRED,,0,MISSING,NO_MATCH,No candidate found in any source
BC-001161,Dettol Anti-Dandruff Cool Menthol Shampoo 340 ml,8900000001174,,IMAGE_REQUIRED,,0,MISSING,NO_MATCH,No candidate found in any source
BC-001162,Dettol MaxFresh Spicy Red Toothpaste 80 g,8900000001175,,IMAGE_REQUIRED,,0,MISSING,NO_MATCH,No candidate found in any source
BC-001163,Sunsilk Glow & Lovely Advanced Brightening Cream 50 g,8900000001176,,IMAGE_REQUIRED,,0,MISSING,NO_MATCH,No candidate found in any source
BC-001164,Dove Anti-Dandruff Cool Menthol Shampoo 180 ml,8900000001177,,IMAGE_REQUIRED,,0,MISSING,NO_MATCH,No candidate found in any source
BC-001165,Sunsilk Glow & Lovely Advanced Brightening Cream 80 g,8900000001178,,IMAGE_REQUIRED,,0,MISSING,NO_MATCH,No candidate found in any source
BC-001166,Dove Almond Drops Non-Sticky Hair Oil 200 ml,8900000001179,,IMAGE_REQUIRED,,0,MISSING,NO_MATCH,No candidate found in any source
BC-001167,Lux Thick Hair Fall Hair Shampoo 80 ml,8900000001180,,IMAGE_REQUIRED,,0,MISSING,NO_MATCH,No candidate found in any source
BC-001168,Colgate Body Milk Deep Nourish Lotion 400 ml Pump,8900000001181,,IMAGE_REQUIRED,,0,MISSING,NO_MATCH,No candidate found in any source
BC-001169,Dove Thick Hair Fall Hair Shampoo 650 ml,8900000001182,,IMAGE_REQUIRED,,0,MISSING,NO_MATCH,No candidate found in any source
BC-001170,Pantene Thick Hair Fall Hair Shampoo 80 ml,8900000001183,,IMAGE_REQUIRED,,0,MISSING,NO_MATCH,No candidate found in any source
BC-001171,Lux Black Shine Gloss Shampoo 180 ml,8900000001184,,IMAGE_REQUIRED,,0,MISSING,NO_MATCH,No candidate found in any source
BC-001172,Lux Glycerine Pure & Gentle Soap 3-Pack,8900000001185,,IMAGE_REQUIRED,,0,MISSING,NO_MATCH,No candidate found in any source
BC-001173,Himalaya Almond Drops Non-Sticky Hair Oil 200 ml,8900000001186,,IMAGE_REQUIRED,,0,MISSING,NO_MATCH,No candidate found in any source
BC-001174,Sunsilk Original Antiseptic Bath Soap 75 g,8900000001187,,IMAGE_REQUIRED,,0,MISSING,NO_MATCH,No candidate found in any source
BC-001175,Sunsilk Thick Hair Fall Hair Shampoo 180 ml,8900000001188,,IMAGE_REQUIRED,,0,MISSING,NO_MATCH,No candidate found in any source
BC-001176,Himalaya Black Shine Gloss Shampoo 180 ml,8900000001189,,IMAGE_REQUIRED,,0,MISSING,NO_MATCH,No candidate found in any source
BC-001177,Nivea Body Milk Deep Nourish Lotion 400 ml Pump,8900000001190,,IMAGE_REQUIRED,,0,MISSING,NO_MATCH,No candidate found in any source
BC-001178,Nivea Glow & Lovely Advanced Brightening Cream 25 g,8900000001191,,IMAGE_REQUIRED,,0,MISSING,NO_MATCH,No candidate found in any source
BC-001179,Lux MaxFresh Spicy Red Toothpaste 80 g,8900000001192,,IMAGE_REQUIRED,,0,MISSING,NO_MATCH,No candidate found in any source
BC-001180,Colgate Original Antiseptic Bath Soap 75 g,8900000001193,,IMAGE_REQUIRED,,0,MISSING,NO_MATCH,No candidate found in any source
BC-001181,Dove Beauty Moisture Bath Bar 75 g,8900000001194,,IMAGE_REQUIRED,,0,MISSING,NO_MATCH,No candidate found in any source
BC-001182,Sunsilk Neem & Turmeric Herbal Soap 125 g,8900000001195,,IMAGE_REQUIRED,,0,MISSING,NO_MATCH,No candidate found in any source
BC-001183,Sunsilk Body Milk Deep Nourish Lotion 400 ml Pump,8900000001196,,IMAGE_REQUIRED,,0,MISSING,NO_MATCH,No candidate found in any source
BC-001184,Dove Original Antiseptic Bath Soap Buy 4 Get 1 Free Pack,8900000001197,,IMAGE_REQUIRED,,0,MISSING,NO_MATCH,No candidate found in any source
BC-001185,Nivea Black Shine Gloss Shampoo 650 ml,8900000001198,,IMAGE_REQUIRED,,0,MISSING,NO_MATCH,No candidate found in any source
BC-001186,Himalaya Ayurvedic Herbal Toothpaste 200 g,8900000001199,,IMAGE_REQUIRED,,0,MISSING,NO_MATCH,No candidate found in any source
BC-001187,Dove Glow & Lovely Advanced Brightening Cream 80 g,8900000001200,,IMAGE_REQUIRED,,0,MISSING,NO_MATCH,No candidate found in any source
BC-001188,Nivea Anti-Dandruff Cool Menthol Shampoo 80 ml,8900000001201,,IMAGE_REQUIRED,,0,MISSING,NO_MATCH,No candidate found in any source
BC-001189,Dove Glycerine Pure & Gentle Soap 3-Pack,8900000001202,,IMAGE_REQUIRED,,0,MISSING,NO_MATCH,No candidate found in any source
BC-001190,Himalaya Neem & Turmeric Herbal Soap 75 g,8900000001203,,IMAGE_REQUIRED,,0,MISSING,NO_MATCH,No candidate found in any source
BC-001191,Colgate Coconut Pure Hair Oil 100 ml,8900000001204,,IMAGE_REQUIRED,,0,MISSING,NO_MATCH,No candidate found in any source
BC-001192,Dettol Almond Drops Non-Sticky Hair Oil 100 ml,8900000001205,,IMAGE_REQUIRED,,0,MISSING,NO_MATCH,No candidate found in any source
BC-001193,Colgate Neem & Turmeric Herbal Soap 75 g,8900000001206,,IMAGE_REQUIRED,,0,MISSING,NO_MATCH,No candidate found in any source
BC-001194,Colgate Black Shine Gloss Shampoo 340 ml,8900000001207,,IMAGE_REQUIRED,,0,MISSING,NO_MATCH,No candidate found in any source
BC-001195,Sunsilk Beauty Moisture Bath Bar 3-Pack,8900000001208,,IMAGE_REQUIRED,,0,MISSING,NO_MATCH,No candidate found in any source
BC-001196,Sunsilk MaxFresh Spicy Red Toothpaste 300 g Saver Pack,8900000001209,,IMAGE_REQUIRED,,0,MISSING,NO_MATCH,No candidate found in any source
BC-001197,Lux Strong Teeth Calcium Toothpaste 200 g,8900000001210,,IMAGE_REQUIRED,,0,MISSING,NO_MATCH,No candidate found in any source
BC-001198,Surf Excel Lemon Dishwash Gel Liquid 2 L Refill,8900000001211,,IMAGE_REQUIRED,,0,MISSING,NO_MATCH,No candidate found in any source
BC-001199,Surf Excel Disinfectant Toilet Cleaner Liquid 500 ml,8900000001212,,IMAGE_REQUIRED,,0,MISSING,NO_MATCH,No candidate found in any source
BC-001200,Surf Excel Glass & Surface Cleaner Spray 500 ml Refill,8900000001213,,IMAGE_REQUIRED,,0,MISSING,NO_MATCH,No candidate found in any source
BC-001201,Surf Excel Mosquito Spray Aerosol Can 400 ml Can,8900000001214,,IMAGE_REQUIRED,,0,MISSING,NO_MATCH,No candidate found in any source
BC-001202,Surf Excel Matic Front & Top Load Liquid Detergent 1 L Pouch,8900000001215,,IMAGE_REQUIRED,,0,MISSING,NO_MATCH,No candidate found in any source
BC-001203,Surf Excel Easy Wash Detergent Powder 5 kg Pack,8900000001216,,IMAGE_REQUIRED,,0,MISSING,NO_MATCH,No candidate found in any source
BC-001204,Surf Excel Disinfectant Toilet Cleaner Liquid 200 ml,8900000001217,,IMAGE_REQUIRED,,0,MISSING,NO_MATCH,No candidate found in any source
BC-001205,Surf Excel Matic Front & Top Load Liquid Detergent 500 ml Refill,8900000001218,,IMAGE_REQUIRED,,0,MISSING,NO_MATCH,No candidate found in any source
BC-001206,Surf Excel Mosquito Liquid Vaporizer Refill 2 Refills Pack,8900000001219,,IMAGE_REQUIRED,,0,MISSING,NO_MATCH,No candidate found in any source
BC-001207,Surf Excel Dishwash Bar Tub Soap Pack of 3,8900000001220,,IMAGE_REQUIRED,,0,MISSING,NO_MATCH,No candidate found in any source
BC-001208,Surf Excel Mosquito Liquid Vaporizer Refill 1 Refill 45 Nights,8900000001221,,IMAGE_REQUIRED,,0,MISSING,NO_MATCH,No candidate found in any source
BC-001209,Surf Excel Mosquito Spray Aerosol Can 200 ml Can,8900000001222,,IMAGE_REQUIRED,,0,MISSING,NO_MATCH,No candidate found in any source
BC-001210,Surf Excel Lemon Dishwash Gel Liquid 500 ml,8900000001223,,IMAGE_REQUIRED,,0,MISSING,NO_MATCH,No candidate found in any source
BC-001211,Surf Excel Lemon Dishwash Gel Liquid 750 ml,8900000001224,,IMAGE_REQUIRED,,0,MISSING,NO_MATCH,No candidate found in any source
BC-001212,Surf Excel Floor Disinfectant Surface Cleaner Citrus 500 ml,8900000001225,,IMAGE_REQUIRED,,0,MISSING,NO_MATCH,No candidate found in any source
BC-001213,Surf Excel Mosquito Liquid Vaporizer Refill Machine + Refill,8900000001226,,IMAGE_REQUIRED,,0,MISSING,NO_MATCH,No candidate found in any source
BC-001214,Surf Excel Cockroach Kill Gel Paste 20 g Syringe,8900000001227,,IMAGE_REQUIRED,,0,MISSING,NO_MATCH,No candidate found in any source
BC-001215,Surf Excel Dishwash Bar Tub Soap 200 g Tub,8900000001228,,IMAGE_REQUIRED,,0,MISSING,NO_MATCH,No candidate found in any source
BC-001216,Surf Excel Lemon Dishwash Gel Liquid 250 ml,8900000001229,,IMAGE_REQUIRED,,0,MISSING,NO_MATCH,No candidate found in any source
BC-001217,Surf Excel Floor Disinfectant Surface Cleaner Citrus 2 L Refill,8900000001230,,IMAGE_REQUIRED,,0,MISSING,NO_MATCH,No candidate found in any source
BC-001218,Surf Excel Easy Wash Detergent Powder 1 kg,8900000001231,,IMAGE_REQUIRED,,0,MISSING,NO_MATCH,No candidate found in any source
BC-001219,Surf Excel Dishwash Bar Tub Soap 500 g Tub,8900000001232,,IMAGE_REQUIRED,,0,MISSING,NO_MATCH,No candidate found in any source
BC-001220,Surf Excel Disinfectant Toilet Cleaner Liquid 1 L Bottle,8900000001233,,IMAGE_REQUIRED,,0,MISSING,NO_MATCH,No candidate found in any source
BC-001221,Surf Excel Glass & Surface Cleaner Spray 250 ml Spray,8900000001234,,IMAGE_REQUIRED,,0,MISSING,NO_MATCH,No candidate found in any source
BC-001222,Surf Excel Easy Wash Detergent Powder 500 g,8900000001235,,IMAGE_REQUIRED,,0,MISSING,NO_MATCH,No candidate found in any source
BC-001223,Surf Excel Floor Disinfectant Surface Cleaner Citrus 200 ml,8900000001236,,IMAGE_REQUIRED,,0,MISSING,NO_MATCH,No candidate found in any source
BC-001224,Himalaya Baby All Round Protection Diaper Pants Medium Monthly Pack 20 Pants,8900000001237,,IMAGE_REQUIRED,,0,MISSING,NO_MATCH,No candidate found in any source
BC-001225,Himalaya Baby All Round Protection Diaper Pants Large Regular Pack 34 Pants,8900000001238,,IMAGE_REQUIRED,,0,MISSING,NO_MATCH,No candidate found in any source
BC-001226,Himalaya Baby Baby Gentle Aloe Wipes 2x72 Wipes Combo,8900000001239,,IMAGE_REQUIRED,,0,MISSING,NO_MATCH,No candidate found in any source
BC-001227,Himalaya Baby No More Tears Baby Shampoo 200 ml,8900000001240,,IMAGE_REQUIRED,,0,MISSING,NO_MATCH,No candidate found in any source
BC-001228,Himalaya Baby Nourishing Baby Massage Oil 200 ml,8900000001241,,IMAGE_REQUIRED,,0,MISSING,NO_MATCH,No candidate found in any source
BC-001229,Himalaya Baby No More Tears Baby Shampoo 500 ml Pump,8900000001242,,IMAGE_REQUIRED,,0,MISSING,NO_MATCH,No candidate found in any source
BC-001230,Himalaya Baby Nutritious Baby Cereal Wheat Apple 300 g Box,8900000001243,,IMAGE_REQUIRED,,0,MISSING,NO_MATCH,No candidate found in any source
BC-001231,Himalaya Baby All Round Protection Diaper Pants Small Regular Pack 42 Pants,8900000001244,,IMAGE_REQUIRED,,0,MISSING,NO_MATCH,No candidate found in any source
BC-001232,Himalaya Baby All Round Protection Diaper Pants Large Monthly Pack 18 Pants,8900000001245,,IMAGE_REQUIRED,,0,MISSING,NO_MATCH,No candidate found in any source
BC-001233,Himalaya Baby Gentle Baby Bathing Soap 75 g,8900000001246,,IMAGE_REQUIRED,,0,MISSING,NO_MATCH,No candidate found in any source
BC-001234,Himalaya Baby Nourishing Baby Massage Oil 100 ml,8900000001247,,IMAGE_REQUIRED,,0,MISSING,NO_MATCH,No candidate found in any source
BC-001235,Himalaya Baby Baby Gentle Aloe Wipes 72 Wipes Pack,8900000001248,,IMAGE_REQUIRED,,0,MISSING,NO_MATCH,No candidate found in any source
BC-001236,Himalaya Baby Gentle Baby Bathing Soap 3-Pack,8900000001249,,IMAGE_REQUIRED,,0,MISSING,NO_MATCH,No candidate found in any source
BC-001237,Himalaya Baby All Round Protection Diaper Pants Small Monthly Pack 22 Pants,8900000001250,,IMAGE_REQUIRED,,0,MISSING,NO_MATCH,No candidate found in any source
BC-001238,Himalaya Baby All Round Protection Diaper Pants Medium Regular Pack 38 Pants,8900000001251,,IMAGE_REQUIRED,,0,MISSING,NO_MATCH,No candidate found in any source
BC-001239,Vicks Apple Flavoured ORS Energy Drink 200 ml Tetra,8900000001252,,IMAGE_REQUIRED,,0,MISSING,NO_MATCH,No candidate found in any source
BC-001240,Vicks Orange Flavoured ORS Electrolyte Powder Box of 10 Sachets,8900000001253,,IMAGE_REQUIRED,,0,MISSING,NO_MATCH,No candidate found in any source
BC-001241,Vicks Pain Relief Spray Instant 55 g Spray,8900000001254,,IMAGE_REQUIRED,,0,MISSING,NO_MATCH,No candidate found in any source
BC-001242,Vicks Cough Drops Menthol Candy Jar 150 pcs,8900000001255,,IMAGE_REQUIRED,,0,MISSING,NO_MATCH,No candidate found in any source
BC-001243,Dettol Apple Flavoured ORS Energy Drink 200 ml Tetra,8900000001256,,IMAGE_REQUIRED,,0,MISSING,NO_MATCH,No candidate found in any source
BC-001244,Moov Pain Relief Spray Instant 35 g Spray,8900000001257,,IMAGE_REQUIRED,,0,MISSING,NO_MATCH,No candidate found in any source
BC-001245,Moov Vaporub Steam Inhalation Balm 50 g Jar,8900000001258,,IMAGE_REQUIRED,,0,MISSING,NO_MATCH,No candidate found in any source
BC-001246,Dettol Cough Drops Menthol Candy Jar 150 pcs,8900000001259,,IMAGE_REQUIRED,,0,MISSING,NO_MATCH,No candidate found in any source
BC-001247,Dettol Pain Relief Ointment Balm 25 g Tube,8900000001260,,IMAGE_REQUIRED,,0,MISSING,NO_MATCH,No candidate found in any source
BC-001248,Vicks Cough Drops Menthol Candy Pouch 50 pcs,8900000001261,,IMAGE_REQUIRED,,0,MISSING,NO_MATCH,No candidate found in any source
BC-001249,Moov Chyawanprash Awaleha Pure 500 g Jar,8900000001262,,IMAGE_REQUIRED,,0,MISSING,NO_MATCH,No candidate found in any source
BC-001250,Moov Pain Relief Ointment Balm 25 g Tube,8900000001263,,IMAGE_REQUIRED,,0,MISSING,NO_MATCH,No candidate found in any source
BC-001251,Vicks Vaporub Steam Inhalation Balm 50 g Jar,8900000001264,,IMAGE_REQUIRED,,0,MISSING,NO_MATCH,No candidate found in any source
BC-001252,Dettol Chyawanprash Awaleha Pure 1 kg Jar,8900000001265,,IMAGE_REQUIRED,,0,MISSING,NO_MATCH,No candidate found in any source
BC-001253,Dettol Orange Flavoured ORS Electrolyte Powder Box of 10 Sachets,8900000001266,,IMAGE_REQUIRED,,0,MISSING,NO_MATCH,No candidate found in any source
BC-001254,Dettol Vaporub Steam Inhalation Balm 50 g Jar,8900000001267,,IMAGE_REQUIRED,,0,MISSING,NO_MATCH,No candidate found in any source
BC-001255,Moov Cough Drops Menthol Candy Pouch 50 pcs,8900000001268,,IMAGE_REQUIRED,,0,MISSING,NO_MATCH,No candidate found in any source
BC-001256,Moov Chyawanprash Awaleha Pure 1 kg Jar,8900000001269,,IMAGE_REQUIRED,,0,MISSING,NO_MATCH,No candidate found in any source
BC-001257,Vicks Pain Relief Spray Instant 35 g Spray,8900000001270,,IMAGE_REQUIRED,,0,MISSING,NO_MATCH,No candidate found in any source
BC-001258,Moov Vaporub Steam Inhalation Balm 25 g Tin,8900000001271,,IMAGE_REQUIRED,,0,MISSING,NO_MATCH,No candidate found in any source
BC-001259,Dettol Cough Drops Menthol Candy Pouch 50 pcs,8900000001272,,IMAGE_REQUIRED,,0,MISSING,NO_MATCH,No candidate found in any source
BC-001260,Dettol Chyawanprash Awaleha Pure 500 g Jar,8900000001273,,IMAGE_REQUIRED,,0,MISSING,NO_MATCH,No candidate found in any source
BC-001261,Moov Apple Flavoured ORS Energy Drink 200 ml Tetra,8900000001274,,IMAGE_REQUIRED,,0,MISSING,NO_MATCH,No candidate found in any source
BC-001262,Dettol Orange Flavoured ORS Electrolyte Powder 21.8 g Sachet,8900000001275,,IMAGE_REQUIRED,,0,MISSING,NO_MATCH,No candidate found in any source
BC-001263,Dettol Vaporub Steam Inhalation Balm 25 g Tin,8900000001276,,IMAGE_REQUIRED,,0,MISSING,NO_MATCH,No candidate found in any source
BC-001264,Vicks Orange Flavoured ORS Electrolyte Powder 21.8 g Sachet,8900000001277,,IMAGE_REQUIRED,,0,MISSING,NO_MATCH,No candidate found in any source
BC-001265,Dettol Herbal Cough Syrup Honitus 200 ml,8900000001278,,IMAGE_REQUIRED,,0,MISSING,NO_MATCH,No candidate found in any source
BC-001266,Dettol Apple Flavoured ORS Energy Drink Pack of 5 200ml,8900000001279,,IMAGE_REQUIRED,,0,MISSING,NO_MATCH,No candidate found in any source
BC-001267,Moov Orange Flavoured ORS Electrolyte Powder 21.8 g Sachet,8900000001280,,IMAGE_REQUIRED,,0,MISSING,NO_MATCH,No candidate found in any source
BC-001268,Moov Pain Relief Ointment Balm 50 g Jar,8900000001281,,IMAGE_REQUIRED,,0,MISSING,NO_MATCH,No candidate found in any source
BC-001269,Vicks Herbal Cough Syrup Honitus 200 ml,8900000001282,,IMAGE_REQUIRED,,0,MISSING,NO_MATCH,No candidate found in any source
BC-001270,Dettol Pain Relief Spray Instant 55 g Spray,8900000001283,,IMAGE_REQUIRED,,0,MISSING,NO_MATCH,No candidate found in any source
BC-001271,Moov Apple Flavoured ORS Energy Drink Pack of 5 200ml,8900000001284,,IMAGE_REQUIRED,,0,MISSING,NO_MATCH,No candidate found in any source
BC-001272,Moov Herbal Cough Syrup Honitus 200 ml,8900000001285,,IMAGE_REQUIRED,,0,MISSING,NO_MATCH,No candidate found in any source
BC-001273,Vicks Chyawanprash Awaleha Pure 500 g Jar,8900000001286,,IMAGE_REQUIRED,,0,MISSING,NO_MATCH,No candidate found in any source
BC-001274,Moov Pain Relief Spray Instant 55 g Spray,8900000001287,,IMAGE_REQUIRED,,0,MISSING,NO_MATCH,No candidate found in any source
BC-001275,Vicks Pain Relief Ointment Balm 25 g Tube,8900000001288,,IMAGE_REQUIRED,,0,MISSING,NO_MATCH,No candidate found in any source
BC-001276,Moov Herbal Cough Syrup Honitus 100 ml,8900000001289,,IMAGE_REQUIRED,,0,MISSING,NO_MATCH,No candidate found in any source
BC-001277,Vicks Apple Flavoured ORS Energy Drink Pack of 5 200ml,8900000001290,,IMAGE_REQUIRED,,0,MISSING,NO_MATCH,No candidate found in any source
BC-001278,Moov Orange Flavoured ORS Electrolyte Powder Box of 10 Sachets,8900000001291,,IMAGE_REQUIRED,,0,MISSING,NO_MATCH,No candidate found in any source
BC-001279,Dettol Pain Relief Spray Instant 35 g Spray,8900000001292,,IMAGE_REQUIRED,,0,MISSING,NO_MATCH,No candidate found in any source
BC-001280,Vicks Vaporub Steam Inhalation Balm 25 g Tin,8900000001293,,IMAGE_REQUIRED,,0,MISSING,NO_MATCH,No candidate found in any source
BC-001281,Vicks Herbal Cough Syrup Honitus 100 ml,8900000001294,,IMAGE_REQUIRED,,0,MISSING,NO_MATCH,No candidate found in any source
BC-001282,Vicks Pain Relief Ointment Balm 50 g Jar,8900000001295,,IMAGE_REQUIRED,,0,MISSING,NO_MATCH,No candidate found in any source
BC-001283,Dettol Pain Relief Ointment Balm 50 g Jar,8900000001296,,IMAGE_REQUIRED,,0,MISSING,NO_MATCH,No candidate found in any source
BC-001284,Dettol Herbal Cough Syrup Honitus 100 ml,8900000001297,,IMAGE_REQUIRED,,0,MISSING,NO_MATCH,No candidate found in any source
BC-001285,Moov Cough Drops Menthol Candy Jar 150 pcs,8900000001298,,IMAGE_REQUIRED,,0,MISSING,NO_MATCH,No candidate found in any source
BC-001286,Whiskas Adult Cat Food Ocean Fish 3 kg Pack,8900000001299,,IMAGE_REQUIRED,,0,MISSING,NO_MATCH,No candidate found in any source
BC-001287,Whiskas Wet Cat Food Tuna Gravy Pouch Pack of 4 Pouches,8900000001300,,IMAGE_REQUIRED,,0,MISSING,NO_MATCH,No candidate found in any source
BC-001288,Whiskas Adult Dog Food Chicken & Vegetables 1.2 kg Pack,8900000001301,,IMAGE_REQUIRED,,0,MISSING,NO_MATCH,No candidate found in any source
BC-001289,Pedigree Wet Dog Food Chicken Gravy Pouch 70 g Pouch,8900000001302,,IMAGE_REQUIRED,,0,MISSING,NO_MATCH,No candidate found in any source
BC-001290,Whiskas Adult Dog Food Chicken & Vegetables 3 kg Pack,8900000001303,,IMAGE_REQUIRED,,0,MISSING,NO_MATCH,No candidate found in any source
BC-001291,Whiskas Wet Dog Food Chicken Gravy Pouch Pack of 6 Pouches,8900000001304,,IMAGE_REQUIRED,,0,MISSING,NO_MATCH,No candidate found in any source
BC-001292,Pedigree Adult Cat Food Ocean Fish 3 kg Pack,8900000001305,,IMAGE_REQUIRED,,0,MISSING,NO_MATCH,No candidate found in any source
BC-001293,Whiskas Wet Cat Food Tuna Gravy Pouch 85 g Pouch,8900000001306,,IMAGE_REQUIRED,,0,MISSING,NO_MATCH,No candidate found in any source
BC-001294,Whiskas Bentoknit Cat Litter Clumping Sand 5 kg Bag,8900000001307,,IMAGE_REQUIRED,,0,MISSING,NO_MATCH,No candidate found in any source
BC-001295,Pedigree Adult Cat Food Ocean Fish 1.2 kg Pack,8900000001308,,IMAGE_REQUIRED,,0,MISSING,NO_MATCH,No candidate found in any source
BC-001296,Whiskas Adult Dog Food Chicken & Vegetables 10 kg Bag,8900000001309,,IMAGE_REQUIRED,,0,MISSING,NO_MATCH,No candidate found in any source
BC-001297,Pedigree Bentoknit Cat Litter Clumping Sand 5 kg Bag,8900000001310,,IMAGE_REQUIRED,,0,MISSING,NO_MATCH,No candidate found in any source
BC-001298,Pedigree Wet Dog Food Chicken Gravy Pouch Pack of 6 Pouches,8900000001311,,IMAGE_REQUIRED,,0,MISSING,NO_MATCH,No candidate found in any source
BC-001299,Pedigree Adult Dog Food Chicken & Vegetables 10 kg Bag,8900000001312,,IMAGE_REQUIRED,,0,MISSING,NO_MATCH,No candidate found in any source
BC-001300,Pedigree Puppy Chicken & Milk Food 1.2 kg Pack,8900000001313,,IMAGE_REQUIRED,,0,MISSING,NO_MATCH,No candidate found in any source
BC-001301,Pedigree Adult Dog Food Chicken & Vegetables 3 kg Pack,8900000001314,,IMAGE_REQUIRED,,0,MISSING,NO_MATCH,No candidate found in any source
BC-001302,Whiskas Puppy Chicken & Milk Food 1.2 kg Pack,8900000001315,,IMAGE_REQUIRED,,0,MISSING,NO_MATCH,No candidate found in any source
BC-001303,Whiskas Adult Cat Food Ocean Fish 1.2 kg Pack,8900000001316,,IMAGE_REQUIRED,,0,MISSING,NO_MATCH,No candidate found in any source
BC-001304,Whiskas Wet Dog Food Chicken Gravy Pouch 70 g Pouch,8900000001317,,IMAGE_REQUIRED,,0,MISSING,NO_MATCH,No candidate found in any source
BC-001305,Pedigree Adult Dog Food Chicken & Vegetables 1.2 kg Pack,8900000001318,,IMAGE_REQUIRED,,0,MISSING,NO_MATCH,No candidate found in any source
BC-001306,Pedigree Wet Cat Food Tuna Gravy Pouch Pack of 4 Pouches,8900000001319,,IMAGE_REQUIRED,,0,MISSING,NO_MATCH,No candidate found in any source
BC-001307,Pedigree Wet Cat Food Tuna Gravy Pouch 85 g Pouch,8900000001320,,IMAGE_REQUIRED,,0,MISSING,NO_MATCH,No candidate found in any source
BC-001308,Whiskas Puppy Chicken & Milk Food 3 kg Pack,8900000001321,,IMAGE_REQUIRED,,0,MISSING,NO_MATCH,No candidate found in any source
BC-001309,Potato Indore Special 500 g,8900000001322,,IMAGE_REQUIRED,,0,MISSING,NO_MATCH,No candidate found in any source
BC-001310,Hybrid Red Tomato 500 g,8900000001323,,IMAGE_REQUIRED,,0,MISSING,NO_MATCH,No candidate found in any source
BC-001311,Hybrid Red Tomato 1 kg,8900000001324,,IMAGE_REQUIRED,,0,MISSING,NO_MATCH,No candidate found in any source
BC-001312,Hybrid Red Tomato 2 kg,8900000001325,,IMAGE_REQUIRED,,0,MISSING,NO_MATCH,No candidate found in any source
BC-001313,Onion Nashik Red 500 g,8900000001326,,IMAGE_REQUIRED,,0,MISSING,NO_MATCH,No candidate found in any source
BC-001314,Ginger Adrak 100 g,8900000001327,,IMAGE_REQUIRED,,0,MISSING,NO_MATCH,No candidate found in any source
BC-001315,Ginger Adrak 250 g,8900000001328,,IMAGE_REQUIRED,,0,MISSING,NO_MATCH,No candidate found in any source
BC-001316,Garlic Lahsun 100 g,8900000001329,,IMAGE_REQUIRED,,0,MISSING,NO_MATCH,No candidate found in any source
BC-001317,Garlic Lahsun 250 g,8900000001330,,IMAGE_REQUIRED,,0,MISSING,NO_MATCH,No candidate found in any source
BC-001318,Green Chilli Hari Mirchi 100 g,8900000001331,,IMAGE_REQUIRED,,0,MISSING,NO_MATCH,No candidate found in any source
BC-001319,Green Chilli Hari Mirchi 250 g,8900000001332,,IMAGE_REQUIRED,,0,MISSING,NO_MATCH,No candidate found in any source
BC-001320,Coriander Leaves Kothimbir 1 bunch,8900000001333,,IMAGE_REQUIRED,,0,MISSING,NO_MATCH,No candidate found in any source
BC-001321,Mint Leaves Pudina 1 bunch,8900000001334,,IMAGE_REQUIRED,,0,MISSING,NO_MATCH,No candidate found in any source
BC-001322,Curry Leaves Kadi Patta 50 g,8900000001335,,IMAGE_REQUIRED,,0,MISSING,NO_MATCH,No candidate found in any source
BC-001323,Spinach Palak 250 g,8900000001336,,IMAGE_REQUIRED,,0,MISSING,NO_MATCH,No candidate found in any source
BC-001324,Fenugreek Leaves Methi 250 g,8900000001337,,IMAGE_REQUIRED,,0,MISSING,NO_MATCH,No candidate found in any source
BC-001325,Spring Onion Kanda Pat 1 kg,8900000001338,,IMAGE_REQUIRED,,0,MISSING,NO_MATCH,No candidate found in any source
BC-001326,Bhindi Lady Finger 250 g,8900000001339,,IMAGE_REQUIRED,,0,MISSING,NO_MATCH,No candidate found in any source
BC-001327,Bhindi Lady Finger 500 g,8900000001340,,IMAGE_REQUIRED,,0,MISSING,NO_MATCH,No candidate found in any source
BC-001328,Brinjal Baingan Vange 250 g,8900000001341,,IMAGE_REQUIRED,,0,MISSING,NO_MATCH,No candidate found in any source
BC-001329,Brinjal Baingan Vange 500 g,8900000001342,,IMAGE_REQUIRED,,0,MISSING,NO_MATCH,No candidate found in any source
BC-001330,Cauliflower Phool Gobi 1 pc,8900000001343,,IMAGE_REQUIRED,,0,MISSING,NO_MATCH,No candidate found in any source
BC-001331,Cabbage Patta Gobi 1 pc,8900000001344,,IMAGE_REQUIRED,,0,MISSING,NO_MATCH,No candidate found in any source
BC-001332,Green Capsicum Shimla Mirch 250 g,8900000001345,,IMAGE_REQUIRED,,0,MISSING,NO_MATCH,No candidate found in any source
BC-001333,Green Capsicum Shimla Mirch 500 g,8900000001346,,IMAGE_REQUIRED,,0,MISSING,NO_MATCH,No candidate found in any source
BC-001334,Cucumber Kakdi 500 g,8900000001347,,IMAGE_REQUIRED,,0,MISSING,NO_MATCH,No candidate found in any source
BC-001335,Red Carrot Gajar 500 g,8900000001348,,IMAGE_REQUIRED,,0,MISSING,NO_MATCH,No candidate found in any source
BC-001336,White Radish Mooli 500 g,8900000001349,,IMAGE_REQUIRED,,0,MISSING,NO_MATCH,No candidate found in any source
BC-001337,Bottle Gourd Lauki Dudhi 1 pc / approx 500g,8900000001350,,IMAGE_REQUIRED,,0,MISSING,NO_MATCH,No candidate found in any source
BC-001338,Bitter Gourd Karela 250 g,8900000001351,,IMAGE_REQUIRED,,0,MISSING,NO_MATCH,No candidate found in any source
BC-001339,Ridge Gourd Dodka Turai 500 g,8900000001352,,IMAGE_REQUIRED,,0,MISSING,NO_MATCH,No candidate found in any source
BC-001340,Green Peas Matar 250 g,8900000001353,,IMAGE_REQUIRED,,0,MISSING,NO_MATCH,No candidate found in any source
BC-001341,Green Peas Matar 500 g,8900000001354,,IMAGE_REQUIRED,,0,MISSING,NO_MATCH,No candidate found in any source
BC-001342,French Beans 250 g,8900000001355,,IMAGE_REQUIRED,,0,MISSING,NO_MATCH,No candidate found in any source
BC-001343,Cluster Beans Gawar 250 g,8900000001356,,IMAGE_REQUIRED,,0,MISSING,NO_MATCH,No candidate found in any source
BC-001344,Drumstick Shevga 250 g,8900000001357,,IMAGE_REQUIRED,,0,MISSING,NO_MATCH,No candidate found in any source
BC-001345,Beetroot 500 g,8900000001358,,IMAGE_REQUIRED,,0,MISSING,NO_MATCH,No candidate found in any source
BC-001346,Juicy Yellow Lemon 6 pcs,8900000001359,,IMAGE_REQUIRED,,0,MISSING,NO_MATCH,No candidate found in any source
BC-001347,Gold Flake Kings (10 Sticks),8901234000018,,IMAGE_REQUIRED,,0,MISSING,NO_MATCH,No candidate found in any source
BC-001348,Gold Flake Lights (10 Sticks),8901234000025,,IMAGE_REQUIRED,,0,MISSING,NO_MATCH,No candidate found in any source
BC-001349,Gold Flake Premium (10 Sticks),8901234000032,,IMAGE_REQUIRED,,0,MISSING,NO_MATCH,No candidate found in any source
BC-001350,Gold Flake Small (10 Sticks),8901234000049,,IMAGE_REQUIRED,,0,MISSING,NO_MATCH,No candidate found in any source
BC-001351,Wills Navy Cut (10 Sticks),8901234000056,,IMAGE_REQUIRED,,0,MISSING,NO_MATCH,No candidate found in any source
BC-001352,Wills Classic (10 Sticks),8901234000063,,IMAGE_REQUIRED,,0,MISSING,NO_MATCH,No candidate found in any source
BC-001353,Wills Classic Milds (10 Sticks),8901234000070,,IMAGE_REQUIRED,,0,MISSING,NO_MATCH,No candidate found in any source
BC-001354,Wills Classic Connect (20 Sticks),8901234000087,,IMAGE_REQUIRED,,0,MISSING,NO_MATCH,No candidate found in any source
BC-001355,Classic Milds (10 Sticks),8901234000094,,IMAGE_REQUIRED,,0,MISSING,NO_MATCH,No candidate found in any source
BC-001356,Classic Ice Burst (10 Sticks),8901234000100,,IMAGE_REQUIRED,,0,MISSING,NO_MATCH,No candidate found in any source
BC-001357,Marlboro Red (10 Sticks),8901234000117,,IMAGE_REQUIRED,,0,MISSING,NO_MATCH,No candidate found in any source
BC-001358,Marlboro Advance (10 Sticks),8901234000124,,IMAGE_REQUIRED,,0,MISSING,NO_MATCH,No candidate found in any source
BC-001359,Marlboro Gold (10 Sticks),8901234000131,,IMAGE_REQUIRED,,0,MISSING,NO_MATCH,No candidate found in any source
BC-001360,Marlboro Double Burst (10 Sticks),8901234000148,,IMAGE_REQUIRED,,0,MISSING,NO_MATCH,No candidate found in any source
BC-001361,Four Square Kings (10 Sticks),8901234000155,,IMAGE_REQUIRED,,0,MISSING,NO_MATCH,No candidate found in any source
BC-001362,Four Square Crush (10 Sticks),8901234000162,,IMAGE_REQUIRED,,0,MISSING,NO_MATCH,No candidate found in any source
BC-001363,American Club (10 Sticks),8901234000179,,IMAGE_REQUIRED,,0,MISSING,NO_MATCH,No candidate found in any source
BC-001364,Players (10 Sticks),8901234000186,,IMAGE_REQUIRED,,0,MISSING,NO_MATCH,No candidate found in any source
BC-001365,English Oven Taaza Homogenised Toned Milk 500 ml,8900000001378,,IMAGE_REQUIRED,,0,MISSING,NO_MATCH,No candidate found in any source
BC-001366,English Oven Pasteurised Salted Butter 200 g,8900000001379,,IMAGE_REQUIRED,,0,MISSING,NO_MATCH,No candidate found in any source
BC-001367,Quaker Fresh Malai Paneer 400 g,8900000001380,,IMAGE_REQUIRED,,0,MISSING,NO_MATCH,No candidate found in any source
BC-001368,Slurrp Farm Processed Cheese Slices 200 g 10 Slices,8900000001381,,IMAGE_REQUIRED,,0,MISSING,NO_MATCH,No candidate found in any source
BC-001369,Quaker Corn Flakes Real Honey & Almond 475 g,8900000001382,,IMAGE_REQUIRED,,0,MISSING,NO_MATCH,No candidate found in any source
BC-001370,Gowardhan Chocos Chocolate Cereal 125 g,8900000001383,,IMAGE_REQUIRED,,0,MISSING,NO_MATCH,No candidate found in any source
BC-001371,Gowardhan Rolled Oats Whole Grain 2 kg,8900000001384,,IMAGE_REQUIRED,,0,MISSING,NO_MATCH,No candidate found in any source
BC-001372,Chitale 100% Whole Wheat Brown Bread 400 g,8900000001385,,IMAGE_REQUIRED,,0,MISSING,NO_MATCH,No candidate found in any source
BC-001373,English Oven Muesli Fruit & Nut Crunch 1 kg,8900000001386,,IMAGE_REQUIRED,,0,MISSING,NO_MATCH,No candidate found in any source
BC-001374,Chitale Cow Ghee Desi Pure 200 ml,8900000001387,,IMAGE_REQUIRED,,0,MISSING,NO_MATCH,No candidate found in any source
BC-001375,Gowardhan Taaza Homogenised Toned Milk 1 L,8900000001388,,IMAGE_REQUIRED,,0,MISSING,NO_MATCH,No candidate found in any source
BC-001376,Chitale Gold Full Cream Milk 1 L,8900000001389,,IMAGE_REQUIRED,,0,MISSING,NO_MATCH,No candidate found in any source
BC-001377,Quaker Fresh Masti Dahi Curd 200 g,8900000001390,,IMAGE_REQUIRED,,0,MISSING,NO_MATCH,No candidate found in any source
BC-001378,Slurrp Farm Pasteurised Salted Butter 200 g,8900000001391,,IMAGE_REQUIRED,,0,MISSING,NO_MATCH,No candidate found in any source
BC-001379,Quaker Fresh Malai Paneer 200 g,8900000001392,,IMAGE_REQUIRED,,0,MISSING,NO_MATCH,No candidate found in any source
BC-001380,Gowardhan Cheese Block Cheddar 500 g,8900000001393,,IMAGE_REQUIRED,,0,MISSING,NO_MATCH,No candidate found in any source
BC-001381,Slurrp Farm Corn Flakes Real Honey & Almond 475 g,8900000001394,,IMAGE_REQUIRED,,0,MISSING,NO_MATCH,No candidate found in any source
BC-001382,English Oven 100% Whole Wheat Brown Bread 400 g,8900000001395,,IMAGE_REQUIRED,,0,MISSING,NO_MATCH,No candidate found in any source
BC-001383,Kellogg's Muesli Fruit & Nut Crunch 1 kg,8900000001396,,IMAGE_REQUIRED,,0,MISSING,NO_MATCH,No candidate found in any source
BC-001384,Quaker Cow Ghee Desi Pure 1 L,8900000001397,,IMAGE_REQUIRED,,0,MISSING,NO_MATCH,No candidate found in any source
BC-001385,Gowardhan Gold Full Cream Milk 500 ml,8900000001398,,IMAGE_REQUIRED,,0,MISSING,NO_MATCH,No candidate found in any source
BC-001386,Slurrp Farm Pasteurised Salted Butter 100 g,8900000001399,,IMAGE_REQUIRED,,0,MISSING,NO_MATCH,No candidate found in any source
BC-001387,Chitale Fresh Malai Paneer 400 g,8900000001400,,IMAGE_REQUIRED,,0,MISSING,NO_MATCH,No candidate found in any source
BC-001388,Chitale Cheese Block Cheddar 200 g,8900000001401,,IMAGE_REQUIRED,,0,MISSING,NO_MATCH,No candidate found in any source
BC-001389,Kellogg's Corn Flakes Real Honey & Almond 475 g,8900000001402,,IMAGE_REQUIRED,,0,MISSING,NO_MATCH,No candidate found in any source
BC-001390,Kellogg's Chocos Chocolate Cereal 375 g,8900000001403,,IMAGE_REQUIRED,,0,MISSING,NO_MATCH,No candidate found in any source
BC-001391,Quaker Rolled Oats Whole Grain 1 kg,8900000001404,,IMAGE_REQUIRED,,0,MISSING,NO_MATCH,No candidate found in any source
BC-001392,Chitale Muesli Fruit & Nut Crunch 1 kg,8900000001405,,IMAGE_REQUIRED,,0,MISSING,NO_MATCH,No candidate found in any source
BC-001393,Chitale Taaza Homogenised Toned Milk 1 L,8900000001406,,IMAGE_REQUIRED,,0,MISSING,NO_MATCH,No candidate found in any source
BC-001394,Slurrp Farm Gold Full Cream Milk 1 L,8900000001407,,IMAGE_REQUIRED,,0,MISSING,NO_MATCH,No candidate found in any source
BC-001395,English Oven Fresh Masti Dahi Curd 400 g,8900000001408,,IMAGE_REQUIRED,,0,MISSING,NO_MATCH,No candidate found in any source
BC-001396,Kellogg's Pasteurised Salted Butter 200 g,8900000001409,,IMAGE_REQUIRED,,0,MISSING,NO_MATCH,No candidate found in any source
BC-001397,Kellogg's Cheese Block Cheddar 200 g,8900000001410,,IMAGE_REQUIRED,,0,MISSING,NO_MATCH,No candidate found in any source
BC-001398,Slurrp Farm Chocos Chocolate Cereal 125 g,8900000001411,,IMAGE_REQUIRED,,0,MISSING,NO_MATCH,No candidate found in any source
BC-001399,English Oven Rolled Oats Whole Grain 1 kg,8900000001412,,IMAGE_REQUIRED,,0,MISSING,NO_MATCH,No candidate found in any source
BC-001400,Kellogg's Classic Sandwich White Bread 800 g,8900000001413,,IMAGE_REQUIRED,,0,MISSING,NO_MATCH,No candidate found in any source
BC-001401,Quaker Cow Ghee Desi Pure 500 ml,8900000001414,,IMAGE_REQUIRED,,0,MISSING,NO_MATCH,No candidate found in any source
BC-001402,Kellogg's Taaza Homogenised Toned Milk 1 L,8900000001415,,IMAGE_REQUIRED,,0,MISSING,NO_MATCH,No candidate found in any source
BC-001403,Quaker Gold Full Cream Milk 1 L,8900000001416,,IMAGE_REQUIRED,,0,MISSING,NO_MATCH,No candidate found in any source
BC-001404,English Oven Fresh Masti Dahi Curd 200 g,8900000001417,,IMAGE_REQUIRED,,0,MISSING,NO_MATCH,No candidate found in any source
BC-001405,Gowardhan Fresh Malai Paneer 400 g,8900000001418,,IMAGE_REQUIRED,,0,MISSING,NO_MATCH,No candidate found in any source
BC-001406,Gowardhan Processed Cheese Slices 100 g 5 Slices,8900000001419,,IMAGE_REQUIRED,,0,MISSING,NO_MATCH,No candidate found in any source
BC-001407,English Oven Cheese Block Cheddar 200 g,8900000001420,,IMAGE_REQUIRED,,0,MISSING,NO_MATCH,No candidate found in any source
BC-001408,Kellogg's Corn Flakes Real Honey & Almond 250 g,8900000001421,,IMAGE_REQUIRED,,0,MISSING,NO_MATCH,No candidate found in any source
BC-001409,English Oven Chocos Chocolate Cereal 250 g,8900000001422,,IMAGE_REQUIRED,,0,MISSING,NO_MATCH,No candidate found in any source
BC-001410,English Oven Rolled Oats Whole Grain 500 g,8900000001423,,IMAGE_REQUIRED,,0,MISSING,NO_MATCH,No candidate found in any source
BC-001411,English Oven Classic Sandwich White Bread 800 g,8900000001424,,IMAGE_REQUIRED,,0,MISSING,NO_MATCH,No candidate found in any source
BC-001412,Slurrp Farm 100% Whole Wheat Brown Bread 400 g,8900000001425,,IMAGE_REQUIRED,,0,MISSING,NO_MATCH,No candidate found in any source
BC-001413,Kellogg's Muesli Fruit & Nut Crunch 400 g,8900000001426,,IMAGE_REQUIRED,,0,MISSING,NO_MATCH,No candidate found in any source
BC-001414,Gowardhan Cow Ghee Desi Pure 200 ml,8900000001427,,IMAGE_REQUIRED,,0,MISSING,NO_MATCH,No candidate found in any source
BC-001415,Quaker Taaza Homogenised Toned Milk 1 L,8900000001428,,IMAGE_REQUIRED,,0,MISSING,NO_MATCH,No candidate found in any source
BC-001416,Quaker Fresh Malai Paneer 1 kg,8900000001429,,IMAGE_REQUIRED,,0,MISSING,NO_MATCH,No candidate found in any source
BC-001417,Chitale Processed Cheese Slices 200 g 10 Slices,8900000001430,,IMAGE_REQUIRED,,0,MISSING,NO_MATCH,No candidate found in any source
BC-001418,Gowardhan Cheese Block Cheddar 200 g,8900000001431,,IMAGE_REQUIRED,,0,MISSING,NO_MATCH,No candidate found in any source
BC-001419,Chitale Chocos Chocolate Cereal 375 g,8900000001432,,IMAGE_REQUIRED,,0,MISSING,NO_MATCH,No candidate found in any source
BC-001420,Gowardhan Classic Sandwich White Bread 400 g,8900000001433,,IMAGE_REQUIRED,,0,MISSING,NO_MATCH,No candidate found in any source
BC-001421,Gowardhan Cow Ghee Desi Pure 500 ml,8900000001434,,IMAGE_REQUIRED,,0,MISSING,NO_MATCH,No candidate found in any source
BC-001422,English Oven Taaza Homogenised Toned Milk 1 L,8900000001435,,IMAGE_REQUIRED,,0,MISSING,NO_MATCH,No candidate found in any source
BC-001423,Quaker Gold Full Cream Milk 500 ml,8900000001436,,IMAGE_REQUIRED,,0,MISSING,NO_MATCH,No candidate found in any source
BC-001424,Quaker Fresh Masti Dahi Curd 400 g,8900000001437,,IMAGE_REQUIRED,,0,MISSING,NO_MATCH,No candidate found in any source
BC-001425,Gowardhan Pasteurised Salted Butter 100 g,8900000001438,,IMAGE_REQUIRED,,0,MISSING,NO_MATCH,No candidate found in any source
BC-001426,Slurrp Farm Processed Cheese Slices 100 g 5 Slices,8900000001439,,IMAGE_REQUIRED,,0,MISSING,NO_MATCH,No candidate found in any source
BC-001427,Quaker Cheese Block Cheddar 500 g,8900000001440,,IMAGE_REQUIRED,,0,MISSING,NO_MATCH,No candidate found in any source
BC-001428,Kellogg's Corn Flakes Real Honey & Almond 875 g,8900000001441,,IMAGE_REQUIRED,,0,MISSING,NO_MATCH,No candidate found in any source
BC-001429,Gowardhan 100% Whole Wheat Brown Bread 400 g,8900000001442,,IMAGE_REQUIRED,,0,MISSING,NO_MATCH,No candidate found in any source
BC-001430,Gowardhan Muesli Fruit & Nut Crunch 400 g,8900000001443,,IMAGE_REQUIRED,,0,MISSING,NO_MATCH,No candidate found in any source
BC-001431,Slurrp Farm Taaza Homogenised Toned Milk 500 ml,8900000001444,,IMAGE_REQUIRED,,0,MISSING,NO_MATCH,No candidate found in any source
BC-001432,English Oven Fresh Masti Dahi Curd 1 kg,8900000001445,,IMAGE_REQUIRED,,0,MISSING,NO_MATCH,No candidate found in any source
BC-001433,Kellogg's Cheese Block Cheddar 500 g,8900000001446,,IMAGE_REQUIRED,,0,MISSING,NO_MATCH,No candidate found in any source
BC-001434,Chitale Corn Flakes Real Honey & Almond 250 g,8900000001447,,IMAGE_REQUIRED,,0,MISSING,NO_MATCH,No candidate found in any source
BC-001435,Chitale Rolled Oats Whole Grain 500 g,8900000001448,,IMAGE_REQUIRED,,0,MISSING,NO_MATCH,No candidate found in any source
BC-001436,English Oven Classic Sandwich White Bread 400 g,8900000001449,,IMAGE_REQUIRED,,0,MISSING,NO_MATCH,No candidate found in any source
BC-001437,Quaker Muesli Fruit & Nut Crunch 1 kg,8900000001450,,IMAGE_REQUIRED,,0,MISSING,NO_MATCH,No candidate found in any source
BC-001438,Quaker Cow Ghee Desi Pure 200 ml,8900000001451,,IMAGE_REQUIRED,,0,MISSING,NO_MATCH,No candidate found in any source
BC-001439,Gowardhan Gold Full Cream Milk 1 L,8900000001452,,IMAGE_REQUIRED,,0,MISSING,NO_MATCH,No candidate found in any source
BC-001440,Gowardhan Fresh Masti Dahi Curd 200 g,8900000001453,,IMAGE_REQUIRED,,0,MISSING,NO_MATCH,No candidate found in any source
BC-001441,Gowardhan Pasteurised Salted Butter 200 g,8900000001454,,IMAGE_REQUIRED,,0,MISSING,NO_MATCH,No candidate found in any source
BC-001442,Kellogg's Fresh Malai Paneer 200 g,8900000001455,,IMAGE_REQUIRED,,0,MISSING,NO_MATCH,No candidate found in any source
BC-001443,Slurrp Farm Classic Sandwich White Bread 800 g,8900000001456,,IMAGE_REQUIRED,,0,MISSING,NO_MATCH,No candidate found in any source
BC-001444,Quaker 100% Whole Wheat Brown Bread 400 g,8900000001457,,IMAGE_REQUIRED,,0,MISSING,NO_MATCH,No candidate found in any source
BC-001445,Chitale Taaza Homogenised Toned Milk 500 ml,8900000001458,,IMAGE_REQUIRED,,0,MISSING,NO_MATCH,No candidate found in any source
BC-001446,Chitale Gold Full Cream Milk 500 ml,8900000001459,,IMAGE_REQUIRED,,0,MISSING,NO_MATCH,No candidate found in any source
BC-001447,Slurrp Farm Corn Flakes Real Honey & Almond 875 g,8900000001460,,IMAGE_REQUIRED,,0,MISSING,NO_MATCH,No candidate found in any source
BC-001448,Chitale Rolled Oats Whole Grain 1 kg,8900000001461,,IMAGE_REQUIRED,,0,MISSING,NO_MATCH,No candidate found in any source
BC-001449,Chitale Muesli Fruit & Nut Crunch 400 g,8900000001462,,IMAGE_REQUIRED,,0,MISSING,NO_MATCH,No candidate found in any source
BC-001450,Slurrp Farm Cow Ghee Desi Pure 500 ml,8900000001463,,IMAGE_REQUIRED,,0,MISSING,NO_MATCH,No candidate found in any source
BC-001451,Kellogg's Gold Full Cream Milk 1 L,8900000001464,,IMAGE_REQUIRED,,0,MISSING,NO_MATCH,No candidate found in any source
BC-001452,Chitale Fresh Masti Dahi Curd 200 g,8900000001465,,IMAGE_REQUIRED,,0,MISSING,NO_MATCH,No candidate found in any source
BC-001453,Gowardhan Muesli Fruit & Nut Crunch 1 kg,8900000001466,,IMAGE_REQUIRED,,0,MISSING,NO_MATCH,No candidate found in any source
BC-001454,Chitale Cow Ghee Desi Pure 500 ml,8900000001467,,IMAGE_REQUIRED,,0,MISSING,NO_MATCH,No candidate found in any source
BC-001455,English Oven Gold Full Cream Milk 500 ml,8900000001468,,IMAGE_REQUIRED,,0,MISSING,NO_MATCH,No candidate found in any source
BC-001456,Chitale Fresh Masti Dahi Curd 1 kg,8900000001469,,IMAGE_REQUIRED,,0,MISSING,NO_MATCH,No candidate found in any source
BC-001457,Chitale Pasteurised Salted Butter 200 g,8900000001470,,IMAGE_REQUIRED,,0,MISSING,NO_MATCH,No candidate found in any source
BC-001458,Quaker Processed Cheese Slices 200 g 10 Slices,8900000001471,,IMAGE_REQUIRED,,0,MISSING,NO_MATCH,No candidate found in any source
BC-001459,Kellogg's Chocos Chocolate Cereal 125 g,8900000001472,,IMAGE_REQUIRED,,0,MISSING,NO_MATCH,No candidate found in any source
BC-001460,Quaker Rolled Oats Whole Grain 2 kg,8900000001473,,IMAGE_REQUIRED,,0,MISSING,NO_MATCH,No candidate found in any source
BC-001461,English Oven Muesli Fruit & Nut Crunch 400 g,8900000001474,,IMAGE_REQUIRED,,0,MISSING,NO_MATCH,No candidate found in any source
BC-001462,Chitale Cheese Block Cheddar 500 g,8900000001475,,IMAGE_REQUIRED,,0,MISSING,NO_MATCH,No candidate found in any source
BC-001463,Chitale Rolled Oats Whole Grain 2 kg,8900000001476,,IMAGE_REQUIRED,,0,MISSING,NO_MATCH,No candidate found in any source
BC-001464,Slurrp Farm Muesli Fruit & Nut Crunch 400 g,8900000001477,,IMAGE_REQUIRED,,0,MISSING,NO_MATCH,No candidate found in any source
BC-001465,Chitale Fresh Malai Paneer 1 kg,8900000001478,,IMAGE_REQUIRED,,0,MISSING,NO_MATCH,No candidate found in any source
BC-001466,English Oven Chocos Chocolate Cereal 125 g,8900000001479,,IMAGE_REQUIRED,,0,MISSING,NO_MATCH,No candidate found in any source
BC-001467,Gowardhan Cow Ghee Desi Pure 1 L,8900000001480,,IMAGE_REQUIRED,,0,MISSING,NO_MATCH,No candidate found in any source
BC-001468,Kellogg's Fresh Masti Dahi Curd 400 g,8900000001481,,IMAGE_REQUIRED,,0,MISSING,NO_MATCH,No candidate found in any source
BC-001469,English Oven Pasteurised Salted Butter 100 g,8900000001482,,IMAGE_REQUIRED,,0,MISSING,NO_MATCH,No candidate found in any source
BC-001470,English Oven Corn Flakes Real Honey & Almond 250 g,8900000001483,,IMAGE_REQUIRED,,0,MISSING,NO_MATCH,No candidate found in any source
BC-001471,Chitale Chocos Chocolate Cereal 250 g,8900000001484,,IMAGE_REQUIRED,,0,MISSING,NO_MATCH,No candidate found in any source
BC-001472,English Oven Pasteurised Salted Butter 500 g,8900000001485,,IMAGE_REQUIRED,,0,MISSING,NO_MATCH,No candidate found in any source
BC-001473,Kellogg's Rolled Oats Whole Grain 2 kg,8900000001486,,IMAGE_REQUIRED,,0,MISSING,NO_MATCH,No candidate found in any source
BC-001474,English Oven Gold Full Cream Milk 1 L,8900000001487,,IMAGE_REQUIRED,,0,MISSING,NO_MATCH,No candidate found in any source
BC-001475,Gowardhan Fresh Masti Dahi Curd 1 kg,8900000001488,,IMAGE_REQUIRED,,0,MISSING,NO_MATCH,No candidate found in any source
BC-001476,Gowardhan Pasteurised Salted Butter 500 g,8900000001489,,IMAGE_REQUIRED,,0,MISSING,NO_MATCH,No candidate found in any source
BC-001477,Quaker Chocos Chocolate Cereal 375 g,8900000001490,,IMAGE_REQUIRED,,0,MISSING,NO_MATCH,No candidate found in any source
BC-001478,Quaker Classic Sandwich White Bread 800 g,8900000001491,,IMAGE_REQUIRED,,0,MISSING,NO_MATCH,No candidate found in any source
BC-001479,Kellogg's 100% Whole Wheat Brown Bread 400 g,8900000001492,,IMAGE_REQUIRED,,0,MISSING,NO_MATCH,No candidate found in any source
BC-001480,Chitale Cow Ghee Desi Pure 1 L,8900000001493,,IMAGE_REQUIRED,,0,MISSING,NO_MATCH,No candidate found in any source
BC-001481,Kellogg's Fresh Masti Dahi Curd 1 kg,8900000001494,,IMAGE_REQUIRED,,0,MISSING,NO_MATCH,No candidate found in any source
BC-001482,Slurrp Farm Pasteurised Salted Butter 500 g,8900000001495,,IMAGE_REQUIRED,,0,MISSING,NO_MATCH,No candidate found in any source
BC-001483,Slurrp Farm Fresh Malai Paneer 400 g,8900000001496,,IMAGE_REQUIRED,,0,MISSING,NO_MATCH,No candidate found in any source
BC-001484,Chitale Processed Cheese Slices 100 g 5 Slices,8900000001497,,IMAGE_REQUIRED,,0,MISSING,NO_MATCH,No candidate found in any source
BC-001485,Quaker Cheese Block Cheddar 200 g,8900000001498,,IMAGE_REQUIRED,,0,MISSING,NO_MATCH,No candidate found in any source
BC-001486,English Oven Corn Flakes Real Honey & Almond 475 g,8900000001499,,IMAGE_REQUIRED,,0,MISSING,NO_MATCH,No candidate found in any source
BC-001487,Gowardhan Rolled Oats Whole Grain 500 g,8900000001500,,IMAGE_REQUIRED,,0,MISSING,NO_MATCH,No candidate found in any source
BC-001488,English Oven Cow Ghee Desi Pure 200 ml,8900000001501,,IMAGE_REQUIRED,,0,MISSING,NO_MATCH,No candidate found in any source
BC-001489,Slurrp Farm Fresh Masti Dahi Curd 200 g,8900000001502,,IMAGE_REQUIRED,,0,MISSING,NO_MATCH,No candidate found in any source
BC-001490,Slurrp Farm Fresh Malai Paneer 200 g,8900000001503,,IMAGE_REQUIRED,,0,MISSING,NO_MATCH,No candidate found in any source
BC-001491,Gowardhan Corn Flakes Real Honey & Almond 250 g,8900000001504,,IMAGE_REQUIRED,,0,MISSING,NO_MATCH,No candidate found in any source
BC-001492,Gowardhan Taaza Homogenised Toned Milk 500 ml,8900000001505,,IMAGE_REQUIRED,,0,MISSING,NO_MATCH,No candidate found in any source
BC-001493,Quaker Pasteurised Salted Butter 100 g,8900000001506,,IMAGE_REQUIRED,,0,MISSING,NO_MATCH,No candidate found in any source
BC-001494,Quaker Processed Cheese Slices 100 g 5 Slices,8900000001507,,IMAGE_REQUIRED,,0,MISSING,NO_MATCH,No candidate found in any source
BC-001495,English Oven Chocos Chocolate Cereal 375 g,8900000001508,,IMAGE_REQUIRED,,0,MISSING,NO_MATCH,No candidate found in any source
BC-001496,English Oven Fresh Malai Paneer 1 kg,8900000001509,,IMAGE_REQUIRED,,0,MISSING,NO_MATCH,No candidate found in any source
BC-001497,Chitale Classic Sandwich White Bread 400 g,8900000001510,,IMAGE_REQUIRED,,0,MISSING,NO_MATCH,No candidate found in any source
BC-001498,Slurrp Farm Cow Ghee Desi Pure 1 L,8900000001511,,IMAGE_REQUIRED,,0,MISSING,NO_MATCH,No candidate found in any source
BC-001499,English Oven Cheese Block Cheddar 500 g,8900000001512,,IMAGE_REQUIRED,,0,MISSING,NO_MATCH,No candidate found in any source
BC-001500,Gowardhan Corn Flakes Real Honey & Almond 875 g,8900000001513,,IMAGE_REQUIRED,,0,MISSING,NO_MATCH,No candidate found in any source
BC-001501,Slurrp Farm Classic Sandwich White Bread 400 g,8900000001514,,IMAGE_REQUIRED,,0,MISSING,NO_MATCH,No candidate found in any source
BC-001502,Kellogg's Taaza Homogenised Toned Milk 500 ml,8900000001515,,IMAGE_REQUIRED,,0,MISSING,NO_MATCH,No candidate found in any source
BC-001503,Slurrp Farm Gold Full Cream Milk 500 ml,8900000001516,,IMAGE_REQUIRED,,0,MISSING,NO_MATCH,No candidate found in any source
BC-001504,Quaker Pasteurised Salted Butter 200 g,8900000001517,,IMAGE_REQUIRED,,0,MISSING,NO_MATCH,No candidate found in any source
BC-001505,Kellogg's Classic Sandwich White Bread 400 g,8900000001518,,IMAGE_REQUIRED,,0,MISSING,NO_MATCH,No candidate found in any source
BC-001506,Kellogg's Processed Cheese Slices 200 g 10 Slices,8900000001519,,IMAGE_REQUIRED,,0,MISSING,NO_MATCH,No candidate found in any source
BC-001507,Slurrp Farm Rolled Oats Whole Grain 500 g,8900000001520,,IMAGE_REQUIRED,,0,MISSING,NO_MATCH,No candidate found in any source
BC-001508,Gowardhan Corn Flakes Real Honey & Almond 475 g,8900000001521,,IMAGE_REQUIRED,,0,MISSING,NO_MATCH,No candidate found in any source
BC-001509,Quaker Rolled Oats Whole Grain 500 g,8900000001522,,IMAGE_REQUIRED,,0,MISSING,NO_MATCH,No candidate found in any source
BC-001510,Gowardhan Fresh Masti Dahi Curd 400 g,8900000001523,,IMAGE_REQUIRED,,0,MISSING,NO_MATCH,No candidate found in any source
BC-001511,Slurrp Farm Chocos Chocolate Cereal 375 g,8900000001524,,IMAGE_REQUIRED,,0,MISSING,NO_MATCH,No candidate found in any source
BC-001512,Kellogg's Fresh Masti Dahi Curd 200 g,8900000001525,,IMAGE_REQUIRED,,0,MISSING,NO_MATCH,No candidate found in any source
BC-001513,Kellogg's Pasteurised Salted Butter 500 g,8900000001526,,IMAGE_REQUIRED,,0,MISSING,NO_MATCH,No candidate found in any source
BC-001514,Slurrp Farm Cheese Block Cheddar 500 g,8900000001527,,IMAGE_REQUIRED,,0,MISSING,NO_MATCH,No candidate found in any source
BC-001515,Slurrp Farm Muesli Fruit & Nut Crunch 1 kg,8900000001528,,IMAGE_REQUIRED,,0,MISSING,NO_MATCH,No candidate found in any source
BC-001516,English Oven Cow Ghee Desi Pure 1 L,8900000001529,,IMAGE_REQUIRED,,0,MISSING,NO_MATCH,No candidate found in any source
BC-001517,Kellogg's Processed Cheese Slices 100 g 5 Slices,8900000001530,,IMAGE_REQUIRED,,0,MISSING,NO_MATCH,No candidate found in any source
BC-001518,Slurrp Farm Cheese Block Cheddar 200 g,8900000001531,,IMAGE_REQUIRED,,0,MISSING,NO_MATCH,No candidate found in any source
BC-001519,Kellogg's Cow Ghee Desi Pure 500 ml,8900000001532,,IMAGE_REQUIRED,,0,MISSING,NO_MATCH,No candidate found in any source
BC-001520,Slurrp Farm Fresh Masti Dahi Curd 1 kg,8900000001533,,IMAGE_REQUIRED,,0,MISSING,NO_MATCH,No candidate found in any source
BC-001521,Chitale Classic Sandwich White Bread 800 g,8900000001534,,IMAGE_REQUIRED,,0,MISSING,NO_MATCH,No candidate found in any source
BC-001522,Chitale Chocos Chocolate Cereal 125 g,8900000001535,,IMAGE_REQUIRED,,0,MISSING,NO_MATCH,No candidate found in any source
BC-001523,Kellogg's Rolled Oats Whole Grain 1 kg,8900000001536,,IMAGE_REQUIRED,,0,MISSING,NO_MATCH,No candidate found in any source
BC-001524,Chitale Corn Flakes Real Honey & Almond 475 g,8900000001537,,IMAGE_REQUIRED,,0,MISSING,NO_MATCH,No candidate found in any source
BC-001525,Quaker Chocos Chocolate Cereal 250 g,8900000001538,,IMAGE_REQUIRED,,0,MISSING,NO_MATCH,No candidate found in any source
BC-001526,Slurrp Farm Rolled Oats Whole Grain 1 kg,8900000001539,,IMAGE_REQUIRED,,0,MISSING,NO_MATCH,No candidate found in any source
BC-001527,Quaker Chocos Chocolate Cereal 125 g,8900000001540,,IMAGE_REQUIRED,,0,MISSING,NO_MATCH,No candidate found in any source
BC-001528,Kellogg's Rolled Oats Whole Grain 500 g,8900000001541,,IMAGE_REQUIRED,,0,MISSING,NO_MATCH,No candidate found in any source
BC-001529,Quaker Taaza Homogenised Toned Milk 500 ml,8900000001542,,IMAGE_REQUIRED,,0,MISSING,NO_MATCH,No candidate found in any source
BC-001530,Chitale Fresh Malai Paneer 200 g,8900000001543,,IMAGE_REQUIRED,,0,MISSING,NO_MATCH,No candidate found in any source
BC-001531,Chitale Corn Flakes Real Honey & Almond 875 g,8900000001544,,IMAGE_REQUIRED,,0,MISSING,NO_MATCH,No candidate found in any source
BC-001532,Slurrp Farm Fresh Masti Dahi Curd 400 g,8900000001545,,IMAGE_REQUIRED,,0,MISSING,NO_MATCH,No candidate found in any source
BC-001533,Quaker Pasteurised Salted Butter 500 g,8900000001546,,IMAGE_REQUIRED,,0,MISSING,NO_MATCH,No candidate found in any source
BC-001534,Quaker Corn Flakes Real Honey & Almond 250 g,8900000001547,,IMAGE_REQUIRED,,0,MISSING,NO_MATCH,No candidate found in any source
BC-001535,English Oven Rolled Oats Whole Grain 2 kg,8900000001548,,IMAGE_REQUIRED,,0,MISSING,NO_MATCH,No candidate found in any source
BC-001536,Gowardhan Chocos Chocolate Cereal 375 g,8900000001549,,IMAGE_REQUIRED,,0,MISSING,NO_MATCH,No candidate found in any source
BC-001537,English Oven Cow Ghee Desi Pure 500 ml,8900000001550,,IMAGE_REQUIRED,,0,MISSING,NO_MATCH,No candidate found in any source
BC-001538,Gowardhan Fresh Malai Paneer 1 kg,8900000001551,,IMAGE_REQUIRED,,0,MISSING,NO_MATCH,No candidate found in any source
BC-001539,Chitale Fresh Masti Dahi Curd 400 g,8900000001552,,IMAGE_REQUIRED,,0,MISSING,NO_MATCH,No candidate found in any source
BC-001540,Chitale Pasteurised Salted Butter 500 g,8900000001553,,IMAGE_REQUIRED,,0,MISSING,NO_MATCH,No candidate found in any source
BC-001541,English Oven Fresh Malai Paneer 200 g,8900000001554,,IMAGE_REQUIRED,,0,MISSING,NO_MATCH,No candidate found in any source
BC-001542,Slurrp Farm Chocos Chocolate Cereal 250 g,8900000001555,,IMAGE_REQUIRED,,0,MISSING,NO_MATCH,No candidate found in any source
BC-001543,Slurrp Farm Cow Ghee Desi Pure 200 ml,8900000001556,,IMAGE_REQUIRED,,0,MISSING,NO_MATCH,No candidate found in any source
BC-001544,Kellogg's Cow Ghee Desi Pure 200 ml,8900000001557,,IMAGE_REQUIRED,,0,MISSING,NO_MATCH,No candidate found in any source
BC-001545,Slurrp Farm Fresh Malai Paneer 1 kg,8900000001558,,IMAGE_REQUIRED,,0,MISSING,NO_MATCH,No candidate found in any source
BC-001546,Gowardhan Processed Cheese Slices 200 g 10 Slices,8900000001559,,IMAGE_REQUIRED,,0,MISSING,NO_MATCH,No candidate found in any source
BC-001547,Lal Baba Moong Dal Yellow Split 500 g,8900000001560,,IMAGE_REQUIRED,,0,MISSING,NO_MATCH,No candidate found in any source
BC-001548,Lal Baba Urad Dal Black Whole 1 kg,8900000001561,,IMAGE_REQUIRED,,0,MISSING,NO_MATCH,No candidate found in any source
BC-001549,Lal Baba Sharbati Whole Wheat Atta 10 kg,8900000001562,,IMAGE_REQUIRED,,0,MISSING,NO_MATCH,No candidate found in any source
BC-001550,Lal Baba Select Premium Wheat Atta 10 kg,8900000001563,,IMAGE_REQUIRED,,0,MISSING,NO_MATCH,No candidate found in any source
BC-001551,Lal Baba Toor Dal Arhar Premium 500 g,8900000001564,,IMAGE_REQUIRED,,0,MISSING,NO_MATCH,No candidate found in any source
BC-001552,Lal Baba Indrayani Rice Aromatic 1 kg,8900000001565,,IMAGE_REQUIRED,,0,MISSING,NO_MATCH,No candidate found in any source
BC-001553,Lal Baba Moong Dal Yellow Split 2 kg,8900000001566,,IMAGE_REQUIRED,,0,MISSING,NO_MATCH,No candidate found in any source
BC-001554,Lal Baba Poha Thin Rice Flakes 500 g,8900000001567,,IMAGE_REQUIRED,,0,MISSING,NO_MATCH,No candidate found in any source
BC-001555,Lal Baba Suji Rawa Wheat Granules 1 kg,8900000001568,,IMAGE_REQUIRED,,0,MISSING,NO_MATCH,No candidate found in any source
BC-001556,Lal Baba Indrayani Rice Aromatic 10 kg,8900000001569,,IMAGE_REQUIRED,,0,MISSING,NO_MATCH,No candidate found in any source
BC-001557,Lal Baba Kolam Rice Wada Special 10 kg,8900000001570,,IMAGE_REQUIRED,,0,MISSING,NO_MATCH,No candidate found in any source
BC-001558,Lal Baba Indrayani Rice Aromatic 5 kg,8900000001571,,IMAGE_REQUIRED,,0,MISSING,NO_MATCH,No candidate found in any source
BC-001559,Lal Baba Poha Thin Rice Flakes 1 kg,8900000001572,,IMAGE_REQUIRED,,0,MISSING,NO_MATCH,No candidate found in any source
BC-001560,Lal Baba Besan Gram Flour Pure 1 kg,8900000001573,,IMAGE_REQUIRED,,0,MISSING,NO_MATCH,No candidate found in any source
BC-001561,Lal Baba Masoor Dal Red Whole 500 g,8900000001574,,IMAGE_REQUIRED,,0,MISSING,NO_MATCH,No candidate found in any source
BC-001562,Lal Baba Suji Rawa Wheat Granules 500 g,8900000001575,,IMAGE_REQUIRED,,0,MISSING,NO_MATCH,No candidate found in any source
BC-001563,Lal Baba Chana Dal Bengal Gram 1 kg,8900000001576,,IMAGE_REQUIRED,,0,MISSING,NO_MATCH,No candidate found in any source
BC-001564,Lal Baba Urad Dal Black Whole 500 g,8900000001577,,IMAGE_REQUIRED,,0,MISSING,NO_MATCH,No candidate found in any source
BC-001565,Lal Baba Maida All Purpose Flour 500 g,8900000001578,,IMAGE_REQUIRED,,0,MISSING,NO_MATCH,No candidate found in any source
BC-001566,Lal Baba Maida All Purpose Flour 1 kg,8900000001579,,IMAGE_REQUIRED,,0,MISSING,NO_MATCH,No candidate found in any source
BC-001567,Lal Baba Kolam Rice Wada Special 5 kg,8900000001580,,IMAGE_REQUIRED,,0,MISSING,NO_MATCH,No candidate found in any source
BC-001568,Lal Baba Moong Dal Yellow Split 1 kg,8900000001581,,IMAGE_REQUIRED,,0,MISSING,NO_MATCH,No candidate found in any source
BC-001569,Lal Baba Chana Dal Bengal Gram 2 kg,8900000001582,,IMAGE_REQUIRED,,0,MISSING,NO_MATCH,No candidate found in any source
BC-001570,Lal Baba Basmati Rice Feast Rozana 5 kg,8900000001583,,IMAGE_REQUIRED,,0,MISSING,NO_MATCH,No candidate found in any source
BC-001571,Lal Baba Sharbati Whole Wheat Atta 1 kg,8900000001584,,IMAGE_REQUIRED,,0,MISSING,NO_MATCH,No candidate found in any source
BC-001572,Lal Baba Basmati Rice Feast Rozana 10 kg,8900000001585,,IMAGE_REQUIRED,,0,MISSING,NO_MATCH,No candidate found in any source
BC-001573,Lal Baba Select Premium Wheat Atta 5 kg,8900000001586,,IMAGE_REQUIRED,,0,MISSING,NO_MATCH,No candidate found in any source
BC-001574,Lal Baba Masoor Dal Red Whole 1 kg,8900000001587,,IMAGE_REQUIRED,,0,MISSING,NO_MATCH,No candidate found in any source
BC-001575,Lal Baba Toor Dal Arhar Premium 2 kg,8900000001588,,IMAGE_REQUIRED,,0,MISSING,NO_MATCH,No candidate found in any source
BC-001576,Lal Baba Select Premium Wheat Atta 1 kg,8900000001589,,IMAGE_REQUIRED,,0,MISSING,NO_MATCH,No candidate found in any source
BC-001577,Lal Baba Kolam Rice Wada Special 1 kg,8900000001590,,IMAGE_REQUIRED,,0,MISSING,NO_MATCH,No candidate found in any source
BC-001578,Lal Baba Sharbati Whole Wheat Atta 5 kg,8900000001591,,IMAGE_REQUIRED,,0,MISSING,NO_MATCH,No candidate found in any source
BC-001579,Lal Baba Toor Dal Arhar Premium 1 kg,8900000001592,,IMAGE_REQUIRED,,0,MISSING,NO_MATCH,No candidate found in any source
BC-001580,Lal Baba Chana Dal Bengal Gram 500 g,8900000001593,,IMAGE_REQUIRED,,0,MISSING,NO_MATCH,No candidate found in any source
BC-001581,Lal Baba Basmati Rice Feast Rozana 1 kg,8900000001594,,IMAGE_REQUIRED,,0,MISSING,NO_MATCH,No candidate found in any source
BC-001582,Saffola Filtered Groundnut Oil 1 L Tin,8900000001595,,IMAGE_REQUIRED,,0,MISSING,NO_MATCH,No candidate found in any source
BC-001583,Saffola Gold Pro Healthy Refined Oil 1 L Pouch,8900000001596,,IMAGE_REQUIRED,,0,MISSING,NO_MATCH,No candidate found in any source
BC-001584,Gowardhan Kanda Lasun Masala Special 100 g,8900000001597,,IMAGE_REQUIRED,,0,MISSING,NO_MATCH,No candidate found in any source
BC-001585,Gowardhan Red Chilli Tikhalal Powder 100 g,8900000001598,,IMAGE_REQUIRED,,0,MISSING,NO_MATCH,No candidate found in any source
BC-001586,Gowardhan Coriander Dhaniya Powder 500 g,8900000001599,,IMAGE_REQUIRED,,0,MISSING,NO_MATCH,No candidate found in any source
BC-001587,Gowardhan Mustard Rai Seeds 200 g,8900000001600,,IMAGE_REQUIRED,,0,MISSING,NO_MATCH,No candidate found in any source
BC-001588,Saffola Biryani Pulav Masala 100 g,8900000001601,,IMAGE_REQUIRED,,0,MISSING,NO_MATCH,No candidate found in any source
BC-001589,Gemini Refined Sunflower Oil 1 L Pouch,8900000001602,,IMAGE_REQUIRED,,0,MISSING,NO_MATCH,No candidate found in any source
BC-001590,Catch Filtered Groundnut Oil 1 L Pouch,8900000001603,,IMAGE_REQUIRED,,0,MISSING,NO_MATCH,No candidate found in any source
BC-001591,Dhara Gold Pro Healthy Refined Oil 5 L Can,8900000001604,,IMAGE_REQUIRED,,0,MISSING,NO_MATCH,No candidate found in any source
BC-001592,Dhara Garam Masala Superblend 50 g,8900000001605,,IMAGE_REQUIRED,,0,MISSING,NO_MATCH,No candidate found in any source
BC-001593,Gemini Kanda Lasun Masala Special 100 g,8900000001606,,IMAGE_REQUIRED,,0,MISSING,NO_MATCH,No candidate found in any source
BC-001594,Catch Turmeric Haldi Powder 100 g,8900000001607,,IMAGE_REQUIRED,,0,MISSING,NO_MATCH,No candidate found in any source
BC-001595,Gowardhan Red Chilli Tikhalal Powder 500 g,8900000001608,,IMAGE_REQUIRED,,0,MISSING,NO_MATCH,No candidate found in any source
BC-001596,Gemini Cumin Jeera Whole 500 g,8900000001609,,IMAGE_REQUIRED,,0,MISSING,NO_MATCH,No candidate found in any source
BC-001597,Saffola Pav Bhaji Masala Blend 50 g,8900000001610,,IMAGE_REQUIRED,,0,MISSING,NO_MATCH,No candidate found in any source
BC-001598,Catch Biryani Pulav Masala 100 g,8900000001611,,IMAGE_REQUIRED,,0,MISSING,NO_MATCH,No candidate found in any source
BC-001599,Dhara Filtered Groundnut Oil 1 L Pouch,8900000001612,,IMAGE_REQUIRED,,0,MISSING,NO_MATCH,No candidate found in any source
BC-001600,Catch Gold Pro Healthy Refined Oil 5 L Can,8900000001613,,IMAGE_REQUIRED,,0,MISSING,NO_MATCH,No candidate found in any source
BC-001601,Gowardhan Kanda Lasun Masala Special 200 g,8900000001614,,IMAGE_REQUIRED,,0,MISSING,NO_MATCH,No candidate found in any source
BC-001602,Gowardhan Cumin Jeera Whole 200 g,8900000001615,,IMAGE_REQUIRED,,0,MISSING,NO_MATCH,No candidate found in any source
BC-001603,Catch Filtered Groundnut Oil 1 L Tin,8900000001616,,IMAGE_REQUIRED,,0,MISSING,NO_MATCH,No candidate found in any source
BC-001604,Gowardhan Ghee Pure Cow Desi 500 ml,8900000001617,,IMAGE_REQUIRED,,0,MISSING,NO_MATCH,No candidate found in any source
BC-001605,Catch Garam Masala Superblend 200 g,8900000001618,,IMAGE_REQUIRED,,0,MISSING,NO_MATCH,No candidate found in any source
BC-001606,Saffola Kanda Lasun Masala Special 200 g,8900000001619,,IMAGE_REQUIRED,,0,MISSING,NO_MATCH,No candidate found in any source
BC-001607,Saffola Red Chilli Tikhalal Powder 500 g,8900000001620,,IMAGE_REQUIRED,,0,MISSING,NO_MATCH,No candidate found in any source
BC-001608,Dhara Coriander Dhaniya Powder 200 g,8900000001621,,IMAGE_REQUIRED,,0,MISSING,NO_MATCH,No candidate found in any source
BC-001609,Gemini Cumin Jeera Whole 200 g,8900000001622,,IMAGE_REQUIRED,,0,MISSING,NO_MATCH,No candidate found in any source
BC-001610,Dhara Pav Bhaji Masala Blend 100 g,8900000001623,,IMAGE_REQUIRED,,0,MISSING,NO_MATCH,No candidate found in any source
BC-001611,Gowardhan Refined Sunflower Oil 5 L Jar,8900000001624,,IMAGE_REQUIRED,,0,MISSING,NO_MATCH,No candidate found in any source
BC-001612,Saffola Kachi Ghani Mustard Oil 1 L Bottle,8900000001625,,IMAGE_REQUIRED,,0,MISSING,NO_MATCH,No candidate found in any source
BC-001613,Dhara Filtered Groundnut Oil 5 L Can,8900000001626,,IMAGE_REQUIRED,,0,MISSING,NO_MATCH,No candidate found in any source
BC-001614,Gemini Gold Pro Healthy Refined Oil 1 L Pouch,8900000001627,,IMAGE_REQUIRED,,0,MISSING,NO_MATCH,No candidate found in any source
BC-001615,Gemini Garam Masala Superblend 100 g,8900000001628,,IMAGE_REQUIRED,,0,MISSING,NO_MATCH,No candidate found in any source
BC-001616,Dhara Kanda Lasun Masala Special 200 g,8900000001629,,IMAGE_REQUIRED,,0,MISSING,NO_MATCH,No candidate found in any source
BC-001617,Gemini Red Chilli Tikhalal Powder 100 g,8900000001630,,IMAGE_REQUIRED,,0,MISSING,NO_MATCH,No candidate found in any source
BC-001618,Gowardhan Coriander Dhaniya Powder 200 g,8900000001631,,IMAGE_REQUIRED,,0,MISSING,NO_MATCH,No candidate found in any source
BC-001619,Saffola Mustard Rai Seeds 200 g,8900000001632,,IMAGE_REQUIRED,,0,MISSING,NO_MATCH,No candidate found in any source
BC-001620,Saffola Pav Bhaji Masala Blend 100 g,8900000001633,,IMAGE_REQUIRED,,0,MISSING,NO_MATCH,No candidate found in any source
BC-001621,Saffola Filtered Groundnut Oil 5 L Can,8900000001634,,IMAGE_REQUIRED,,0,MISSING,NO_MATCH,No candidate found in any source
BC-001622,Catch Garam Masala Superblend 100 g,8900000001635,,IMAGE_REQUIRED,,0,MISSING,NO_MATCH,No candidate found in any source
BC-001623,Saffola Kanda Lasun Masala Special 100 g,8900000001636,,IMAGE_REQUIRED,,0,MISSING,NO_MATCH,No candidate found in any source
BC-001624,Gemini Red Chilli Tikhalal Powder 500 g,8900000001637,,IMAGE_REQUIRED,,0,MISSING,NO_MATCH,No candidate found in any source
BC-001625,Saffola Biryani Pulav Masala 50 g,8900000001638,,IMAGE_REQUIRED,,0,MISSING,NO_MATCH,No candidate found in any source
BC-001626,Dhara Ghee Pure Cow Desi 1 L Jar,8900000001639,,IMAGE_REQUIRED,,0,MISSING,NO_MATCH,No candidate found in any source
BC-001627,Gowardhan Coriander Dhaniya Powder 100 g,8900000001640,,IMAGE_REQUIRED,,0,MISSING,NO_MATCH,No candidate found in any source
BC-001628,Dhara Cumin Jeera Whole 100 g,8900000001641,,IMAGE_REQUIRED,,0,MISSING,NO_MATCH,No candidate found in any source
BC-001629,Gemini Mustard Rai Seeds 100 g,8900000001642,,IMAGE_REQUIRED,,0,MISSING,NO_MATCH,No candidate found in any source
BC-001630,Dhara Biryani Pulav Masala 50 g,8900000001643,,IMAGE_REQUIRED,,0,MISSING,NO_MATCH,No candidate found in any source
BC-001631,Gowardhan Filtered Groundnut Oil 1 L Tin,8900000001644,,IMAGE_REQUIRED,,0,MISSING,NO_MATCH,No candidate found in any source
BC-001632,Saffola Turmeric Haldi Powder 500 g,8900000001645,,IMAGE_REQUIRED,,0,MISSING,NO_MATCH,No candidate found in any source
BC-001633,Dhara Mustard Rai Seeds 200 g,8900000001646,,IMAGE_REQUIRED,,0,MISSING,NO_MATCH,No candidate found in any source
BC-001634,Dhara Pav Bhaji Masala Blend 50 g,8900000001647,,IMAGE_REQUIRED,,0,MISSING,NO_MATCH,No candidate found in any source
BC-001635,Dhara Refined Sunflower Oil 1 L Bottle,8900000001648,,IMAGE_REQUIRED,,0,MISSING,NO_MATCH,No candidate found in any source
BC-001636,Dhara Kachi Ghani Mustard Oil 5 L Can,8900000001649,,IMAGE_REQUIRED,,0,MISSING,NO_MATCH,No candidate found in any source
BC-001637,Gemini Gold Pro Healthy Refined Oil 5 L Can,8900000001650,,IMAGE_REQUIRED,,0,MISSING,NO_MATCH,No candidate found in any source
BC-001638,Gemini Turmeric Haldi Powder 100 g,8900000001651,,IMAGE_REQUIRED,,0,MISSING,NO_MATCH,No candidate found in any source
BC-001639,Catch Red Chilli Tikhalal Powder 200 g,8900000001652,,IMAGE_REQUIRED,,0,MISSING,NO_MATCH,No candidate found in any source
BC-001640,Catch Cumin Jeera Whole 100 g,8900000001653,,IMAGE_REQUIRED,,0,MISSING,NO_MATCH,No candidate found in any source
BC-001641,Catch Pav Bhaji Masala Blend 50 g,8900000001654,,IMAGE_REQUIRED,,0,MISSING,NO_MATCH,No candidate found in any source
BC-001642,Gowardhan Gold Pro Healthy Refined Oil 1 L Pouch,8900000001655,,IMAGE_REQUIRED,,0,MISSING,NO_MATCH,No candidate found in any source
BC-001643,Dhara Kanda Lasun Masala Special 100 g,8900000001656,,IMAGE_REQUIRED,,0,MISSING,NO_MATCH,No candidate found in any source
BC-001644,Gowardhan Red Chilli Tikhalal Powder 200 g,8900000001657,,IMAGE_REQUIRED,,0,MISSING,NO_MATCH,No candidate found in any source
BC-001645,Dhara Biryani Pulav Masala 100 g,8900000001658,,IMAGE_REQUIRED,,0,MISSING,NO_MATCH,No candidate found in any source
BC-001646,Saffola Refined Sunflower Oil 1 L Bottle,8900000001659,,IMAGE_REQUIRED,,0,MISSING,NO_MATCH,No candidate found in any source
BC-001647,Gemini Filtered Groundnut Oil 1 L Tin,8900000001660,,IMAGE_REQUIRED,,0,MISSING,NO_MATCH,No candidate found in any source
BC-001648,Saffola Gold Pro Healthy Refined Oil 5 L Can,8900000001661,,IMAGE_REQUIRED,,0,MISSING,NO_MATCH,No candidate found in any source
BC-001649,Saffola Kanda Lasun Masala Special 500 g,8900000001662,,IMAGE_REQUIRED,,0,MISSING,NO_MATCH,No candidate found in any source
BC-001650,Dhara Turmeric Haldi Powder 500 g,8900000001663,,IMAGE_REQUIRED,,0,MISSING,NO_MATCH,No candidate found in any source
BC-001651,Gemini Coriander Dhaniya Powder 500 g,8900000001664,,IMAGE_REQUIRED,,0,MISSING,NO_MATCH,No candidate found in any source
BC-001652,Catch Kachi Ghani Mustard Oil 5 L Can,8900000001665,,IMAGE_REQUIRED,,0,MISSING,NO_MATCH,No candidate found in any source
BC-001653,Gowardhan Garam Masala Superblend 100 g,8900000001666,,IMAGE_REQUIRED,,0,MISSING,NO_MATCH,No candidate found in any source
BC-001654,Gowardhan Kanda Lasun Masala Special 500 g,8900000001667,,IMAGE_REQUIRED,,0,MISSING,NO_MATCH,No candidate found in any source
BC-001655,Gemini Turmeric Haldi Powder 500 g,8900000001668,,IMAGE_REQUIRED,,0,MISSING,NO_MATCH,No candidate found in any source
BC-001656,Catch Coriander Dhaniya Powder 100 g,8900000001669,,IMAGE_REQUIRED,,0,MISSING,NO_MATCH,No candidate found in any source
BC-001657,Gowardhan Pav Bhaji Masala Blend 50 g,8900000001670,,IMAGE_REQUIRED,,0,MISSING,NO_MATCH,No candidate found in any source
BC-001658,Catch Gold Pro Healthy Refined Oil 1 L Pouch,8900000001671,,IMAGE_REQUIRED,,0,MISSING,NO_MATCH,No candidate found in any source
BC-001659,Saffola Garam Masala Superblend 100 g,8900000001672,,IMAGE_REQUIRED,,0,MISSING,NO_MATCH,No candidate found in any source
BC-001660,Gemini Cumin Jeera Whole 100 g,8900000001673,,IMAGE_REQUIRED,,0,MISSING,NO_MATCH,No candidate found in any source
BC-001661,Gemini Pav Bhaji Masala Blend 100 g,8900000001674,,IMAGE_REQUIRED,,0,MISSING,NO_MATCH,No candidate found in any source
BC-001662,Gowardhan Biryani Pulav Masala 100 g,8900000001675,,IMAGE_REQUIRED,,0,MISSING,NO_MATCH,No candidate found in any source
BC-001663,Gemini Ghee Pure Cow Desi 1 L Jar,8900000001676,,IMAGE_REQUIRED,,0,MISSING,NO_MATCH,No candidate found in any source
BC-001664,Saffola Garam Masala Superblend 50 g,8900000001677,,IMAGE_REQUIRED,,0,MISSING,NO_MATCH,No candidate found in any source
BC-001665,Catch Kanda Lasun Masala Special 200 g,8900000001678,,IMAGE_REQUIRED,,0,MISSING,NO_MATCH,No candidate found in any source
BC-001666,Dhara Mustard Rai Seeds 100 g,8900000001679,,IMAGE_REQUIRED,,0,MISSING,NO_MATCH,No candidate found in any source
BC-001667,Gemini Refined Sunflower Oil 5 L Jar,8900000001680,,IMAGE_REQUIRED,,0,MISSING,NO_MATCH,No candidate found in any source
BC-001668,Gowardhan Kachi Ghani Mustard Oil 5 L Can,8900000001681,,IMAGE_REQUIRED,,0,MISSING,NO_MATCH,No candidate found in any source
BC-001669,Dhara Ghee Pure Cow Desi 200 ml,8900000001682,,IMAGE_REQUIRED,,0,MISSING,NO_MATCH,No candidate found in any source
BC-001670,Catch Garam Masala Superblend 50 g,8900000001683,,IMAGE_REQUIRED,,0,MISSING,NO_MATCH,No candidate found in any source
BC-001671,Catch Turmeric Haldi Powder 500 g,8900000001684,,IMAGE_REQUIRED,,0,MISSING,NO_MATCH,No candidate found in any source
BC-001672,Dhara Red Chilli Tikhalal Powder 100 g,8900000001685,,IMAGE_REQUIRED,,0,MISSING,NO_MATCH,No candidate found in any source
BC-001673,Catch Coriander Dhaniya Powder 500 g,8900000001686,,IMAGE_REQUIRED,,0,MISSING,NO_MATCH,No candidate found in any source
BC-001674,Catch Cumin Jeera Whole 200 g,8900000001687,,IMAGE_REQUIRED,,0,MISSING,NO_MATCH,No candidate found in any source
BC-001675,Gowardhan Biryani Pulav Masala 50 g,8900000001688,,IMAGE_REQUIRED,,0,MISSING,NO_MATCH,No candidate found in any source
BC-001676,Gemini Turmeric Haldi Powder 200 g,8900000001689,,IMAGE_REQUIRED,,0,MISSING,NO_MATCH,No candidate found in any source
BC-001677,Catch Mustard Rai Seeds 200 g,8900000001690,,IMAGE_REQUIRED,,0,MISSING,NO_MATCH,No candidate found in any source
BC-001678,Gowardhan Pav Bhaji Masala Blend 100 g,8900000001691,,IMAGE_REQUIRED,,0,MISSING,NO_MATCH,No candidate found in any source
BC-001679,Gowardhan Refined Sunflower Oil 1 L Bottle,8900000001692,,IMAGE_REQUIRED,,0,MISSING,NO_MATCH,No candidate found in any source
BC-001680,Dhara Gold Pro Healthy Refined Oil 1 L Pouch,8900000001693,,IMAGE_REQUIRED,,0,MISSING,NO_MATCH,No candidate found in any source
BC-001681,Saffola Garam Masala Superblend 200 g,8900000001694,,IMAGE_REQUIRED,,0,MISSING,NO_MATCH,No candidate found in any source
BC-001682,Gemini Biryani Pulav Masala 50 g,8900000001695,,IMAGE_REQUIRED,,0,MISSING,NO_MATCH,No candidate found in any source
BC-001683,Catch Kachi Ghani Mustard Oil 1 L Bottle,8900000001696,,IMAGE_REQUIRED,,0,MISSING,NO_MATCH,No candidate found in any source
BC-001684,Dhara Turmeric Haldi Powder 200 g,8900000001697,,IMAGE_REQUIRED,,0,MISSING,NO_MATCH,No candidate found in any source
BC-001685,Saffola Coriander Dhaniya Powder 100 g,8900000001698,,IMAGE_REQUIRED,,0,MISSING,NO_MATCH,No candidate found in any source
BC-001686,Saffola Refined Sunflower Oil 5 L Jar,8900000001699,,IMAGE_REQUIRED,,0,MISSING,NO_MATCH,No candidate found in any source
BC-001687,Saffola Cumin Jeera Whole 500 g,8900000001700,,IMAGE_REQUIRED,,0,MISSING,NO_MATCH,No candidate found in any source
BC-001688,Catch Pav Bhaji Masala Blend 100 g,8900000001701,,IMAGE_REQUIRED,,0,MISSING,NO_MATCH,No candidate found in any source
BC-001689,Gemini Biryani Pulav Masala 100 g,8900000001702,,IMAGE_REQUIRED,,0,MISSING,NO_MATCH,No candidate found in any source
BC-001690,Catch Red Chilli Tikhalal Powder 100 g,8900000001703,,IMAGE_REQUIRED,,0,MISSING,NO_MATCH,No candidate found in any source
BC-001691,Catch Biryani Pulav Masala 50 g,8900000001704,,IMAGE_REQUIRED,,0,MISSING,NO_MATCH,No candidate found in any source
BC-001692,Dhara Filtered Groundnut Oil 1 L Tin,8900000001705,,IMAGE_REQUIRED,,0,MISSING,NO_MATCH,No candidate found in any source
BC-001693,Saffola Ghee Pure Cow Desi 500 ml,8900000001706,,IMAGE_REQUIRED,,0,MISSING,NO_MATCH,No candidate found in any source
BC-001694,Gemini Kanda Lasun Masala Special 200 g,8900000001707,,IMAGE_REQUIRED,,0,MISSING,NO_MATCH,No candidate found in any source
BC-001695,Catch Ghee Pure Cow Desi 200 ml,8900000001708,,IMAGE_REQUIRED,,0,MISSING,NO_MATCH,No candidate found in any source
BC-001696,Catch Turmeric Haldi Powder 200 g,8900000001709,,IMAGE_REQUIRED,,0,MISSING,NO_MATCH,No candidate found in any source
BC-001697,Catch Coriander Dhaniya Powder 200 g,8900000001710,,IMAGE_REQUIRED,,0,MISSING,NO_MATCH,No candidate found in any source
BC-001698,Saffola Cumin Jeera Whole 100 g,8900000001711,,IMAGE_REQUIRED,,0,MISSING,NO_MATCH,No candidate found in any source
BC-001699,Catch Mustard Rai Seeds 100 g,8900000001712,,IMAGE_REQUIRED,,0,MISSING,NO_MATCH,No candidate found in any source
BC-001700,Catch Refined Sunflower Oil 1 L Bottle,8900000001713,,IMAGE_REQUIRED,,0,MISSING,NO_MATCH,No candidate found in any source
BC-001701,Gemini Kachi Ghani Mustard Oil 1 L Pouch,8900000001714,,IMAGE_REQUIRED,,0,MISSING,NO_MATCH,No candidate found in any source
BC-001702,Gemini Filtered Groundnut Oil 5 L Can,8900000001715,,IMAGE_REQUIRED,,0,MISSING,NO_MATCH,No candidate found in any source
BC-001703,Gowardhan Garam Masala Superblend 50 g,8900000001716,,IMAGE_REQUIRED,,0,MISSING,NO_MATCH,No candidate found in any source
BC-001704,Gemini Red Chilli Tikhalal Powder 200 g,8900000001717,,IMAGE_REQUIRED,,0,MISSING,NO_MATCH,No candidate found in any source
BC-001705,Saffola Ghee Pure Cow Desi 1 L Jar,8900000001718,,IMAGE_REQUIRED,,0,MISSING,NO_MATCH,No candidate found in any source
BC-001706,Gemini Garam Masala Superblend 50 g,8900000001719,,IMAGE_REQUIRED,,0,MISSING,NO_MATCH,No candidate found in any source
BC-001707,Catch Ghee Pure Cow Desi 500 ml,8900000001720,,IMAGE_REQUIRED,,0,MISSING,NO_MATCH,No candidate found in any source
BC-001708,Dhara Garam Masala Superblend 100 g,8900000001721,,IMAGE_REQUIRED,,0,MISSING,NO_MATCH,No candidate found in any source
BC-001709,Gemini Coriander Dhaniya Powder 200 g,8900000001722,,IMAGE_REQUIRED,,0,MISSING,NO_MATCH,No candidate found in any source
BC-001710,Saffola Kachi Ghani Mustard Oil 5 L Can,8900000001723,,IMAGE_REQUIRED,,0,MISSING,NO_MATCH,No candidate found in any source
BC-001711,Gowardhan Filtered Groundnut Oil 1 L Pouch,8900000001724,,IMAGE_REQUIRED,,0,MISSING,NO_MATCH,No candidate found in any source
BC-001712,Dhara Garam Masala Superblend 200 g,8900000001725,,IMAGE_REQUIRED,,0,MISSING,NO_MATCH,No candidate found in any source
BC-001713,Gowardhan Turmeric Haldi Powder 100 g,8900000001726,,IMAGE_REQUIRED,,0,MISSING,NO_MATCH,No candidate found in any source
BC-001714,Saffola Mustard Rai Seeds 100 g,8900000001727,,IMAGE_REQUIRED,,0,MISSING,NO_MATCH,No candidate found in any source
BC-001715,Saffola Kachi Ghani Mustard Oil 1 L Pouch,8900000001728,,IMAGE_REQUIRED,,0,MISSING,NO_MATCH,No candidate found in any source
BC-001716,Gowardhan Gold Pro Healthy Refined Oil 5 L Can,8900000001729,,IMAGE_REQUIRED,,0,MISSING,NO_MATCH,No candidate found in any source
BC-001717,Gemini Ghee Pure Cow Desi 200 ml,8900000001730,,IMAGE_REQUIRED,,0,MISSING,NO_MATCH,No candidate found in any source
BC-001718,Catch Kanda Lasun Masala Special 500 g,8900000001731,,IMAGE_REQUIRED,,0,MISSING,NO_MATCH,No candidate found in any source
BC-001719,Catch Filtered Groundnut Oil 5 L Can,8900000001732,,IMAGE_REQUIRED,,0,MISSING,NO_MATCH,No candidate found in any source
BC-001720,Gowardhan Ghee Pure Cow Desi 200 ml,8900000001733,,IMAGE_REQUIRED,,0,MISSING,NO_MATCH,No candidate found in any source
BC-001721,Saffola Coriander Dhaniya Powder 500 g,8900000001734,,IMAGE_REQUIRED,,0,MISSING,NO_MATCH,No candidate found in any source
BC-001722,Gemini Kachi Ghani Mustard Oil 1 L Bottle,8900000001735,,IMAGE_REQUIRED,,0,MISSING,NO_MATCH,No candidate found in any source
BC-001723,Dhara Coriander Dhaniya Powder 100 g,8900000001736,,IMAGE_REQUIRED,,0,MISSING,NO_MATCH,No candidate found in any source
BC-001724,Catch Cumin Jeera Whole 500 g,8900000001737,,IMAGE_REQUIRED,,0,MISSING,NO_MATCH,No candidate found in any source
BC-001725,Saffola Coriander Dhaniya Powder 200 g,8900000001738,,IMAGE_REQUIRED,,0,MISSING,NO_MATCH,No candidate found in any source
BC-001726,Gemini Pav Bhaji Masala Blend 50 g,8900000001739,,IMAGE_REQUIRED,,0,MISSING,NO_MATCH,No candidate found in any source
BC-001727,Gowardhan Ghee Pure Cow Desi 1 L Jar,8900000001740,,IMAGE_REQUIRED,,0,MISSING,NO_MATCH,No candidate found in any source
BC-001728,Saffola Turmeric Haldi Powder 200 g,8900000001741,,IMAGE_REQUIRED,,0,MISSING,NO_MATCH,No candidate found in any source
BC-001729,Catch Ghee Pure Cow Desi 1 L Jar,8900000001742,,IMAGE_REQUIRED,,0,MISSING,NO_MATCH,No candidate found in any source
BC-001730,Gemini Kanda Lasun Masala Special 500 g,8900000001743,,IMAGE_REQUIRED,,0,MISSING,NO_MATCH,No candidate found in any source
BC-001731,Gowardhan Mustard Rai Seeds 100 g,8900000001744,,IMAGE_REQUIRED,,0,MISSING,NO_MATCH,No candidate found in any source
BC-001732,Gowardhan Refined Sunflower Oil 1 L Pouch,8900000001745,,IMAGE_REQUIRED,,0,MISSING,NO_MATCH,No candidate found in any source
BC-001733,Saffola Turmeric Haldi Powder 100 g,8900000001746,,IMAGE_REQUIRED,,0,MISSING,NO_MATCH,No candidate found in any source
BC-001734,Saffola Cumin Jeera Whole 200 g,8900000001747,,IMAGE_REQUIRED,,0,MISSING,NO_MATCH,No candidate found in any source
BC-001735,Gemini Kachi Ghani Mustard Oil 5 L Can,8900000001748,,IMAGE_REQUIRED,,0,MISSING,NO_MATCH,No candidate found in any source
BC-001736,Dhara Red Chilli Tikhalal Powder 200 g,8900000001749,,IMAGE_REQUIRED,,0,MISSING,NO_MATCH,No candidate found in any source
BC-001737,Saffola Refined Sunflower Oil 1 L Pouch,8900000001750,,IMAGE_REQUIRED,,0,MISSING,NO_MATCH,No candidate found in any source
BC-001738,Dhara Kanda Lasun Masala Special 500 g,8900000001751,,IMAGE_REQUIRED,,0,MISSING,NO_MATCH,No candidate found in any source
BC-001739,Oreos Good Day Cashew Cookies 100 g,8900000001752,,IMAGE_REQUIRED,,0,MISSING,NO_MATCH,No candidate found in any source
BC-001740,Monaco Bourbon Chocolate Cream 120 g,8900000001753,,IMAGE_REQUIRED,,0,MISSING,NO_MATCH,No candidate found in any source
BC-001741,Monaco Dark Fantasy Choco Fills 300 g,8900000001754,,IMAGE_REQUIRED,,0,MISSING,NO_MATCH,No candidate found in any source
BC-001742,Monaco Oreo Chocolate Sandwich Cookie 120 g,8900000001755,,IMAGE_REQUIRED,,0,MISSING,NO_MATCH,No candidate found in any source
BC-001743,Oreos Butter Bake Cookies 300 g,8900000001756,,IMAGE_REQUIRED,,0,MISSING,NO_MATCH,No candidate found in any source
BC-001744,Oreos Crispy Wheat Rusk Toast 200 g,8900000001757,,IMAGE_REQUIRED,,0,MISSING,NO_MATCH,No candidate found in any source
BC-001745,Monaco Parle-G Gold Biscuit 250 g,8900000001758,,IMAGE_REQUIRED,,0,MISSING,NO_MATCH,No candidate found in any source
BC-001746,Oreos Monaco Salted Biscuits 200 g,8900000001759,,IMAGE_REQUIRED,,0,MISSING,NO_MATCH,No candidate found in any source
BC-001747,Oreos Crispy Wheat Rusk Toast 400 g,8900000001760,,IMAGE_REQUIRED,,0,MISSING,NO_MATCH,No candidate found in any source
BC-001748,Oreos Marie Gold Tea Biscuits 120 g,8900000001761,,IMAGE_REQUIRED,,0,MISSING,NO_MATCH,No candidate found in any source
BC-001749,Monaco Salted Biscuits 75 g,8900000001762,,IMAGE_REQUIRED,,0,MISSING,NO_MATCH,No candidate found in any source
BC-001750,Oreos Dark Fantasy Choco Fills 75 g,8900000001763,,IMAGE_REQUIRED,,0,MISSING,NO_MATCH,No candidate found in any source
BC-001751,Monaco NutriChoice Digestive Wheat 100 g,8900000001764,,IMAGE_REQUIRED,,0,MISSING,NO_MATCH,No candidate found in any source
BC-001752,Oreos Butter Bake Cookies 150 g,8900000001765,,IMAGE_REQUIRED,,0,MISSING,NO_MATCH,No candidate found in any source
BC-001753,Monaco Marie Gold Tea Biscuits 300 g,8900000001766,,IMAGE_REQUIRED,,0,MISSING,NO_MATCH,No candidate found in any source
BC-001754,Oreos Milk Bikis Milk Biscuits 250 g,8900000001767,,IMAGE_REQUIRED,,0,MISSING,NO_MATCH,No candidate found in any source
BC-001755,Oreos NutriChoice Digestive Wheat 100 g,8900000001768,,IMAGE_REQUIRED,,0,MISSING,NO_MATCH,No candidate found in any source
BC-001756,Oreos Marie Gold Tea Biscuits 300 g,8900000001769,,IMAGE_REQUIRED,,0,MISSING,NO_MATCH,No candidate found in any source
BC-001757,Oreos Dark Fantasy Choco Fills 300 g,8900000001770,,IMAGE_REQUIRED,,0,MISSING,NO_MATCH,No candidate found in any source
BC-001758,Oreos Milk Bikis Milk Biscuits 100 g,8900000001771,,IMAGE_REQUIRED,,0,MISSING,NO_MATCH,No candidate found in any source
BC-001759,Oreos Parle-G Gold Biscuit 500 g Mega Pack,8900000001772,,IMAGE_REQUIRED,,0,MISSING,NO_MATCH,No candidate found in any source
BC-001760,Monaco Marie Gold Tea Biscuits 120 g,8900000001773,,IMAGE_REQUIRED,,0,MISSING,NO_MATCH,No candidate found in any source
BC-001761,Oreos Bourbon Chocolate Cream 120 g,8900000001774,,IMAGE_REQUIRED,,0,MISSING,NO_MATCH,No candidate found in any source
BC-001762,Monaco Milk Bikis Milk Biscuits 250 g,8900000001775,,IMAGE_REQUIRED,,0,MISSING,NO_MATCH,No candidate found in any source
BC-001763,Monaco NutriChoice Digestive Wheat 250 g,8900000001776,,IMAGE_REQUIRED,,0,MISSING,NO_MATCH,No candidate found in any source
BC-001764,Monaco Crispy Wheat Rusk Toast 400 g,8900000001777,,IMAGE_REQUIRED,,0,MISSING,NO_MATCH,No candidate found in any source
BC-001765,Oreos Krackjack Sweet & Salty 200 g,8900000001778,,IMAGE_REQUIRED,,0,MISSING,NO_MATCH,No candidate found in any source
BC-001766,Monaco Bourbon Chocolate Cream 250 g,8900000001779,,IMAGE_REQUIRED,,0,MISSING,NO_MATCH,No candidate found in any source
BC-001767,Monaco Butter Bake Cookies 150 g,8900000001780,,IMAGE_REQUIRED,,0,MISSING,NO_MATCH,No candidate found in any source
BC-001768,Oreos Monaco Salted Biscuits 75 g,8900000001781,,IMAGE_REQUIRED,,0,MISSING,NO_MATCH,No candidate found in any source
BC-001769,Monaco Krackjack Sweet & Salty 200 g,8900000001782,,IMAGE_REQUIRED,,0,MISSING,NO_MATCH,No candidate found in any source
BC-001770,Oreos Oreo Chocolate Sandwich Cookie 300 g,8900000001783,,IMAGE_REQUIRED,,0,MISSING,NO_MATCH,No candidate found in any source
BC-001771,Oreos NutriChoice Digestive Wheat 250 g,8900000001784,,IMAGE_REQUIRED,,0,MISSING,NO_MATCH,No candidate found in any source
BC-001772,Monaco Dark Fantasy Choco Fills 150 g,8900000001785,,IMAGE_REQUIRED,,0,MISSING,NO_MATCH,No candidate found in any source
BC-001773,Oreos Parle-G Gold Biscuit 100 g,8900000001786,,IMAGE_REQUIRED,,0,MISSING,NO_MATCH,No candidate found in any source
BC-001774,Monaco Oreo Chocolate Sandwich Cookie 300 g,8900000001787,,IMAGE_REQUIRED,,0,MISSING,NO_MATCH,No candidate found in any source
BC-001775,Monaco Salted Biscuits 200 g,8900000001788,,IMAGE_REQUIRED,,0,MISSING,NO_MATCH,No candidate found in any source
BC-001776,Monaco Parle-G Gold Biscuit 100 g,8900000001789,,IMAGE_REQUIRED,,0,MISSING,NO_MATCH,No candidate found in any source
BC-001777,Oreos Dark Fantasy Choco Fills 150 g,8900000001790,,IMAGE_REQUIRED,,0,MISSING,NO_MATCH,No candidate found in any source
BC-001778,Oreos Krackjack Sweet & Salty 75 g,8900000001791,,IMAGE_REQUIRED,,0,MISSING,NO_MATCH,No candidate found in any source
BC-001779,Oreos Oreo Chocolate Sandwich Cookie 120 g,8900000001792,,IMAGE_REQUIRED,,0,MISSING,NO_MATCH,No candidate found in any source
BC-001780,Monaco Good Day Cashew Cookies 400 g Family Pack,8900000001793,,IMAGE_REQUIRED,,0,MISSING,NO_MATCH,No candidate found in any source
BC-001781,Monaco Good Day Cashew Cookies 200 g,8900000001794,,IMAGE_REQUIRED,,0,MISSING,NO_MATCH,No candidate found in any source
BC-001782,Monaco Butter Bake Cookies 300 g,8900000001795,,IMAGE_REQUIRED,,0,MISSING,NO_MATCH,No candidate found in any source
BC-001783,Oreos NutriChoice Digestive Wheat 500 g,8900000001796,,IMAGE_REQUIRED,,0,MISSING,NO_MATCH,No candidate found in any source
BC-001784,Monaco Parle-G Gold Biscuit 500 g Mega Pack,8900000001797,,IMAGE_REQUIRED,,0,MISSING,NO_MATCH,No candidate found in any source
BC-001785,Monaco Crispy Wheat Rusk Toast 200 g,8900000001798,,IMAGE_REQUIRED,,0,MISSING,NO_MATCH,No candidate found in any source
BC-001786,Oreos Parle-G Gold Biscuit 250 g,8900000001799,,IMAGE_REQUIRED,,0,MISSING,NO_MATCH,No candidate found in any source
BC-001787,Balaji Moong Dal Crunchy Namkeen 350 g,8900000001800,,IMAGE_REQUIRED,,0,MISSING,NO_MATCH,No candidate found in any source
BC-001788,Balaji Khatia Meetha Mixture 350 g,8900000001801,,IMAGE_REQUIRED,,0,MISSING,NO_MATCH,No candidate found in any source
BC-001789,Bikanervala Salted Roasted Peanuts 150 g,8900000001802,,IMAGE_REQUIRED,,0,MISSING,NO_MATCH,No candidate found in any source
BC-001790,Bikanervala Mad Angles Achari Masti 40 g,8900000001803,,IMAGE_REQUIRED,,0,MISSING,NO_MATCH,No candidate found in any source
BC-001791,Bingo Chivda Nashik Flattened Rice 200 g,8900000001804,,IMAGE_REQUIRED,,0,MISSING,NO_MATCH,No candidate found in any source
BC-001792,Balaji Classic Salted Potato Chips 1 kg,8900000001805,,IMAGE_REQUIRED,,0,MISSING,NO_MATCH,No candidate found in any source
BC-001793,Bingo Cream & Onion Potato Chips 1 kg,8900000001806,,IMAGE_REQUIRED,,0,MISSING,NO_MATCH,No candidate found in any source
BC-001794,Balaji Aloo Bhujia Namkeen 150 g,8900000001807,,IMAGE_REQUIRED,,0,MISSING,NO_MATCH,No candidate found in any source
BC-001795,Bingo Bhakarwadi Maharashtra Special 400 g,8900000001808,,IMAGE_REQUIRED,,0,MISSING,NO_MATCH,No candidate found in any source
BC-001796,Bikanervala Salted Roasted Peanuts 300 g,8900000001809,,IMAGE_REQUIRED,,0,MISSING,NO_MATCH,No candidate found in any source
BC-001797,Bikanervala Popcorn Butter Salted Instant 130 g,8900000001810,,IMAGE_REQUIRED,,0,MISSING,NO_MATCH,No candidate found in any source
BC-001798,Bikanervala Cream & Onion Potato Chips 1 kg,8900000001811,,IMAGE_REQUIRED,,0,MISSING,NO_MATCH,No candidate found in any source
BC-001799,Bikanervala Aloo Bhujia Namkeen 1 kg,8900000001812,,IMAGE_REQUIRED,,0,MISSING,NO_MATCH,No candidate found in any source
BC-001800,Balaji Khatia Meetha Mixture 150 g,8900000001813,,IMAGE_REQUIRED,,0,MISSING,NO_MATCH,No candidate found in any source
BC-001801,Bingo Mad Angles Achari Masti 40 g,8900000001814,,IMAGE_REQUIRED,,0,MISSING,NO_MATCH,No candidate found in any source
BC-001802,Balaji Chivda Nashik Flattened Rice 400 g,8900000001815,,IMAGE_REQUIRED,,0,MISSING,NO_MATCH,No candidate found in any source
BC-001803,Bingo Classic Salted Potato Chips 1 kg,8900000001816,,IMAGE_REQUIRED,,0,MISSING,NO_MATCH,No candidate found in any source
BC-001804,Bikanervala Magic Masala Potato Chips 1 kg,8900000001817,,IMAGE_REQUIRED,,0,MISSING,NO_MATCH,No candidate found in any source
BC-001805,Bikanervala Masala Munch Corn Crunchy 45 g,8900000001818,,IMAGE_REQUIRED,,0,MISSING,NO_MATCH,No candidate found in any source
BC-001806,Bingo Bhakarwadi Maharashtra Special 200 g,8900000001819,,IMAGE_REQUIRED,,0,MISSING,NO_MATCH,No candidate found in any source
BC-001807,Bingo Chana Jor Garam Spicy 150 g,8900000001820,,IMAGE_REQUIRED,,0,MISSING,NO_MATCH,No candidate found in any source
BC-001808,Balaji Mad Angles Achari Masti 40 g,8900000001821,,IMAGE_REQUIRED,,0,MISSING,NO_MATCH,No candidate found in any source
BC-001809,Balaji Chivda Nashik Flattened Rice 200 g,8900000001822,,IMAGE_REQUIRED,,0,MISSING,NO_MATCH,No candidate found in any source
BC-001810,Balaji Cream & Onion Potato Chips 1 kg,8900000001823,,IMAGE_REQUIRED,,0,MISSING,NO_MATCH,No candidate found in any source
BC-001811,Bingo Aloo Bhujia Namkeen 1 kg,8900000001824,,IMAGE_REQUIRED,,0,MISSING,NO_MATCH,No candidate found in any source
BC-001812,Balaji Bhakarwadi Maharashtra Special 400 g,8900000001825,,IMAGE_REQUIRED,,0,MISSING,NO_MATCH,No candidate found in any source
BC-001813,Balaji Moong Dal Crunchy Namkeen 150 g,8900000001826,,IMAGE_REQUIRED,,0,MISSING,NO_MATCH,No candidate found in any source
BC-001814,Bikanervala Classic Salted Potato Chips 1 kg,8900000001827,,IMAGE_REQUIRED,,0,MISSING,NO_MATCH,No candidate found in any source
BC-001815,Balaji Masala Munch Corn Crunchy 45 g,8900000001828,,IMAGE_REQUIRED,,0,MISSING,NO_MATCH,No candidate found in any source
BC-001816,Balaji Aloo Bhujia Namkeen 1 kg,8900000001829,,IMAGE_REQUIRED,,0,MISSING,NO_MATCH,No candidate found in any source
BC-001817,Balaji Bhakarwadi Maharashtra Special 200 g,8900000001830,,IMAGE_REQUIRED,,0,MISSING,NO_MATCH,No candidate found in any source
BC-001818,Bikanervala Masala Munch Corn Crunchy 90 g,8900000001831,,IMAGE_REQUIRED,,0,MISSING,NO_MATCH,No candidate found in any source
BC-001819,Bikanervala Chana Jor Garam Spicy 150 g,8900000001832,,IMAGE_REQUIRED,,0,MISSING,NO_MATCH,No candidate found in any source
BC-001820,Bikanervala Moong Dal Crunchy Namkeen 350 g,8900000001833,,IMAGE_REQUIRED,,0,MISSING,NO_MATCH,No candidate found in any source
BC-001821,Balaji Chana Jor Garam Spicy 150 g,8900000001834,,IMAGE_REQUIRED,,0,MISSING,NO_MATCH,No candidate found in any source
BC-001822,Bingo Mad Angles Achari Masti 80 g,8900000001835,,IMAGE_REQUIRED,,0,MISSING,NO_MATCH,No candidate found in any source
BC-001823,Bikanervala Popcorn Butter Salted Instant 60 g,8900000001836,,IMAGE_REQUIRED,,0,MISSING,NO_MATCH,No candidate found in any source
BC-001824,Bikanervala Khatia Meetha Mixture 1 kg,8900000001837,,IMAGE_REQUIRED,,0,MISSING,NO_MATCH,No candidate found in any source
BC-001825,Bikanervala Mad Angles Achari Masti 80 g,8900000001838,,IMAGE_REQUIRED,,0,MISSING,NO_MATCH,No candidate found in any source
BC-001826,Bikanervala Chivda Nashik Flattened Rice 400 g,8900000001839,,IMAGE_REQUIRED,,0,MISSING,NO_MATCH,No candidate found in any source
BC-001827,Bingo Masala Munch Corn Crunchy 90 g,8900000001840,,IMAGE_REQUIRED,,0,MISSING,NO_MATCH,No candidate found in any source
BC-001828,Bikanervala Aloo Bhujia Namkeen 150 g,8900000001841,,IMAGE_REQUIRED,,0,MISSING,NO_MATCH,No candidate found in any source
BC-001829,Bikanervala Khatia Meetha Mixture 350 g,8900000001842,,IMAGE_REQUIRED,,0,MISSING,NO_MATCH,No candidate found in any source
BC-001830,Bingo Magic Masala Potato Chips 1 kg,8900000001843,,IMAGE_REQUIRED,,0,MISSING,NO_MATCH,No candidate found in any source
BC-001831,Bingo Khatia Meetha Mixture 1 kg,8900000001844,,IMAGE_REQUIRED,,0,MISSING,NO_MATCH,No candidate found in any source
BC-001832,Bikanervala Chana Jor Garam Spicy 300 g,8900000001845,,IMAGE_REQUIRED,,0,MISSING,NO_MATCH,No candidate found in any source
BC-001833,Bingo Chivda Nashik Flattened Rice 400 g,8900000001846,,IMAGE_REQUIRED,,0,MISSING,NO_MATCH,No candidate found in any source
BC-001834,Balaji Aloo Bhujia Namkeen 350 g,8900000001847,,IMAGE_REQUIRED,,0,MISSING,NO_MATCH,No candidate found in any source
BC-001835,Bikanervala Moong Dal Crunchy Namkeen 150 g,8900000001848,,IMAGE_REQUIRED,,0,MISSING,NO_MATCH,No candidate found in any source
BC-001836,Balaji Mad Angles Achari Masti 80 g,8900000001849,,IMAGE_REQUIRED,,0,MISSING,NO_MATCH,No candidate found in any source
BC-001837,Balaji Magic Masala Potato Chips 1 kg,8900000001850,,IMAGE_REQUIRED,,0,MISSING,NO_MATCH,No candidate found in any source
BC-001838,Bingo Chana Jor Garam Spicy 300 g,8900000001851,,IMAGE_REQUIRED,,0,MISSING,NO_MATCH,No candidate found in any source
BC-001839,Bingo Salted Roasted Peanuts 300 g,8900000001852,,IMAGE_REQUIRED,,0,MISSING,NO_MATCH,No candidate found in any source
BC-001840,Balaji Popcorn Butter Salted Instant 130 g,8900000001853,,IMAGE_REQUIRED,,0,MISSING,NO_MATCH,No candidate found in any source
BC-001841,Balaji Masala Munch Corn Crunchy 90 g,8900000001854,,IMAGE_REQUIRED,,0,MISSING,NO_MATCH,No candidate found in any source
BC-001842,Bikanervala Bhakarwadi Maharashtra Special 200 g,8900000001855,,IMAGE_REQUIRED,,0,MISSING,NO_MATCH,No candidate found in any source
BC-001843,Bikanervala Khatia Meetha Mixture 150 g,8900000001856,,IMAGE_REQUIRED,,0,MISSING,NO_MATCH,No candidate found in any source
BC-001844,Balaji Salted Roasted Peanuts 300 g,8900000001857,,IMAGE_REQUIRED,,0,MISSING,NO_MATCH,No candidate found in any source
BC-001845,Bingo Moong Dal Crunchy Namkeen 150 g,8900000001858,,IMAGE_REQUIRED,,0,MISSING,NO_MATCH,No candidate found in any source
BC-001846,Bingo Popcorn Butter Salted Instant 60 g,8900000001859,,IMAGE_REQUIRED,,0,MISSING,NO_MATCH,No candidate found in any source
BC-001847,Balaji Salted Roasted Peanuts 150 g,8900000001860,,IMAGE_REQUIRED,,0,MISSING,NO_MATCH,No candidate found in any source
BC-001848,Bikanervala Chivda Nashik Flattened Rice 200 g,8900000001861,,IMAGE_REQUIRED,,0,MISSING,NO_MATCH,No candidate found in any source
BC-001849,Bingo Popcorn Butter Salted Instant 130 g,8900000001862,,IMAGE_REQUIRED,,0,MISSING,NO_MATCH,No candidate found in any source
BC-001850,Bingo Aloo Bhujia Namkeen 150 g,8900000001863,,IMAGE_REQUIRED,,0,MISSING,NO_MATCH,No candidate found in any source
BC-001851,Balaji Chana Jor Garam Spicy 300 g,8900000001864,,IMAGE_REQUIRED,,0,MISSING,NO_MATCH,No candidate found in any source
BC-001852,Bingo Salted Roasted Peanuts 150 g,8900000001865,,IMAGE_REQUIRED,,0,MISSING,NO_MATCH,No candidate found in any source
BC-001853,Bingo Masala Munch Corn Crunchy 45 g,8900000001866,,IMAGE_REQUIRED,,0,MISSING,NO_MATCH,No candidate found in any source
BC-001854,Bingo Moong Dal Crunchy Namkeen 350 g,8900000001867,,IMAGE_REQUIRED,,0,MISSING,NO_MATCH,No candidate found in any source
BC-001855,Balaji Popcorn Butter Salted Instant 60 g,8900000001868,,IMAGE_REQUIRED,,0,MISSING,NO_MATCH,No candidate found in any source
BC-001856,Balaji Khatia Meetha Mixture 1 kg,8900000001869,,IMAGE_REQUIRED,,0,MISSING,NO_MATCH,No candidate found in any source
BC-001857,Bikanervala Aloo Bhujia Namkeen 350 g,8900000001870,,IMAGE_REQUIRED,,0,MISSING,NO_MATCH,No candidate found in any source
BC-001858,Bingo Khatia Meetha Mixture 150 g,8900000001871,,IMAGE_REQUIRED,,0,MISSING,NO_MATCH,No candidate found in any source
BC-001859,Bikanervala Bhakarwadi Maharashtra Special 400 g,8900000001872,,IMAGE_REQUIRED,,0,MISSING,NO_MATCH,No candidate found in any source
BC-001860,Bingo Aloo Bhujia Namkeen 350 g,8900000001873,,IMAGE_REQUIRED,,0,MISSING,NO_MATCH,No candidate found in any source
BC-001861,Bingo Khatia Meetha Mixture 350 g,8900000001874,,IMAGE_REQUIRED,,0,MISSING,NO_MATCH,No candidate found in any source
BC-001862,Limca Thums Up Charged Cola 2.25 L,8900000001875,,IMAGE_REQUIRED,,0,MISSING,NO_MATCH,No candidate found in any source
BC-001863,Maaza Mango Fruit Drink 2.25 L,8900000001876,,IMAGE_REQUIRED,,0,MISSING,NO_MATCH,No candidate found in any source
BC-001864,Sprite Coca-Cola Original Fizz 250 ml Can,8900000001877,,IMAGE_REQUIRED,,0,MISSING,NO_MATCH,No candidate found in any source
BC-001865,Limca Packaged Mineral Water Jar 1 L Bottle,8900000001878,,IMAGE_REQUIRED,,0,MISSING,NO_MATCH,No candidate found in any source
BC-001866,Limca Club Soda Extra Fizz 600 ml Bottle,8900000001879,,IMAGE_REQUIRED,,0,MISSING,NO_MATCH,No candidate found in any source
BC-001867,Sprite Thums Up Charged Cola 250 ml Can,8900000001880,,IMAGE_REQUIRED,,0,MISSING,NO_MATCH,No candidate found in any source
BC-001868,Sprite Clear Lime Soft Drink 1.25 L,8900000001881,,IMAGE_REQUIRED,,0,MISSING,NO_MATCH,No candidate found in any source
BC-001869,Limca Packaged Mineral Water Jar 2 L Bottle,8900000001882,,IMAGE_REQUIRED,,0,MISSING,NO_MATCH,No candidate found in any source
BC-001870,Thums Up Club Soda Extra Fizz 750 ml Bottle,8900000001883,,IMAGE_REQUIRED,,0,MISSING,NO_MATCH,No candidate found in any source
BC-001871,Maaza Real Active 100% Orange Juice 200 ml Tetra,8900000001885,,IMAGE_REQUIRED,,0,MISSING,NO_MATCH,No candidate found in any source
BC-001872,Thums Up Real Mixed Fruit Juice 1 L Pack,8900000001886,,IMAGE_REQUIRED,,0,MISSING,NO_MATCH,No candidate found in any source
BC-001873,Thums Up Club Soda Extra Fizz 600 ml Bottle,8900000001887,,IMAGE_REQUIRED,,0,MISSING,NO_MATCH,No candidate found in any source
BC-001874,Sprite Coca-Cola Original Fizz 600 ml Bottle,8900000001888,,IMAGE_REQUIRED,,0,MISSING,NO_MATCH,No candidate found in any source
BC-001875,Sprite Packaged Mineral Water Jar 500 ml,8900000001890,,IMAGE_REQUIRED,,0,MISSING,NO_MATCH,No candidate found in any source
BC-001876,Limca Sprite Clear Lime Soft Drink 600 ml Bottle,8900000001891,,IMAGE_REQUIRED,,0,MISSING,NO_MATCH,No candidate found in any source
BC-001877,Maaza Real Mixed Fruit Juice 1 L Pack,8900000001892,,IMAGE_REQUIRED,,0,MISSING,NO_MATCH,No candidate found in any source
BC-001878,Maaza Packaged Mineral Water Jar 2 L Bottle,8900000001893,,IMAGE_REQUIRED,,0,MISSING,NO_MATCH,No candidate found in any source
BC-001879,Thums Up Nimbu Pani Lemonade Fresh 600 ml Bottle,8900000001895,,IMAGE_REQUIRED,,0,MISSING,NO_MATCH,No candidate found in any source
BC-001880,Sprite Clear Lime Soft Drink 2.25 L,8900000001896,,IMAGE_REQUIRED,,0,MISSING,NO_MATCH,No candidate found in any source
BC-001881,Thums Up Coca-Cola Original Fizz 1.25 L,8900000001897,,IMAGE_REQUIRED,,0,MISSING,NO_MATCH,No candidate found in any source
BC-001882,Limca Real Mixed Fruit Juice 200 ml Tetra,8900000001898,,IMAGE_REQUIRED,,0,MISSING,NO_MATCH,No candidate found in any source
BC-001883,Maaza Club Soda Extra Fizz 600 ml Bottle,8900000001899,,IMAGE_REQUIRED,,0,MISSING,NO_MATCH,No candidate found in any source
BC-001884,Sprite Thums Up Charged Cola 1.25 L,8900000001900,,IMAGE_REQUIRED,,0,MISSING,NO_MATCH,No candidate found in any source
BC-001885,Sprite Clear Lime Soft Drink 600 ml Bottle,8900000001901,,IMAGE_REQUIRED,,0,MISSING,NO_MATCH,No candidate found in any source
BC-001886,Maaza Coca-Cola Original Fizz 250 ml Can,8900000001902,,IMAGE_REQUIRED,,0,MISSING,NO_MATCH,No candidate found in any source
BC-001887,Thums Up Real Active 100% Orange Juice 200 ml Tetra,8900000001903,,IMAGE_REQUIRED,,0,MISSING,NO_MATCH,No candidate found in any source
BC-001888,Maaza Nimbu Pani Lemonade Fresh 200 ml Bottle,8900000001904,,IMAGE_REQUIRED,,0,MISSING,NO_MATCH,No candidate found in any source
BC-001889,Maaza Mango Fruit Drink 1.25 L,8900000001905,,IMAGE_REQUIRED,,0,MISSING,NO_MATCH,No candidate found in any source
BC-001890,Thums Up Coca-Cola Original Fizz 600 ml Bottle,8900000001906,,IMAGE_REQUIRED,,0,MISSING,NO_MATCH,No candidate found in any source
BC-001891,Sprite Real Mixed Fruit Juice 200 ml Tetra,8900000001907,,IMAGE_REQUIRED,,0,MISSING,NO_MATCH,No candidate found in any source
BC-001892,Thums Up Coca-Cola Original Fizz 2.25 L,8900000001908,,IMAGE_REQUIRED,,0,MISSING,NO_MATCH,No candidate found in any source
BC-001893,Sprite Real Active 100% Orange Juice 200 ml Tetra,8900000001909,,IMAGE_REQUIRED,,0,MISSING,NO_MATCH,No candidate found in any source
BC-001894,Limca Real Mixed Fruit Juice 1 L Pack,8900000001910,,IMAGE_REQUIRED,,0,MISSING,NO_MATCH,No candidate found in any source
BC-001895,Sprite Packaged Mineral Water Jar 2 L Bottle,8900000001911,,IMAGE_REQUIRED,,0,MISSING,NO_MATCH,No candidate found in any source
BC-001896,Sprite Coca-Cola Original Fizz 2.25 L,8900000001912,,IMAGE_REQUIRED,,0,MISSING,NO_MATCH,No candidate found in any source
BC-001897,Maaza Packaged Mineral Water Jar 500 ml,8900000001913,,IMAGE_REQUIRED,,0,MISSING,NO_MATCH,No candidate found in any source
BC-001898,Sprite Thums Up Charged Cola 600 ml Bottle,8900000001914,,IMAGE_REQUIRED,,0,MISSING,NO_MATCH,No candidate found in any source
BC-001899,Thums Up Sprite Clear Lime Soft Drink 600 ml Bottle,8900000001915,,IMAGE_REQUIRED,,0,MISSING,NO_MATCH,No candidate found in any source
BC-001900,Thums Up Real Mixed Fruit Juice 200 ml Tetra,8900000001916,,IMAGE_REQUIRED,,0,MISSING,NO_MATCH,No candidate found in any source
BC-001901,Maaza Packaged Mineral Water Jar 1 L Bottle,8900000001917,,IMAGE_REQUIRED,,0,MISSING,NO_MATCH,No candidate found in any source
BC-001902,Thums Up Sprite Clear Lime Soft Drink 2.25 L,8900000001918,,IMAGE_REQUIRED,,0,MISSING,NO_MATCH,No candidate found in any source
BC-001903,Limca Coca-Cola Original Fizz 250 ml Can,8900000001919,,IMAGE_REQUIRED,,0,MISSING,NO_MATCH,No candidate found in any source
BC-001904,Limca Nimbu Pani Lemonade Fresh 600 ml Bottle,8900000001921,,IMAGE_REQUIRED,,0,MISSING,NO_MATCH,No candidate found in any source
BC-001905,Limca Coca-Cola Original Fizz 600 ml Bottle,8900000001922,,IMAGE_REQUIRED,,0,MISSING,NO_MATCH,No candidate found in any source
BC-001906,Thums Up Sprite Clear Lime Soft Drink 1.25 L,8900000001924,,IMAGE_REQUIRED,,0,MISSING,NO_MATCH,No candidate found in any source
BC-001907,Maaza Coca-Cola Original Fizz 2.25 L,8900000001925,,IMAGE_REQUIRED,,0,MISSING,NO_MATCH,No candidate found in any source
BC-001908,Sprite Real Active 100% Orange Juice 1 L Pack,8900000001926,,IMAGE_REQUIRED,,0,MISSING,NO_MATCH,No candidate found in any source
BC-001909,Sprite Thums Up Charged Cola 2.25 L,8900000001927,,IMAGE_REQUIRED,,0,MISSING,NO_MATCH,No candidate found in any source
BC-001910,Thums Up Packaged Mineral Water Jar 2 L Bottle,8900000001928,,IMAGE_REQUIRED,,0,MISSING,NO_MATCH,No candidate found in any source
BC-001911,Limca Thums Up Charged Cola 250 ml Can,8900000001929,,IMAGE_REQUIRED,,0,MISSING,NO_MATCH,No candidate found in any source
BC-001912,Limca Sprite Clear Lime Soft Drink 250 ml Can,8900000001930,,IMAGE_REQUIRED,,0,MISSING,NO_MATCH,No candidate found in any source
BC-001913,Maaza Coca-Cola Original Fizz 600 ml Bottle,8900000001931,,IMAGE_REQUIRED,,0,MISSING,NO_MATCH,No candidate found in any source
BC-001914,Maaza Club Soda Extra Fizz 750 ml Bottle,8900000001932,,IMAGE_REQUIRED,,0,MISSING,NO_MATCH,No candidate found in any source
BC-001915,Limca Packaged Mineral Water Jar 20 L Jar,8900000001933,,IMAGE_REQUIRED,,0,MISSING,NO_MATCH,No candidate found in any source
BC-001916,Limca Club Soda Extra Fizz 750 ml Bottle,8900000001934,,IMAGE_REQUIRED,,0,MISSING,NO_MATCH,No candidate found in any source
BC-001917,Sprite Packaged Mineral Water Jar 1 L Bottle,8900000001935,,IMAGE_REQUIRED,,0,MISSING,NO_MATCH,No candidate found in any source
BC-001918,Maaza Nimbu Pani Lemonade Fresh 600 ml Bottle,8900000001936,,IMAGE_REQUIRED,,0,MISSING,NO_MATCH,No candidate found in any source
BC-001919,Maaza Coca-Cola Original Fizz 1.25 L,8900000001937,,IMAGE_REQUIRED,,0,MISSING,NO_MATCH,No candidate found in any source
BC-001920,Thums Up Packaged Mineral Water Jar 500 ml,8900000001938,,IMAGE_REQUIRED,,0,MISSING,NO_MATCH,No candidate found in any source
BC-001921,Sprite Nimbu Pani Lemonade Fresh 600 ml Bottle,8900000001939,,IMAGE_REQUIRED,,0,MISSING,NO_MATCH,No candidate found in any source
BC-001922,Limca Nimbu Pani Lemonade Fresh 200 ml Bottle,8900000001940,,IMAGE_REQUIRED,,0,MISSING,NO_MATCH,No candidate found in any source
BC-001923,Maaza Real Mixed Fruit Juice 200 ml Tetra,8900000001942,,IMAGE_REQUIRED,,0,MISSING,NO_MATCH,No candidate found in any source
BC-001924,Sprite Club Soda Extra Fizz 750 ml Bottle,8900000001943,,IMAGE_REQUIRED,,0,MISSING,NO_MATCH,No candidate found in any source
BC-001925,Sprite Packaged Mineral Water Jar 20 L Jar,8900000001944,,IMAGE_REQUIRED,,0,MISSING,NO_MATCH,No candidate found in any source
BC-001926,Sprite Clear Lime Soft Drink 250 ml Can,8900000001945,,IMAGE_REQUIRED,,0,MISSING,NO_MATCH,No candidate found in any source
BC-001927,Thums Up Packaged Mineral Water Jar 20 L Jar,8900000001946,,IMAGE_REQUIRED,,0,MISSING,NO_MATCH,No candidate found in any source
BC-001928,Thums Up Sprite Clear Lime Soft Drink 250 ml Can,8900000001947,,IMAGE_REQUIRED,,0,MISSING,NO_MATCH,No candidate found in any source
BC-001929,Limca Packaged Mineral Water Jar 500 ml,8900000001948,,IMAGE_REQUIRED,,0,MISSING,NO_MATCH,No candidate found in any source
BC-001930,Limca Sprite Clear Lime Soft Drink 2.25 L,8900000001949,,IMAGE_REQUIRED,,0,MISSING,NO_MATCH,No candidate found in any source
BC-001931,Thums Up Packaged Mineral Water Jar 1 L Bottle,8900000001950,,IMAGE_REQUIRED,,0,MISSING,NO_MATCH,No candidate found in any source
BC-001932,Limca Real Active 100% Orange Juice 200 ml Tetra,8900000001951,,IMAGE_REQUIRED,,0,MISSING,NO_MATCH,No candidate found in any source
BC-001933,Limca Coca-Cola Original Fizz 1.25 L,8900000001952,,IMAGE_REQUIRED,,0,MISSING,NO_MATCH,No candidate found in any source
BC-001934,Sprite Nimbu Pani Lemonade Fresh 200 ml Bottle,8900000001953,,IMAGE_REQUIRED,,0,MISSING,NO_MATCH,No candidate found in any source
BC-001935,Limca Thums Up Charged Cola 600 ml Bottle,8900000001954,,IMAGE_REQUIRED,,0,MISSING,NO_MATCH,No candidate found in any source
BC-001936,Thums Up Nimbu Pani Lemonade Fresh 200 ml Bottle,8900000001955,,IMAGE_REQUIRED,,0,MISSING,NO_MATCH,No candidate found in any source
BC-001937,Limca Real Active 100% Orange Juice 1 L Pack,8900000001956,,IMAGE_REQUIRED,,0,MISSING,NO_MATCH,No candidate found in any source
BC-001938,Maaza Packaged Mineral Water Jar 20 L Jar,8900000001957,,IMAGE_REQUIRED,,0,MISSING,NO_MATCH,No candidate found in any source
BC-001939,Pond's Glycerine Pure & Gentle Soap 75 g,8900000001958,,IMAGE_REQUIRED,,0,MISSING,NO_MATCH,No candidate found in any source
BC-001940,Fair & Lovely Black Shine Gloss Shampoo 180 ml,8900000001959,,IMAGE_REQUIRED,,0,MISSING,NO_MATCH,No candidate found in any source
BC-001941,Pond's Strong Teeth Calcium Toothpaste 200 g,8900000001960,,IMAGE_REQUIRED,,0,MISSING,NO_MATCH,No candidate found in any source
BC-001942,Lifebuoy Glycerine Pure & Gentle Soap 3-Pack,8900000001961,,IMAGE_REQUIRED,,0,MISSING,NO_MATCH,No candidate found in any source
BC-001943,Lifebuoy Anti-Dandruff Cool Menthol Shampoo 80 ml,8900000001962,,IMAGE_REQUIRED,,0,MISSING,NO_MATCH,No candidate found in any source
BC-001944,Lifebuoy Beauty Moisture Bath Bar 125 g,8900000001963,,IMAGE_REQUIRED,,0,MISSING,NO_MATCH,No candidate found in any source
BC-001945,Pond's Neem & Turmeric Herbal Soap 75 g,8900000001964,,IMAGE_REQUIRED,,0,MISSING,NO_MATCH,No candidate found in any source
BC-001946,Pears Thick Hair Fall Hair Shampoo 650 ml,8900000001965,,IMAGE_REQUIRED,,0,MISSING,NO_MATCH,No candidate found in any source
BC-001947,Lifebuoy Black Shine Gloss Shampoo 80 ml,8900000001966,,IMAGE_REQUIRED,,0,MISSING,NO_MATCH,No candidate found in any source
BC-001948,Pears MaxFresh Spicy Red Toothpaste 80 g,8900000001967,,IMAGE_REQUIRED,,0,MISSING,NO_MATCH,No candidate found in any source
BC-001949,Lifebuoy Strong Teeth Calcium Toothpaste 100 g,8900000001968,,IMAGE_REQUIRED,,0,MISSING,NO_MATCH,No candidate found in any source
BC-001950,Pears Almond Drops Non-Sticky Hair Oil 500 ml,8900000001969,,IMAGE_REQUIRED,,0,MISSING,NO_MATCH,No candidate found in any source
BC-001951,Pears Glycerine Pure & Gentle Soap 125 g,8900000001970,,IMAGE_REQUIRED,,0,MISSING,NO_MATCH,No candidate found in any source
BC-001952,Lifebuoy Anti-Dandruff Cool Menthol Shampoo 340 ml,8900000001971,,IMAGE_REQUIRED,,0,MISSING,NO_MATCH,No candidate found in any source
BC-001953,Pond's Glow & Lovely Advanced Brightening Cream 80 g,8900000001972,,IMAGE_REQUIRED,,0,MISSING,NO_MATCH,No candidate found in any source
BC-001954,Fair & Lovely Almond Drops Non-Sticky Hair Oil 500 ml,8900000001973,,IMAGE_REQUIRED,,0,MISSING,NO_MATCH,No candidate found in any source
BC-001955,Lifebuoy Glycerine Pure & Gentle Soap 125 g,8900000001974,,IMAGE_REQUIRED,,0,MISSING,NO_MATCH,No candidate found in any source
BC-001956,Pond's Anti-Dandruff Cool Menthol Shampoo 180 ml,8900000001975,,IMAGE_REQUIRED,,0,MISSING,NO_MATCH,No candidate found in any source
BC-001957,Pears Glow & Lovely Advanced Brightening Cream 25 g,8900000001976,,IMAGE_REQUIRED,,0,MISSING,NO_MATCH,No candidate found in any source
BC-001958,Lifebuoy Coconut Pure Hair Oil 200 ml,8900000001977,,IMAGE_REQUIRED,,0,MISSING,NO_MATCH,No candidate found in any source
BC-001959,Pears Almond Drops Non-Sticky Hair Oil 100 ml,8900000001978,,IMAGE_REQUIRED,,0,MISSING,NO_MATCH,No candidate found in any source
BC-001960,Lifebuoy Original Antiseptic Bath Soap Buy 4 Get 1 Free Pack,8900000001979,,IMAGE_REQUIRED,,0,MISSING,NO_MATCH,No candidate found in any source
BC-001961,Lifebuoy Glow & Lovely Advanced Brightening Cream 25 g,8900000001980,,IMAGE_REQUIRED,,0,MISSING,NO_MATCH,No candidate found in any source
BC-001962,Fair & Lovely Ayurvedic Herbal Toothpaste 100 g,8900000001981,,IMAGE_REQUIRED,,0,MISSING,NO_MATCH,No candidate found in any source
BC-001963,Pond's Body Milk Deep Nourish Lotion 400 ml Pump,8900000001982,,IMAGE_REQUIRED,,0,MISSING,NO_MATCH,No candidate found in any source
BC-001964,Pears Coconut Pure Hair Oil 200 ml,8900000001983,,IMAGE_REQUIRED,,0,MISSING,NO_MATCH,No candidate found in any source
BC-001965,Pond's Original Antiseptic Bath Soap Buy 4 Get 1 Free Pack,8900000001984,,IMAGE_REQUIRED,,0,MISSING,NO_MATCH,No candidate found in any source
BC-001966,Pears Glycerine Pure & Gentle Soap 75 g,8900000001985,,IMAGE_REQUIRED,,0,MISSING,NO_MATCH,No candidate found in any source
BC-001967,Fair & Lovely Neem & Turmeric Herbal Soap 125 g,8900000001986,,IMAGE_REQUIRED,,0,MISSING,NO_MATCH,No candidate found in any source
BC-001968,Pears Anti-Dandruff Cool Menthol Shampoo 80 ml,8900000001987,,IMAGE_REQUIRED,,0,MISSING,NO_MATCH,No candidate found in any source
BC-001969,Pears Beauty Moisture Bath Bar 75 g,8900000001988,,IMAGE_REQUIRED,,0,MISSING,NO_MATCH,No candidate found in any source
BC-001970,Pears Strong Teeth Calcium Toothpaste 200 g,8900000001989,,IMAGE_REQUIRED,,0,MISSING,NO_MATCH,No candidate found in any source
BC-001971,Pears Original Antiseptic Bath Soap Buy 4 Get 1 Free Pack,8900000001990,,IMAGE_REQUIRED,,0,MISSING,NO_MATCH,No candidate found in any source
BC-001972,Pears Neem & Turmeric Herbal Soap 75 g,8900000001991,,IMAGE_REQUIRED,,0,MISSING,NO_MATCH,No candidate found in any source
BC-001973,Fair & Lovely Thick Hair Fall Hair Shampoo 180 ml,8900000001992,,IMAGE_REQUIRED,,0,MISSING,NO_MATCH,No candidate found in any source
BC-001974,Pears MaxFresh Spicy Red Toothpaste 150 g,8900000001993,,IMAGE_REQUIRED,,0,MISSING,NO_MATCH,No candidate found in any source
BC-001975,Pears Strong Teeth Calcium Toothpaste 100 g,8900000001994,,IMAGE_REQUIRED,,0,MISSING,NO_MATCH,No candidate found in any source
BC-001976,Fair & Lovely Ayurvedic Herbal Toothpaste 200 g,8900000001995,,IMAGE_REQUIRED,,0,MISSING,NO_MATCH,No candidate found in any source
BC-001977,Pears Black Shine Gloss Shampoo 340 ml,8900000001996,,IMAGE_REQUIRED,,0,MISSING,NO_MATCH,No candidate found in any source
BC-001978,Lifebuoy Ayurvedic Herbal Toothpaste 200 g,8900000001997,,IMAGE_REQUIRED,,0,MISSING,NO_MATCH,No candidate found in any source
BC-001979,Lifebuoy Body Milk Deep Nourish Lotion 400 ml Pump,8900000001998,,IMAGE_REQUIRED,,0,MISSING,NO_MATCH,No candidate found in any source
BC-001980,Pears Black Shine Gloss Shampoo 650 ml,8900000001999,,IMAGE_REQUIRED,,0,MISSING,NO_MATCH,No candidate found in any source
BC-001981,Pears Beauty Moisture Bath Bar 3-Pack,8900000002000,,IMAGE_REQUIRED,,0,MISSING,NO_MATCH,No candidate found in any source
BC-001982,Pond's Black Shine Gloss Shampoo 340 ml,8900000002001,,IMAGE_REQUIRED,,0,MISSING,NO_MATCH,No candidate found in any source
BC-001983,Fair & Lovely Original Antiseptic Bath Soap 75 g,8900000002002,,IMAGE_REQUIRED,,0,MISSING,NO_MATCH,No candidate found in any source
BC-001984,Fair & Lovely Thick Hair Fall Hair Shampoo 340 ml,8900000002003,,IMAGE_REQUIRED,,0,MISSING,NO_MATCH,No candidate found in any source
BC-001985,Pond's Anti-Dandruff Cool Menthol Shampoo 340 ml,8900000002004,,IMAGE_REQUIRED,,0,MISSING,NO_MATCH,No candidate found in any source
BC-001986,Pond's MaxFresh Spicy Red Toothpaste 300 g Saver Pack,8900000002005,,IMAGE_REQUIRED,,0,MISSING,NO_MATCH,No candidate found in any source
BC-001987,Fair & Lovely Glow & Lovely Advanced Brightening Cream 50 g,8900000002006,,IMAGE_REQUIRED,,0,MISSING,NO_MATCH,No candidate found in any source
BC-001988,Pears Neem & Turmeric Herbal Soap 3-Pack,8900000002007,,IMAGE_REQUIRED,,0,MISSING,NO_MATCH,No candidate found in any source
BC-001989,Lifebuoy Black Shine Gloss Shampoo 340 ml,8900000002008,,IMAGE_REQUIRED,,0,MISSING,NO_MATCH,No candidate found in any source
BC-001990,Fair & Lovely Anti-Dandruff Cool Menthol Shampoo 80 ml,8900000002009,,IMAGE_REQUIRED,,0,MISSING,NO_MATCH,No candidate found in any source
BC-001991,Fair & Lovely Strong Teeth Calcium Toothpaste 200 g,8900000002010,,IMAGE_REQUIRED,,0,MISSING,NO_MATCH,No candidate found in any source
BC-001992,Pears Glow & Lovely Advanced Brightening Cream 80 g,8900000002011,,IMAGE_REQUIRED,,0,MISSING,NO_MATCH,No candidate found in any source
BC-001993,Pond's Thick Hair Fall Hair Shampoo 180 ml,8900000002012,,IMAGE_REQUIRED,,0,MISSING,NO_MATCH,No candidate found in any source
BC-001994,Fair & Lovely Almond Drops Non-Sticky Hair Oil 200 ml,8900000002013,,IMAGE_REQUIRED,,0,MISSING,NO_MATCH,No candidate found in any source
BC-001995,Fair & Lovely Anti-Dandruff Cool Menthol Shampoo 180 ml,8900000002014,,IMAGE_REQUIRED,,0,MISSING,NO_MATCH,No candidate found in any source
BC-001996,Pond's Strong Teeth Calcium Toothpaste 500 g Family Pack,8900000002015,,IMAGE_REQUIRED,,0,MISSING,NO_MATCH,No candidate found in any source
BC-001997,Pond's Ayurvedic Herbal Toothpaste 200 g,8900000002016,,IMAGE_REQUIRED,,0,MISSING,NO_MATCH,No candidate found in any source
BC-001998,Pears Glow & Lovely Advanced Brightening Cream 50 g,8900000002017,,IMAGE_REQUIRED,,0,MISSING,NO_MATCH,No candidate found in any source
BC-001999,Fair & Lovely MaxFresh Spicy Red Toothpaste 150 g,8900000002018,,IMAGE_REQUIRED,,0,MISSING,NO_MATCH,No candidate found in any source
BC-002000,Pond's Neem & Turmeric Herbal Soap 3-Pack,8900000002019,,IMAGE_REQUIRED,,0,MISSING,NO_MATCH,No candidate found in any source
BC-002001,Pond's Ayurvedic Herbal Toothpaste 100 g,8900000002020,,IMAGE_REQUIRED,,0,MISSING,NO_MATCH,No candidate found in any source
BC-002002,Fair & Lovely Anti-Dandruff Cool Menthol Shampoo 340 ml,8900000002021,,IMAGE_REQUIRED,,0,MISSING,NO_MATCH,No candidate found in any source
BC-002003,Lifebuoy Glow & Lovely Advanced Brightening Cream 50 g,8900000002022,,IMAGE_REQUIRED,,0,MISSING,NO_MATCH,No candidate found in any source
BC-002004,Lifebuoy Almond Drops Non-Sticky Hair Oil 500 ml,8900000002023,,IMAGE_REQUIRED,,0,MISSING,NO_MATCH,No candidate found in any source
BC-002005,Fair & Lovely Glycerine Pure & Gentle Soap 75 g,8900000002024,,IMAGE_REQUIRED,,0,MISSING,NO_MATCH,No candidate found in any source
BC-002006,Fair & Lovely Thick Hair Fall Hair Shampoo 80 ml,8900000002025,,IMAGE_REQUIRED,,0,MISSING,NO_MATCH,No candidate found in any source
BC-002007,Lifebuoy Ayurvedic Herbal Toothpaste 100 g,8900000002026,,IMAGE_REQUIRED,,0,MISSING,NO_MATCH,No candidate found in any source
BC-002008,Pears Beauty Moisture Bath Bar 125 g,8900000002027,,IMAGE_REQUIRED,,0,MISSING,NO_MATCH,No candidate found in any source
BC-002009,Pears Thick Hair Fall Hair Shampoo 180 ml,8900000002028,,IMAGE_REQUIRED,,0,MISSING,NO_MATCH,No candidate found in any source
BC-002010,Pears Ayurvedic Herbal Toothpaste 100 g,8900000002029,,IMAGE_REQUIRED,,0,MISSING,NO_MATCH,No candidate found in any source
BC-002011,Pond's Body Milk Deep Nourish Lotion 200 ml,8900000002030,,IMAGE_REQUIRED,,0,MISSING,NO_MATCH,No candidate found in any source
BC-002012,Fair & Lovely Original Antiseptic Bath Soap 125 g,8900000002031,,IMAGE_REQUIRED,,0,MISSING,NO_MATCH,No candidate found in any source
BC-002013,Fair & Lovely Coconut Pure Hair Oil 100 ml,8900000002032,,IMAGE_REQUIRED,,0,MISSING,NO_MATCH,No candidate found in any source
BC-002014,Pond's Beauty Moisture Bath Bar 75 g,8900000002033,,IMAGE_REQUIRED,,0,MISSING,NO_MATCH,No candidate found in any source
BC-002015,Pears Anti-Dandruff Cool Menthol Shampoo 340 ml,8900000002034,,IMAGE_REQUIRED,,0,MISSING,NO_MATCH,No candidate found in any source
BC-002016,Pears Body Milk Deep Nourish Lotion 200 ml,8900000002035,,IMAGE_REQUIRED,,0,MISSING,NO_MATCH,No candidate found in any source
BC-002017,Pears Original Antiseptic Bath Soap 125 g,8900000002036,,IMAGE_REQUIRED,,0,MISSING,NO_MATCH,No candidate found in any source
BC-002018,Lifebuoy Thick Hair Fall Hair Shampoo 650 ml,8900000002037,,IMAGE_REQUIRED,,0,MISSING,NO_MATCH,No candidate found in any source
BC-002019,Fair & Lovely Black Shine Gloss Shampoo 340 ml,8900000002038,,IMAGE_REQUIRED,,0,MISSING,NO_MATCH,No candidate found in any source
BC-002020,Pond's Body Milk Deep Nourish Lotion 100 ml,8900000002039,,IMAGE_REQUIRED,,0,MISSING,NO_MATCH,No candidate found in any source
BC-002021,Pond's Almond Drops Non-Sticky Hair Oil 500 ml,8900000002040,,IMAGE_REQUIRED,,0,MISSING,NO_MATCH,No candidate found in any source
BC-002022,Lifebuoy Neem & Turmeric Herbal Soap 75 g,8900000002041,,IMAGE_REQUIRED,,0,MISSING,NO_MATCH,No candidate found in any source
BC-002023,Fair & Lovely Black Shine Gloss Shampoo 650 ml,8900000002042,,IMAGE_REQUIRED,,0,MISSING,NO_MATCH,No candidate found in any source
BC-002024,Lifebuoy Beauty Moisture Bath Bar 75 g,8900000002043,,IMAGE_REQUIRED,,0,MISSING,NO_MATCH,No candidate found in any source
BC-002025,Lifebuoy Glycerine Pure & Gentle Soap 75 g,8900000002044,,IMAGE_REQUIRED,,0,MISSING,NO_MATCH,No candidate found in any source
BC-002026,Lifebuoy Body Milk Deep Nourish Lotion 100 ml,8900000002045,,IMAGE_REQUIRED,,0,MISSING,NO_MATCH,No candidate found in any source
BC-002027,Pond's Beauty Moisture Bath Bar 125 g,8900000002046,,IMAGE_REQUIRED,,0,MISSING,NO_MATCH,No candidate found in any source
BC-002028,Pond's MaxFresh Spicy Red Toothpaste 150 g,8900000002047,,IMAGE_REQUIRED,,0,MISSING,NO_MATCH,No candidate found in any source
BC-002029,Pears Almond Drops Non-Sticky Hair Oil 200 ml,8900000002048,,IMAGE_REQUIRED,,0,MISSING,NO_MATCH,No candidate found in any source
BC-002030,Lifebuoy Anti-Dandruff Cool Menthol Shampoo 180 ml,8900000002049,,IMAGE_REQUIRED,,0,MISSING,NO_MATCH,No candidate found in any source
BC-002031,Fair & Lovely Strong Teeth Calcium Toothpaste 500 g Family Pack,8900000002050,,IMAGE_REQUIRED,,0,MISSING,NO_MATCH,No candidate found in any source
BC-002032,Pond's Beauty Moisture Bath Bar 3-Pack,8900000002051,,IMAGE_REQUIRED,,0,MISSING,NO_MATCH,No candidate found in any source
BC-002033,Fair & Lovely Black Shine Gloss Shampoo 80 ml,8900000002052,,IMAGE_REQUIRED,,0,MISSING,NO_MATCH,No candidate found in any source
BC-002034,Pears Ayurvedic Herbal Toothpaste 200 g,8900000002053,,IMAGE_REQUIRED,,0,MISSING,NO_MATCH,No candidate found in any source
BC-002035,Pears Black Shine Gloss Shampoo 80 ml,8900000002054,,IMAGE_REQUIRED,,0,MISSING,NO_MATCH,No candidate found in any source
BC-002036,Fair & Lovely Strong Teeth Calcium Toothpaste 100 g,8900000002055,,IMAGE_REQUIRED,,0,MISSING,NO_MATCH,No candidate found in any source
BC-002037,Pond's Neem & Turmeric Herbal Soap 125 g,8900000002056,,IMAGE_REQUIRED,,0,MISSING,NO_MATCH,No candidate found in any source
BC-002038,Pond's Black Shine Gloss Shampoo 180 ml,8900000002057,,IMAGE_REQUIRED,,0,MISSING,NO_MATCH,No candidate found in any source
BC-002039,Fair & Lovely Beauty Moisture Bath Bar 3-Pack,8900000002058,,IMAGE_REQUIRED,,0,MISSING,NO_MATCH,No candidate found in any source
BC-002040,Pears Neem & Turmeric Herbal Soap 125 g,8900000002059,,IMAGE_REQUIRED,,0,MISSING,NO_MATCH,No candidate found in any source
BC-002041,Fair & Lovely Glow & Lovely Advanced Brightening Cream 25 g,8900000002060,,IMAGE_REQUIRED,,0,MISSING,NO_MATCH,No candidate found in any source
BC-002042,Fair & Lovely Thick Hair Fall Hair Shampoo 650 ml,8900000002061,,IMAGE_REQUIRED,,0,MISSING,NO_MATCH,No candidate found in any source
BC-002043,Pears Coconut Pure Hair Oil 100 ml,8900000002062,,IMAGE_REQUIRED,,0,MISSING,NO_MATCH,No candidate found in any source
BC-002044,Lifebuoy Strong Teeth Calcium Toothpaste 200 g,8900000002063,,IMAGE_REQUIRED,,0,MISSING,NO_MATCH,No candidate found in any source
BC-002045,Pond's Coconut Pure Hair Oil 100 ml,8900000002064,,IMAGE_REQUIRED,,0,MISSING,NO_MATCH,No candidate found in any source
BC-002046,Pond's Almond Drops Non-Sticky Hair Oil 200 ml,8900000002065,,IMAGE_REQUIRED,,0,MISSING,NO_MATCH,No candidate found in any source
BC-002047,Fair & Lovely Neem & Turmeric Herbal Soap 3-Pack,8900000002066,,IMAGE_REQUIRED,,0,MISSING,NO_MATCH,No candidate found in any source
BC-002048,Pears Thick Hair Fall Hair Shampoo 340 ml,8900000002067,,IMAGE_REQUIRED,,0,MISSING,NO_MATCH,No candidate found in any source
BC-002049,Fair & Lovely Coconut Pure Hair Oil 200 ml,8900000002068,,IMAGE_REQUIRED,,0,MISSING,NO_MATCH,No candidate found in any source
BC-002050,Lifebuoy Almond Drops Non-Sticky Hair Oil 200 ml,8900000002069,,IMAGE_REQUIRED,,0,MISSING,NO_MATCH,No candidate found in any source
BC-002051,Pond's Strong Teeth Calcium Toothpaste 100 g,8900000002070,,IMAGE_REQUIRED,,0,MISSING,NO_MATCH,No candidate found in any source
BC-002052,Fair & Lovely Body Milk Deep Nourish Lotion 200 ml,8900000002071,,IMAGE_REQUIRED,,0,MISSING,NO_MATCH,No candidate found in any source
BC-002053,Pond's Coconut Pure Hair Oil 500 ml Bottle,8900000002072,,IMAGE_REQUIRED,,0,MISSING,NO_MATCH,No candidate found in any source
BC-002054,Lifebuoy Coconut Pure Hair Oil 500 ml Bottle,8900000002073,,IMAGE_REQUIRED,,0,MISSING,NO_MATCH,No candidate found in any source
BC-002055,Lifebuoy Strong Teeth Calcium Toothpaste 500 g Family Pack,8900000002074,,IMAGE_REQUIRED,,0,MISSING,NO_MATCH,No candidate found in any source
BC-002056,Fair & Lovely Glycerine Pure & Gentle Soap 3-Pack,8900000002075,,IMAGE_REQUIRED,,0,MISSING,NO_MATCH,No candidate found in any source
BC-002057,Fair & Lovely Neem & Turmeric Herbal Soap 75 g,8900000002076,,IMAGE_REQUIRED,,0,MISSING,NO_MATCH,No candidate found in any source
BC-002058,Pears Strong Teeth Calcium Toothpaste 500 g Family Pack,8900000002077,,IMAGE_REQUIRED,,0,MISSING,NO_MATCH,No candidate found in any source
BC-002059,Fair & Lovely Glow & Lovely Advanced Brightening Cream 80 g,8900000002078,,IMAGE_REQUIRED,,0,MISSING,NO_MATCH,No candidate found in any source
BC-002060,Lifebuoy Almond Drops Non-Sticky Hair Oil 100 ml,8900000002079,,IMAGE_REQUIRED,,0,MISSING,NO_MATCH,No candidate found in any source
BC-002061,Pond's Black Shine Gloss Shampoo 80 ml,8900000002080,,IMAGE_REQUIRED,,0,MISSING,NO_MATCH,No candidate found in any source
BC-002062,Pears MaxFresh Spicy Red Toothpaste 300 g Saver Pack,8900000002081,,IMAGE_REQUIRED,,0,MISSING,NO_MATCH,No candidate found in any source
BC-002063,Pond's Glow & Lovely Advanced Brightening Cream 50 g,8900000002082,,IMAGE_REQUIRED,,0,MISSING,NO_MATCH,No candidate found in any source
BC-002064,Pears Coconut Pure Hair Oil 500 ml Bottle,8900000002083,,IMAGE_REQUIRED,,0,MISSING,NO_MATCH,No candidate found in any source
BC-002065,Lifebuoy Thick Hair Fall Hair Shampoo 180 ml,8900000002084,,IMAGE_REQUIRED,,0,MISSING,NO_MATCH,No candidate found in any source
BC-002066,Lifebuoy Thick Hair Fall Hair Shampoo 80 ml,8900000002085,,IMAGE_REQUIRED,,0,MISSING,NO_MATCH,No candidate found in any source
BC-002067,Lifebuoy MaxFresh Spicy Red Toothpaste 300 g Saver Pack,8900000002086,,IMAGE_REQUIRED,,0,MISSING,NO_MATCH,No candidate found in any source
BC-002068,Pears Body Milk Deep Nourish Lotion 100 ml,8900000002087,,IMAGE_REQUIRED,,0,MISSING,NO_MATCH,No candidate found in any source
BC-002069,Lifebuoy Neem & Turmeric Herbal Soap 3-Pack,8900000002088,,IMAGE_REQUIRED,,0,MISSING,NO_MATCH,No candidate found in any source
BC-002070,Fair & Lovely Body Milk Deep Nourish Lotion 400 ml Pump,8900000002089,,IMAGE_REQUIRED,,0,MISSING,NO_MATCH,No candidate found in any source
BC-002071,Pond's Almond Drops Non-Sticky Hair Oil 100 ml,8900000002090,,IMAGE_REQUIRED,,0,MISSING,NO_MATCH,No candidate found in any source
BC-002072,Good Knight Easy Wash Detergent Powder 500 g,8900000002091,,IMAGE_REQUIRED,,0,MISSING,NO_MATCH,No candidate found in any source
BC-002073,Tide Matic Front & Top Load Liquid Detergent 500 ml Refill,8900000002092,,IMAGE_REQUIRED,,0,MISSING,NO_MATCH,No candidate found in any source
BC-002074,Tide Dishwash Bar Tub Soap 200 g Tub,8900000002093,,IMAGE_REQUIRED,,0,MISSING,NO_MATCH,No candidate found in any source
BC-002075,Harpic Floor Disinfectant Surface Cleaner Citrus 2 L Refill,8900000002094,,IMAGE_REQUIRED,,0,MISSING,NO_MATCH,No candidate found in any source
BC-002076,Colin Glass & Surface Cleaner Spray 500 ml Refill,8900000002095,,IMAGE_REQUIRED,,0,MISSING,NO_MATCH,No candidate found in any source
BC-002077,Ariel Mosquito Liquid Vaporizer Refill Machine + Refill,8900000002096,,IMAGE_REQUIRED,,0,MISSING,NO_MATCH,No candidate found in any source
BC-002078,Good Knight Mosquito Spray Aerosol Can 400 ml Can,8900000002097,,IMAGE_REQUIRED,,0,MISSING,NO_MATCH,No candidate found in any source
BC-002079,Harpic Cockroach Kill Gel Paste 20 g Syringe,8900000002098,,IMAGE_REQUIRED,,0,MISSING,NO_MATCH,No candidate found in any source
BC-002080,Colin Easy Wash Detergent Powder 500 g,8900000002099,,IMAGE_REQUIRED,,0,MISSING,NO_MATCH,No candidate found in any source
BC-002081,Hit Matic Front & Top Load Liquid Detergent 500 ml Refill,8900000002100,,IMAGE_REQUIRED,,0,MISSING,NO_MATCH,No candidate found in any source
BC-002082,Good Knight Lemon Dishwash Gel Liquid 750 ml,8900000002101,,IMAGE_REQUIRED,,0,MISSING,NO_MATCH,No candidate found in any source
BC-002083,Colin Dishwash Bar Tub Soap Pack of 3,8900000002102,,IMAGE_REQUIRED,,0,MISSING,NO_MATCH,No candidate found in any source
BC-002084,Good Knight Floor Disinfectant Surface Cleaner Citrus 500 ml,8900000002103,,IMAGE_REQUIRED,,0,MISSING,NO_MATCH,No candidate found in any source
BC-002085,Ariel Mosquito Liquid Vaporizer Refill 2 Refills Pack,8900000002104,,IMAGE_REQUIRED,,0,MISSING,NO_MATCH,No candidate found in any source
BC-002086,Hit Mosquito Spray Aerosol Can 200 ml Can,8900000002105,,IMAGE_REQUIRED,,0,MISSING,NO_MATCH,No candidate found in any source
BC-002087,Colin Cockroach Kill Gel Paste 20 g Syringe,8900000002106,,IMAGE_REQUIRED,,0,MISSING,NO_MATCH,No candidate found in any source
BC-002088,Good Knight Easy Wash Detergent Powder 1 kg,8900000002107,,IMAGE_REQUIRED,,0,MISSING,NO_MATCH,No candidate found in any source
BC-002089,Ariel Matic Front & Top Load Liquid Detergent 1 L Pouch,8900000002108,,IMAGE_REQUIRED,,0,MISSING,NO_MATCH,No candidate found in any source
BC-002090,Ariel Lemon Dishwash Gel Liquid 2 L Refill,8900000002109,,IMAGE_REQUIRED,,0,MISSING,NO_MATCH,No candidate found in any source
BC-002091,Good Knight Dishwash Bar Tub Soap 200 g Tub,8900000002110,,IMAGE_REQUIRED,,0,MISSING,NO_MATCH,No candidate found in any source
BC-002092,Lizol Disinfectant Toilet Cleaner Liquid 1 L Bottle,8900000002111,,IMAGE_REQUIRED,,0,MISSING,NO_MATCH,No candidate found in any source
BC-002093,Good Knight Floor Disinfectant Surface Cleaner Citrus 200 ml,8900000002112,,IMAGE_REQUIRED,,0,MISSING,NO_MATCH,No candidate found in any source
BC-002094,Ariel Glass & Surface Cleaner Spray 500 ml Refill,8900000002113,,IMAGE_REQUIRED,,0,MISSING,NO_MATCH,No candidate found in any source
BC-002095,Harpic Mosquito Liquid Vaporizer Refill 2 Refills Pack,8900000002114,,IMAGE_REQUIRED,,0,MISSING,NO_MATCH,No candidate found in any source
BC-002096,Vim Cockroach Kill Gel Paste 20 g Syringe,8900000002115,,IMAGE_REQUIRED,,0,MISSING,NO_MATCH,No candidate found in any source
BC-002097,Lizol Easy Wash Detergent Powder 3 kg,8900000002116,,IMAGE_REQUIRED,,0,MISSING,NO_MATCH,No candidate found in any source
BC-002098,Lizol Lemon Dishwash Gel Liquid 250 ml,8900000002117,,IMAGE_REQUIRED,,0,MISSING,NO_MATCH,No candidate found in any source
BC-002099,Colin Dishwash Bar Tub Soap 200 g Tub,8900000002118,,IMAGE_REQUIRED,,0,MISSING,NO_MATCH,No candidate found in any source
BC-002100,Harpic Disinfectant Toilet Cleaner Liquid 1 L Bottle,8900000002119,,IMAGE_REQUIRED,,0,MISSING,NO_MATCH,No candidate found in any source
BC-002101,Harpic Floor Disinfectant Surface Cleaner Citrus 200 ml,8900000002120,,IMAGE_REQUIRED,,0,MISSING,NO_MATCH,No candidate found in any source
BC-002102,Vim Mosquito Liquid Vaporizer Refill Machine + Refill,8900000002121,,IMAGE_REQUIRED,,0,MISSING,NO_MATCH,No candidate found in any source
BC-002103,Hit Mosquito Spray Aerosol Can 400 ml Can,8900000002122,,IMAGE_REQUIRED,,0,MISSING,NO_MATCH,No candidate found in any source
BC-002104,Lizol Cockroach Kill Gel Paste 20 g Syringe,8900000002123,,IMAGE_REQUIRED,,0,MISSING,NO_MATCH,No candidate found in any source
BC-002105,Hit Easy Wash Detergent Powder 3 kg,8900000002124,,IMAGE_REQUIRED,,0,MISSING,NO_MATCH,No candidate found in any source
BC-002106,Ariel Lemon Dishwash Gel Liquid 250 ml,8900000002125,,IMAGE_REQUIRED,,0,MISSING,NO_MATCH,No candidate found in any source
BC-002107,Lizol Dishwash Bar Tub Soap 500 g Tub,8900000002126,,IMAGE_REQUIRED,,0,MISSING,NO_MATCH,No candidate found in any source
BC-002108,Colin Disinfectant Toilet Cleaner Liquid 200 ml,8900000002127,,IMAGE_REQUIRED,,0,MISSING,NO_MATCH,No candidate found in any source
BC-002109,Lizol Floor Disinfectant Surface Cleaner Citrus 500 ml,8900000002128,,IMAGE_REQUIRED,,0,MISSING,NO_MATCH,No candidate found in any source
BC-002110,Lizol Glass & Surface Cleaner Spray 500 ml Refill,8900000002129,,IMAGE_REQUIRED,,0,MISSING,NO_MATCH,No candidate found in any source
BC-002111,Good Knight Mosquito Liquid Vaporizer Refill 1 Refill 45 Nights,8900000002130,,IMAGE_REQUIRED,,0,MISSING,NO_MATCH,No candidate found in any source
BC-002112,Ariel Mosquito Spray Aerosol Can 200 ml Can,8900000002131,,IMAGE_REQUIRED,,0,MISSING,NO_MATCH,No candidate found in any source
BC-002113,Good Knight Matic Front & Top Load Liquid Detergent 1 L Pouch,8900000002132,,IMAGE_REQUIRED,,0,MISSING,NO_MATCH,No candidate found in any source
BC-002114,Ariel Lemon Dishwash Gel Liquid 750 ml,8900000002133,,IMAGE_REQUIRED,,0,MISSING,NO_MATCH,No candidate found in any source
BC-002115,Harpic Dishwash Bar Tub Soap Pack of 3,8900000002134,,IMAGE_REQUIRED,,0,MISSING,NO_MATCH,No candidate found in any source
BC-002116,Vim Floor Disinfectant Surface Cleaner Citrus 1 L,8900000002135,,IMAGE_REQUIRED,,0,MISSING,NO_MATCH,No candidate found in any source
BC-002117,Vim Glass & Surface Cleaner Spray 250 ml Spray,8900000002136,,IMAGE_REQUIRED,,0,MISSING,NO_MATCH,No candidate found in any source
BC-002118,Ariel Mosquito Liquid Vaporizer Refill 1 Refill 45 Nights,8900000002137,,IMAGE_REQUIRED,,0,MISSING,NO_MATCH,No candidate found in any source
BC-002119,Tide Cockroach Kill Gel Paste 20 g Syringe,8900000002138,,IMAGE_REQUIRED,,0,MISSING,NO_MATCH,No candidate found in any source
BC-002120,Good Knight Lemon Dishwash Gel Liquid 250 ml,8900000002139,,IMAGE_REQUIRED,,0,MISSING,NO_MATCH,No candidate found in any source
BC-002121,Vim Dishwash Bar Tub Soap Pack of 3,8900000002140,,IMAGE_REQUIRED,,0,MISSING,NO_MATCH,No candidate found in any source
BC-002122,Tide Disinfectant Toilet Cleaner Liquid 500 ml,8900000002141,,IMAGE_REQUIRED,,0,MISSING,NO_MATCH,No candidate found in any source
BC-002123,Good Knight Glass & Surface Cleaner Spray 500 ml Refill,8900000002142,,IMAGE_REQUIRED,,0,MISSING,NO_MATCH,No candidate found in any source
BC-002124,Vim Mosquito Spray Aerosol Can 200 ml Can,8900000002143,,IMAGE_REQUIRED,,0,MISSING,NO_MATCH,No candidate found in any source
BC-002125,Lizol Easy Wash Detergent Powder 500 g,8900000002144,,IMAGE_REQUIRED,,0,MISSING,NO_MATCH,No candidate found in any source
BC-002126,Hit Matic Front & Top Load Liquid Detergent 1 L Pouch,8900000002145,,IMAGE_REQUIRED,,0,MISSING,NO_MATCH,No candidate found in any source
BC-002127,Good Knight Lemon Dishwash Gel Liquid 2 L Refill,8900000002146,,IMAGE_REQUIRED,,0,MISSING,NO_MATCH,No candidate found in any source
BC-002128,Colin Disinfectant Toilet Cleaner Liquid 1 L Bottle,8900000002147,,IMAGE_REQUIRED,,0,MISSING,NO_MATCH,No candidate found in any source
BC-002129,Good Knight Floor Disinfectant Surface Cleaner Citrus 2 L Refill,8900000002148,,IMAGE_REQUIRED,,0,MISSING,NO_MATCH,No candidate found in any source
BC-002130,Tide Mosquito Spray Aerosol Can 200 ml Can,8900000002149,,IMAGE_REQUIRED,,0,MISSING,NO_MATCH,No candidate found in any source
BC-002131,Ariel Cockroach Kill Gel Paste 20 g Syringe,8900000002150,,IMAGE_REQUIRED,,0,MISSING,NO_MATCH,No candidate found in any source
BC-002132,Tide Easy Wash Detergent Powder 1 kg,8900000002151,,IMAGE_REQUIRED,,0,MISSING,NO_MATCH,No candidate found in any source
BC-002133,Colin Matic Front & Top Load Liquid Detergent 1 L Pouch,8900000002152,,IMAGE_REQUIRED,,0,MISSING,NO_MATCH,No candidate found in any source
BC-002134,Colin Lemon Dishwash Gel Liquid 750 ml,8900000002153,,IMAGE_REQUIRED,,0,MISSING,NO_MATCH,No candidate found in any source
BC-002135,Tide Dishwash Bar Tub Soap 500 g Tub,8900000002154,,IMAGE_REQUIRED,,0,MISSING,NO_MATCH,No candidate found in any source
BC-002136,Harpic Floor Disinfectant Surface Cleaner Citrus 1 L,8900000002155,,IMAGE_REQUIRED,,0,MISSING,NO_MATCH,No candidate found in any source
BC-002137,Lizol Glass & Surface Cleaner Spray 250 ml Spray,8900000002156,,IMAGE_REQUIRED,,0,MISSING,NO_MATCH,No candidate found in any source
BC-002138,Colin Mosquito Liquid Vaporizer Refill 2 Refills Pack,8900000002157,,IMAGE_REQUIRED,,0,MISSING,NO_MATCH,No candidate found in any source
BC-002139,Vim Mosquito Spray Aerosol Can 400 ml Can,8900000002158,,IMAGE_REQUIRED,,0,MISSING,NO_MATCH,No candidate found in any source
BC-002140,Harpic Easy Wash Detergent Powder 1 kg,8900000002159,,IMAGE_REQUIRED,,0,MISSING,NO_MATCH,No candidate found in any source
BC-002141,Tide Lemon Dishwash Gel Liquid 2 L Refill,8900000002160,,IMAGE_REQUIRED,,0,MISSING,NO_MATCH,No candidate found in any source
BC-002142,Good Knight Disinfectant Toilet Cleaner Liquid 200 ml,8900000002161,,IMAGE_REQUIRED,,0,MISSING,NO_MATCH,No candidate found in any source
BC-002143,Colin Floor Disinfectant Surface Cleaner Citrus 2 L Refill,8900000002162,,IMAGE_REQUIRED,,0,MISSING,NO_MATCH,No candidate found in any source
BC-002144,Colin Glass & Surface Cleaner Spray 250 ml Spray,8900000002163,,IMAGE_REQUIRED,,0,MISSING,NO_MATCH,No candidate found in any source
BC-002145,Hit Cockroach Kill Gel Paste 20 g Syringe,8900000002164,,IMAGE_REQUIRED,,0,MISSING,NO_MATCH,No candidate found in any source
BC-002146,Ariel Easy Wash Detergent Powder 500 g,8900000002165,,IMAGE_REQUIRED,,0,MISSING,NO_MATCH,No candidate found in any source
BC-002147,Vim Matic Front & Top Load Liquid Detergent 2 L Bottle,8900000002166,,IMAGE_REQUIRED,,0,MISSING,NO_MATCH,No candidate found in any source
BC-002148,Good Knight Dishwash Bar Tub Soap Pack of 3,8900000002167,,IMAGE_REQUIRED,,0,MISSING,NO_MATCH,No candidate found in any source
BC-002149,Good Knight Disinfectant Toilet Cleaner Liquid 1 L Bottle,8900000002168,,IMAGE_REQUIRED,,0,MISSING,NO_MATCH,No candidate found in any source
BC-002150,Tide Floor Disinfectant Surface Cleaner Citrus 500 ml,8900000002169,,IMAGE_REQUIRED,,0,MISSING,NO_MATCH,No candidate found in any source
BC-002151,Good Knight Cockroach Kill Gel Paste 20 g Syringe,8900000002170,,IMAGE_REQUIRED,,0,MISSING,NO_MATCH,No candidate found in any source
BC-002152,Hit Easy Wash Detergent Powder 1 kg,8900000002171,,IMAGE_REQUIRED,,0,MISSING,NO_MATCH,No candidate found in any source
BC-002153,Colin Dishwash Bar Tub Soap 500 g Tub,8900000002172,,IMAGE_REQUIRED,,0,MISSING,NO_MATCH,No candidate found in any source
BC-002154,Vim Disinfectant Toilet Cleaner Liquid 1 L Bottle,8900000002173,,IMAGE_REQUIRED,,0,MISSING,NO_MATCH,No candidate found in any source
BC-002155,Harpic Mosquito Liquid Vaporizer Refill 1 Refill 45 Nights,8900000002174,,IMAGE_REQUIRED,,0,MISSING,NO_MATCH,No candidate found in any source
BC-002156,Ariel Mosquito Spray Aerosol Can 400 ml Can,8900000002175,,IMAGE_REQUIRED,,0,MISSING,NO_MATCH,No candidate found in any source
BC-002157,Ariel Easy Wash Detergent Powder 3 kg,8900000002176,,IMAGE_REQUIRED,,0,MISSING,NO_MATCH,No candidate found in any source
BC-002158,Harpic Matic Front & Top Load Liquid Detergent 1 L Pouch,8900000002177,,IMAGE_REQUIRED,,0,MISSING,NO_MATCH,No candidate found in any source
BC-002159,Vim Dishwash Bar Tub Soap 200 g Tub,8900000002178,,IMAGE_REQUIRED,,0,MISSING,NO_MATCH,No candidate found in any source
BC-002160,Hit Floor Disinfectant Surface Cleaner Citrus 2 L Refill,8900000002179,,IMAGE_REQUIRED,,0,MISSING,NO_MATCH,No candidate found in any source
BC-002161,Colin Easy Wash Detergent Powder 3 kg,8900000002180,,IMAGE_REQUIRED,,0,MISSING,NO_MATCH,No candidate found in any source
BC-002162,Lizol Matic Front & Top Load Liquid Detergent 1 L Pouch,8900000002181,,IMAGE_REQUIRED,,0,MISSING,NO_MATCH,No candidate found in any source
BC-002163,Tide Lemon Dishwash Gel Liquid 500 ml,8900000002182,,IMAGE_REQUIRED,,0,MISSING,NO_MATCH,No candidate found in any source
BC-002164,Lizol Dishwash Bar Tub Soap Pack of 3,8900000002183,,IMAGE_REQUIRED,,0,MISSING,NO_MATCH,No candidate found in any source
BC-002165,Colin Floor Disinfectant Surface Cleaner Citrus 1 L,8900000002184,,IMAGE_REQUIRED,,0,MISSING,NO_MATCH,No candidate found in any source
BC-002166,Good Knight Glass & Surface Cleaner Spray 250 ml Spray,8900000002185,,IMAGE_REQUIRED,,0,MISSING,NO_MATCH,No candidate found in any source
BC-002167,Colin Mosquito Liquid Vaporizer Refill 1 Refill 45 Nights,8900000002186,,IMAGE_REQUIRED,,0,MISSING,NO_MATCH,No candidate found in any source
BC-002168,Colin Mosquito Spray Aerosol Can 400 ml Can,8900000002187,,IMAGE_REQUIRED,,0,MISSING,NO_MATCH,No candidate found in any source
BC-002169,Colin Easy Wash Detergent Powder 5 kg Pack,8900000002188,,IMAGE_REQUIRED,,0,MISSING,NO_MATCH,No candidate found in any source
BC-002170,Harpic Lemon Dishwash Gel Liquid 750 ml,8900000002189,,IMAGE_REQUIRED,,0,MISSING,NO_MATCH,No candidate found in any source
BC-002171,Harpic Dishwash Bar Tub Soap 500 g Tub,8900000002190,,IMAGE_REQUIRED,,0,MISSING,NO_MATCH,No candidate found in any source
BC-002172,Tide Disinfectant Toilet Cleaner Liquid 200 ml,8900000002191,,IMAGE_REQUIRED,,0,MISSING,NO_MATCH,No candidate found in any source
BC-002173,Colin Mosquito Liquid Vaporizer Refill Machine + Refill,8900000002192,,IMAGE_REQUIRED,,0,MISSING,NO_MATCH,No candidate found in any source
BC-002174,Tide Easy Wash Detergent Powder 5 kg Pack,8900000002193,,IMAGE_REQUIRED,,0,MISSING,NO_MATCH,No candidate found in any source
BC-002175,Colin Matic Front & Top Load Liquid Detergent 2 L Bottle,8900000002194,,IMAGE_REQUIRED,,0,MISSING,NO_MATCH,No candidate found in any source
BC-002176,Harpic Lemon Dishwash Gel Liquid 500 ml,8900000002195,,IMAGE_REQUIRED,,0,MISSING,NO_MATCH,No candidate found in any source
BC-002177,Hit Disinfectant Toilet Cleaner Liquid 500 ml,8900000002196,,IMAGE_REQUIRED,,0,MISSING,NO_MATCH,No candidate found in any source
BC-002178,Ariel Floor Disinfectant Surface Cleaner Citrus 500 ml,8900000002197,,IMAGE_REQUIRED,,0,MISSING,NO_MATCH,No candidate found in any source
BC-002179,Tide Glass & Surface Cleaner Spray 250 ml Spray,8900000002198,,IMAGE_REQUIRED,,0,MISSING,NO_MATCH,No candidate found in any source
BC-002180,Vim Easy Wash Detergent Powder 3 kg,8900000002199,,IMAGE_REQUIRED,,0,MISSING,NO_MATCH,No candidate found in any source
BC-002181,Lizol Lemon Dishwash Gel Liquid 2 L Refill,8900000002200,,IMAGE_REQUIRED,,0,MISSING,NO_MATCH,No candidate found in any source
BC-002182,Lizol Disinfectant Toilet Cleaner Liquid 200 ml,8900000002201,,IMAGE_REQUIRED,,0,MISSING,NO_MATCH,No candidate found in any source
BC-002183,Good Knight Floor Disinfectant Surface Cleaner Citrus 1 L,8900000002202,,IMAGE_REQUIRED,,0,MISSING,NO_MATCH,No candidate found in any source
BC-002184,Colin Mosquito Spray Aerosol Can 200 ml Can,8900000002203,,IMAGE_REQUIRED,,0,MISSING,NO_MATCH,No candidate found in any source
BC-002185,Ariel Disinfectant Toilet Cleaner Liquid 500 ml,8900000002204,,IMAGE_REQUIRED,,0,MISSING,NO_MATCH,No candidate found in any source
BC-002186,Tide Mosquito Liquid Vaporizer Refill 1 Refill 45 Nights,8900000002205,,IMAGE_REQUIRED,,0,MISSING,NO_MATCH,No candidate found in any source
BC-002187,Harpic Mosquito Spray Aerosol Can 400 ml Can,8900000002206,,IMAGE_REQUIRED,,0,MISSING,NO_MATCH,No candidate found in any source
BC-002188,Vim Easy Wash Detergent Powder 500 g,8900000002207,,IMAGE_REQUIRED,,0,MISSING,NO_MATCH,No candidate found in any source
BC-002189,Tide Lemon Dishwash Gel Liquid 750 ml,8900000002208,,IMAGE_REQUIRED,,0,MISSING,NO_MATCH,No candidate found in any source
BC-002190,Lizol Disinfectant Toilet Cleaner Liquid 500 ml,8900000002209,,IMAGE_REQUIRED,,0,MISSING,NO_MATCH,No candidate found in any source
BC-002191,Colin Matic Front & Top Load Liquid Detergent 500 ml Refill,8900000002210,,IMAGE_REQUIRED,,0,MISSING,NO_MATCH,No candidate found in any source
BC-002192,Lizol Dishwash Bar Tub Soap 200 g Tub,8900000002211,,IMAGE_REQUIRED,,0,MISSING,NO_MATCH,No candidate found in any source
BC-002193,Tide Glass & Surface Cleaner Spray 500 ml Refill,8900000002212,,IMAGE_REQUIRED,,0,MISSING,NO_MATCH,No candidate found in any source
BC-002194,Vim Matic Front & Top Load Liquid Detergent 1 L Pouch,8900000002213,,IMAGE_REQUIRED,,0,MISSING,NO_MATCH,No candidate found in any source
BC-002195,Hit Lemon Dishwash Gel Liquid 750 ml,8900000002214,,IMAGE_REQUIRED,,0,MISSING,NO_MATCH,No candidate found in any source
BC-002196,Harpic Glass & Surface Cleaner Spray 250 ml Spray,8900000002215,,IMAGE_REQUIRED,,0,MISSING,NO_MATCH,No candidate found in any source
BC-002197,Tide Mosquito Liquid Vaporizer Refill Machine + Refill,8900000002216,,IMAGE_REQUIRED,,0,MISSING,NO_MATCH,No candidate found in any source
BC-002198,Harpic Matic Front & Top Load Liquid Detergent 500 ml Refill,8900000002217,,IMAGE_REQUIRED,,0,MISSING,NO_MATCH,No candidate found in any source
BC-002199,Lizol Lemon Dishwash Gel Liquid 750 ml,8900000002218,,IMAGE_REQUIRED,,0,MISSING,NO_MATCH,No candidate found in any source
BC-002200,Harpic Dishwash Bar Tub Soap 200 g Tub,8900000002219,,IMAGE_REQUIRED,,0,MISSING,NO_MATCH,No candidate found in any source
BC-002201,Colin Floor Disinfectant Surface Cleaner Citrus 500 ml,8900000002220,,IMAGE_REQUIRED,,0,MISSING,NO_MATCH,No candidate found in any source
BC-002202,Harpic Floor Disinfectant Surface Cleaner Citrus 500 ml,8900000002221,,IMAGE_REQUIRED,,0,MISSING,NO_MATCH,No candidate found in any source
BC-002203,Hit Lemon Dishwash Gel Liquid 2 L Refill,8900000002222,,IMAGE_REQUIRED,,0,MISSING,NO_MATCH,No candidate found in any source
BC-002204,Tide Dishwash Bar Tub Soap Pack of 3,8900000002223,,IMAGE_REQUIRED,,0,MISSING,NO_MATCH,No candidate found in any source
BC-002205,Vim Glass & Surface Cleaner Spray 500 ml Refill,8900000002224,,IMAGE_REQUIRED,,0,MISSING,NO_MATCH,No candidate found in any source
BC-002206,Ariel Matic Front & Top Load Liquid Detergent 2 L Bottle,8900000002225,,IMAGE_REQUIRED,,0,MISSING,NO_MATCH,No candidate found in any source
BC-002207,Harpic Disinfectant Toilet Cleaner Liquid 500 ml,8900000002226,,IMAGE_REQUIRED,,0,MISSING,NO_MATCH,No candidate found in any source
BC-002208,Tide Floor Disinfectant Surface Cleaner Citrus 200 ml,8900000002227,,IMAGE_REQUIRED,,0,MISSING,NO_MATCH,No candidate found in any source
BC-002209,Harpic Easy Wash Detergent Powder 5 kg Pack,8900000002228,,IMAGE_REQUIRED,,0,MISSING,NO_MATCH,No candidate found in any source
BC-002210,Lizol Matic Front & Top Load Liquid Detergent 500 ml Refill,8900000002229,,IMAGE_REQUIRED,,0,MISSING,NO_MATCH,No candidate found in any source
BC-002211,Vim Disinfectant Toilet Cleaner Liquid 500 ml,8900000002230,,IMAGE_REQUIRED,,0,MISSING,NO_MATCH,No candidate found in any source
BC-002212,Harpic Easy Wash Detergent Powder 3 kg,8900000002231,,IMAGE_REQUIRED,,0,MISSING,NO_MATCH,No candidate found in any source
BC-002213,Ariel Dishwash Bar Tub Soap Pack of 3,8900000002232,,IMAGE_REQUIRED,,0,MISSING,NO_MATCH,No candidate found in any source
BC-002214,Colin Easy Wash Detergent Powder 1 kg,8900000002233,,IMAGE_REQUIRED,,0,MISSING,NO_MATCH,No candidate found in any source
BC-002215,Hit Floor Disinfectant Surface Cleaner Citrus 1 L,8900000002234,,IMAGE_REQUIRED,,0,MISSING,NO_MATCH,No candidate found in any source
BC-002216,Good Knight Easy Wash Detergent Powder 5 kg Pack,8900000002235,,IMAGE_REQUIRED,,0,MISSING,NO_MATCH,No candidate found in any source
BC-002217,Lizol Matic Front & Top Load Liquid Detergent 2 L Bottle,8900000002236,,IMAGE_REQUIRED,,0,MISSING,NO_MATCH,No candidate found in any source
BC-002218,Vim Lemon Dishwash Gel Liquid 500 ml,8900000002237,,IMAGE_REQUIRED,,0,MISSING,NO_MATCH,No candidate found in any source
BC-002219,Hit Dishwash Bar Tub Soap 200 g Tub,8900000002238,,IMAGE_REQUIRED,,0,MISSING,NO_MATCH,No candidate found in any source
BC-002220,Lizol Mosquito Liquid Vaporizer Refill 1 Refill 45 Nights,8900000002239,,IMAGE_REQUIRED,,0,MISSING,NO_MATCH,No candidate found in any source
BC-002221,Lizol Mosquito Spray Aerosol Can 200 ml Can,8900000002240,,IMAGE_REQUIRED,,0,MISSING,NO_MATCH,No candidate found in any source
BC-002222,Hit Easy Wash Detergent Powder 500 g,8900000002241,,IMAGE_REQUIRED,,0,MISSING,NO_MATCH,No candidate found in any source
BC-002223,Good Knight Dishwash Bar Tub Soap 500 g Tub,8900000002242,,IMAGE_REQUIRED,,0,MISSING,NO_MATCH,No candidate found in any source
BC-002224,Vim Floor Disinfectant Surface Cleaner Citrus 200 ml,8900000002243,,IMAGE_REQUIRED,,0,MISSING,NO_MATCH,No candidate found in any source
BC-002225,Harpic Mosquito Liquid Vaporizer Refill Machine + Refill,8900000002244,,IMAGE_REQUIRED,,0,MISSING,NO_MATCH,No candidate found in any source
BC-002226,Tide Mosquito Spray Aerosol Can 400 ml Can,8900000002245,,IMAGE_REQUIRED,,0,MISSING,NO_MATCH,No candidate found in any source
BC-002227,Hit Floor Disinfectant Surface Cleaner Citrus 200 ml,8900000002246,,IMAGE_REQUIRED,,0,MISSING,NO_MATCH,No candidate found in any source
BC-002228,Tide Mosquito Liquid Vaporizer Refill 2 Refills Pack,8900000002247,,IMAGE_REQUIRED,,0,MISSING,NO_MATCH,No candidate found in any source
BC-002229,Vim Easy Wash Detergent Powder 1 kg,8900000002248,,IMAGE_REQUIRED,,0,MISSING,NO_MATCH,No candidate found in any source
BC-002230,Vim Lemon Dishwash Gel Liquid 250 ml,8900000002249,,IMAGE_REQUIRED,,0,MISSING,NO_MATCH,No candidate found in any source
BC-002231,Hit Disinfectant Toilet Cleaner Liquid 200 ml,8900000002250,,IMAGE_REQUIRED,,0,MISSING,NO_MATCH,No candidate found in any source
BC-002232,Tide Floor Disinfectant Surface Cleaner Citrus 2 L Refill,8900000002251,,IMAGE_REQUIRED,,0,MISSING,NO_MATCH,No candidate found in any source
BC-002233,Good Knight Matic Front & Top Load Liquid Detergent 2 L Bottle,8900000002252,,IMAGE_REQUIRED,,0,MISSING,NO_MATCH,No candidate found in any source
BC-002234,Ariel Floor Disinfectant Surface Cleaner Citrus 2 L Refill,8900000002253,,IMAGE_REQUIRED,,0,MISSING,NO_MATCH,No candidate found in any source
BC-002235,Vim Lemon Dishwash Gel Liquid 750 ml,8900000002254,,IMAGE_REQUIRED,,0,MISSING,NO_MATCH,No candidate found in any source
BC-002236,Tide Lemon Dishwash Gel Liquid 250 ml,8900000002255,,IMAGE_REQUIRED,,0,MISSING,NO_MATCH,No candidate found in any source
BC-002237,Ariel Disinfectant Toilet Cleaner Liquid 200 ml,8900000002256,,IMAGE_REQUIRED,,0,MISSING,NO_MATCH,No candidate found in any source
BC-002238,Harpic Glass & Surface Cleaner Spray 500 ml Refill,8900000002257,,IMAGE_REQUIRED,,0,MISSING,NO_MATCH,No candidate found in any source
BC-002239,Hit Mosquito Liquid Vaporizer Refill Machine + Refill,8900000002258,,IMAGE_REQUIRED,,0,MISSING,NO_MATCH,No candidate found in any source
BC-002240,Lizol Mosquito Spray Aerosol Can 400 ml Can,8900000002259,,IMAGE_REQUIRED,,0,MISSING,NO_MATCH,No candidate found in any source
BC-002241,Harpic Lemon Dishwash Gel Liquid 250 ml,8900000002260,,IMAGE_REQUIRED,,0,MISSING,NO_MATCH,No candidate found in any source
BC-002242,Lizol Floor Disinfectant Surface Cleaner Citrus 2 L Refill,8900000002261,,IMAGE_REQUIRED,,0,MISSING,NO_MATCH,No candidate found in any source
BC-002243,Hit Mosquito Liquid Vaporizer Refill 2 Refills Pack,8900000002262,,IMAGE_REQUIRED,,0,MISSING,NO_MATCH,No candidate found in any source
BC-002244,Harpic Mosquito Spray Aerosol Can 200 ml Can,8900000002263,,IMAGE_REQUIRED,,0,MISSING,NO_MATCH,No candidate found in any source
BC-002245,Ariel Dishwash Bar Tub Soap 500 g Tub,8900000002264,,IMAGE_REQUIRED,,0,MISSING,NO_MATCH,No candidate found in any source
BC-002246,Ariel Matic Front & Top Load Liquid Detergent 500 ml Refill,8900000002265,,IMAGE_REQUIRED,,0,MISSING,NO_MATCH,No candidate found in any source
BC-002247,Hit Easy Wash Detergent Powder 5 kg Pack,8900000002266,,IMAGE_REQUIRED,,0,MISSING,NO_MATCH,No candidate found in any source
BC-002248,Tide Matic Front & Top Load Liquid Detergent 2 L Bottle,8900000002267,,IMAGE_REQUIRED,,0,MISSING,NO_MATCH,No candidate found in any source
BC-002249,Vim Lemon Dishwash Gel Liquid 2 L Refill,8900000002268,,IMAGE_REQUIRED,,0,MISSING,NO_MATCH,No candidate found in any source
BC-002250,Ariel Dishwash Bar Tub Soap 200 g Tub,8900000002269,,IMAGE_REQUIRED,,0,MISSING,NO_MATCH,No candidate found in any source
BC-002251,Good Knight Mosquito Liquid Vaporizer Refill 2 Refills Pack,8900000002270,,IMAGE_REQUIRED,,0,MISSING,NO_MATCH,No candidate found in any source
BC-002252,Good Knight Matic Front & Top Load Liquid Detergent 500 ml Refill,8900000002271,,IMAGE_REQUIRED,,0,MISSING,NO_MATCH,No candidate found in any source
BC-002253,Ariel Floor Disinfectant Surface Cleaner Citrus 1 L,8900000002272,,IMAGE_REQUIRED,,0,MISSING,NO_MATCH,No candidate found in any source
BC-002254,Ariel Disinfectant Toilet Cleaner Liquid 1 L Bottle,8900000002273,,IMAGE_REQUIRED,,0,MISSING,NO_MATCH,No candidate found in any source
BC-002255,Lizol Floor Disinfectant Surface Cleaner Citrus 200 ml,8900000002274,,IMAGE_REQUIRED,,0,MISSING,NO_MATCH,No candidate found in any source
BC-002256,Vim Mosquito Liquid Vaporizer Refill 1 Refill 45 Nights,8900000002275,,IMAGE_REQUIRED,,0,MISSING,NO_MATCH,No candidate found in any source
BC-002257,Lizol Mosquito Liquid Vaporizer Refill 2 Refills Pack,8900000002276,,IMAGE_REQUIRED,,0,MISSING,NO_MATCH,No candidate found in any source
BC-002258,Ariel Lemon Dishwash Gel Liquid 500 ml,8900000002277,,IMAGE_REQUIRED,,0,MISSING,NO_MATCH,No candidate found in any source
BC-002259,Hit Disinfectant Toilet Cleaner Liquid 1 L Bottle,8900000002278,,IMAGE_REQUIRED,,0,MISSING,NO_MATCH,No candidate found in any source
BC-002260,Tide Easy Wash Detergent Powder 500 g,8900000002279,,IMAGE_REQUIRED,,0,MISSING,NO_MATCH,No candidate found in any source
BC-002261,Hit Matic Front & Top Load Liquid Detergent 2 L Bottle,8900000002280,,IMAGE_REQUIRED,,0,MISSING,NO_MATCH,No candidate found in any source
BC-002262,Hit Floor Disinfectant Surface Cleaner Citrus 500 ml,8900000002281,,IMAGE_REQUIRED,,0,MISSING,NO_MATCH,No candidate found in any source
BC-002263,Lizol Mosquito Liquid Vaporizer Refill Machine + Refill,8900000002282,,IMAGE_REQUIRED,,0,MISSING,NO_MATCH,No candidate found in any source
BC-002264,Tide Floor Disinfectant Surface Cleaner Citrus 1 L,8900000002283,,IMAGE_REQUIRED,,0,MISSING,NO_MATCH,No candidate found in any source
BC-002265,Harpic Matic Front & Top Load Liquid Detergent 2 L Bottle,8900000002284,,IMAGE_REQUIRED,,0,MISSING,NO_MATCH,No candidate found in any source
BC-002266,Hit Mosquito Liquid Vaporizer Refill 1 Refill 45 Nights,8900000002285,,IMAGE_REQUIRED,,0,MISSING,NO_MATCH,No candidate found in any source
BC-002267,Vim Mosquito Liquid Vaporizer Refill 2 Refills Pack,8900000002286,,IMAGE_REQUIRED,,0,MISSING,NO_MATCH,No candidate found in any source
BC-002268,Vim Dishwash Bar Tub Soap 500 g Tub,8900000002287,,IMAGE_REQUIRED,,0,MISSING,NO_MATCH,No candidate found in any source
BC-002269,Lizol Lemon Dishwash Gel Liquid 500 ml,8900000002288,,IMAGE_REQUIRED,,0,MISSING,NO_MATCH,No candidate found in any source
BC-002270,Vim Easy Wash Detergent Powder 5 kg Pack,8900000002289,,IMAGE_REQUIRED,,0,MISSING,NO_MATCH,No candidate found in any source
BC-002271,Colin Floor Disinfectant Surface Cleaner Citrus 200 ml,8900000002290,,IMAGE_REQUIRED,,0,MISSING,NO_MATCH,No candidate found in any source
BC-002272,Good Knight Mosquito Spray Aerosol Can 200 ml Can,8900000002291,,IMAGE_REQUIRED,,0,MISSING,NO_MATCH,No candidate found in any source
BC-002273,Good Knight Lemon Dishwash Gel Liquid 500 ml,8900000002292,,IMAGE_REQUIRED,,0,MISSING,NO_MATCH,No candidate found in any source
BC-002274,Colin Lemon Dishwash Gel Liquid 2 L Refill,8900000002293,,IMAGE_REQUIRED,,0,MISSING,NO_MATCH,No candidate found in any source
BC-002275,Colin Disinfectant Toilet Cleaner Liquid 500 ml,8900000002294,,IMAGE_REQUIRED,,0,MISSING,NO_MATCH,No candidate found in any source
BC-002276,Ariel Easy Wash Detergent Powder 1 kg,8900000002295,,IMAGE_REQUIRED,,0,MISSING,NO_MATCH,No candidate found in any source
BC-002277,Tide Easy Wash Detergent Powder 3 kg,8900000002296,,IMAGE_REQUIRED,,0,MISSING,NO_MATCH,No candidate found in any source
BC-002278,Tide Disinfectant Toilet Cleaner Liquid 1 L Bottle,8900000002297,,IMAGE_REQUIRED,,0,MISSING,NO_MATCH,No candidate found in any source
BC-002279,Good Knight Mosquito Liquid Vaporizer Refill Machine + Refill,8900000002298,,IMAGE_REQUIRED,,0,MISSING,NO_MATCH,No candidate found in any source
BC-002280,Hit Lemon Dishwash Gel Liquid 500 ml,8900000002299,,IMAGE_REQUIRED,,0,MISSING,NO_MATCH,No candidate found in any source
BC-002281,Harpic Disinfectant Toilet Cleaner Liquid 200 ml,8900000002300,,IMAGE_REQUIRED,,0,MISSING,NO_MATCH,No candidate found in any source
BC-002282,Johnson's Baby All Round Protection Diaper Pants Small Monthly Pack 22 Pants,8900000002301,,IMAGE_REQUIRED,,0,MISSING,NO_MATCH,No candidate found in any source
BC-002283,Huggies No More Tears Baby Shampoo 500 ml Pump,8900000002302,,IMAGE_REQUIRED,,0,MISSING,NO_MATCH,No candidate found in any source
BC-002284,Pampers Nourishing Baby Massage Oil 500 ml,8900000002303,,IMAGE_REQUIRED,,0,MISSING,NO_MATCH,No candidate found in any source
BC-002285,Huggies Gentle Baby Bathing Soap 75 g,8900000002304,,IMAGE_REQUIRED,,0,MISSING,NO_MATCH,No candidate found in any source
BC-002286,Pampers Nutritious Baby Cereal Wheat Apple 300 g Box,8900000002305,,IMAGE_REQUIRED,,0,MISSING,NO_MATCH,No candidate found in any source
BC-002287,Pampers All Round Protection Diaper Pants Small Regular Pack 42 Pants,8900000002306,,IMAGE_REQUIRED,,0,MISSING,NO_MATCH,No candidate found in any source
BC-002288,Pampers All Round Protection Diaper Pants Medium Monthly Pack 20 Pants,8900000002307,,IMAGE_REQUIRED,,0,MISSING,NO_MATCH,No candidate found in any source
BC-002289,Pampers All Round Protection Diaper Pants Large Monthly Pack 18 Pants,8900000002308,,IMAGE_REQUIRED,,0,MISSING,NO_MATCH,No candidate found in any source
BC-002290,Pampers Baby Gentle Aloe Wipes 72 Wipes Pack,8900000002309,,IMAGE_REQUIRED,,0,MISSING,NO_MATCH,No candidate found in any source
BC-002291,MamyPoko Nourishing Baby Massage Oil 500 ml,8900000002310,,IMAGE_REQUIRED,,0,MISSING,NO_MATCH,No candidate found in any source
BC-002292,Pampers Gentle Baby Bathing Soap 125 g,8900000002311,,IMAGE_REQUIRED,,0,MISSING,NO_MATCH,No candidate found in any source
BC-002293,Huggies Nutritious Baby Cereal Wheat Apple 300 g Box,8900000002312,,IMAGE_REQUIRED,,0,MISSING,NO_MATCH,No candidate found in any source
BC-002294,Johnson's Baby All Round Protection Diaper Pants Small Regular Pack 42 Pants,8900000002313,,IMAGE_REQUIRED,,0,MISSING,NO_MATCH,No candidate found in any source
BC-002295,Johnson's Baby Baby Gentle Aloe Wipes 72 Wipes Pack,8900000002314,,IMAGE_REQUIRED,,0,MISSING,NO_MATCH,No candidate found in any source
BC-002296,MamyPoko No More Tears Baby Shampoo 200 ml,8900000002315,,IMAGE_REQUIRED,,0,MISSING,NO_MATCH,No candidate found in any source
BC-002297,Pampers Gentle Baby Bathing Soap 3-Pack,8900000002316,,IMAGE_REQUIRED,,0,MISSING,NO_MATCH,No candidate found in any source
BC-002298,Johnson's Baby Nutritious Baby Cereal Wheat Apple 300 g Box,8900000002317,,IMAGE_REQUIRED,,0,MISSING,NO_MATCH,No candidate found in any source
BC-002299,MamyPoko All Round Protection Diaper Pants Large Monthly Pack 18 Pants,8900000002318,,IMAGE_REQUIRED,,0,MISSING,NO_MATCH,No candidate found in any source
BC-002300,Huggies Baby Gentle Aloe Wipes 2x72 Wipes Combo,8900000002319,,IMAGE_REQUIRED,,0,MISSING,NO_MATCH,No candidate found in any source
BC-002301,Pampers All Round Protection Diaper Pants Medium Regular Pack 38 Pants,8900000002320,,IMAGE_REQUIRED,,0,MISSING,NO_MATCH,No candidate found in any source
BC-002302,Huggies All Round Protection Diaper Pants Large Regular Pack 34 Pants,8900000002321,,IMAGE_REQUIRED,,0,MISSING,NO_MATCH,No candidate found in any source
BC-002303,Huggies Baby Gentle Aloe Wipes 72 Wipes Pack,8900000002322,,IMAGE_REQUIRED,,0,MISSING,NO_MATCH,No candidate found in any source
BC-002304,MamyPoko No More Tears Baby Shampoo 500 ml Pump,8900000002323,,IMAGE_REQUIRED,,0,MISSING,NO_MATCH,No candidate found in any source
BC-002305,Huggies Nourishing Baby Massage Oil 200 ml,8900000002324,,IMAGE_REQUIRED,,0,MISSING,NO_MATCH,No candidate found in any source
BC-002306,MamyPoko All Round Protection Diaper Pants Small Monthly Pack 22 Pants,8900000002325,,IMAGE_REQUIRED,,0,MISSING,NO_MATCH,No candidate found in any source
BC-002307,Huggies All Round Protection Diaper Pants Large Monthly Pack 18 Pants,8900000002326,,IMAGE_REQUIRED,,0,MISSING,NO_MATCH,No candidate found in any source
BC-002308,Pampers No More Tears Baby Shampoo 200 ml,8900000002327,,IMAGE_REQUIRED,,0,MISSING,NO_MATCH,No candidate found in any source
BC-002309,Johnson's Baby Nourishing Baby Massage Oil 100 ml,8900000002328,,IMAGE_REQUIRED,,0,MISSING,NO_MATCH,No candidate found in any source
BC-002310,Johnson's Baby Gentle Baby Bathing Soap 75 g,8900000002329,,IMAGE_REQUIRED,,0,MISSING,NO_MATCH,No candidate found in any source
BC-002311,MamyPoko Nutritious Baby Cereal Wheat Apple 300 g Box,8900000002330,,IMAGE_REQUIRED,,0,MISSING,NO_MATCH,No candidate found in any source
BC-002312,Huggies All Round Protection Diaper Pants Small Regular Pack 42 Pants,8900000002331,,IMAGE_REQUIRED,,0,MISSING,NO_MATCH,No candidate found in any source
BC-002313,Johnson's Baby All Round Protection Diaper Pants Large Regular Pack 34 Pants,8900000002332,,IMAGE_REQUIRED,,0,MISSING,NO_MATCH,No candidate found in any source
BC-002314,Johnson's Baby Nourishing Baby Massage Oil 500 ml,8900000002333,,IMAGE_REQUIRED,,0,MISSING,NO_MATCH,No candidate found in any source
BC-002315,Huggies Nourishing Baby Massage Oil 100 ml,8900000002334,,IMAGE_REQUIRED,,0,MISSING,NO_MATCH,No candidate found in any source
BC-002316,Pampers All Round Protection Diaper Pants Large Regular Pack 34 Pants,8900000002335,,IMAGE_REQUIRED,,0,MISSING,NO_MATCH,No candidate found in any source
BC-002317,Pampers Baby Gentle Aloe Wipes 2x72 Wipes Combo,8900000002336,,IMAGE_REQUIRED,,0,MISSING,NO_MATCH,No candidate found in any source
BC-002318,Pampers No More Tears Baby Shampoo 500 ml Pump,8900000002337,,IMAGE_REQUIRED,,0,MISSING,NO_MATCH,No candidate found in any source
BC-002319,MamyPoko All Round Protection Diaper Pants Small Regular Pack 42 Pants,8900000002338,,IMAGE_REQUIRED,,0,MISSING,NO_MATCH,No candidate found in any source
BC-002320,MamyPoko All Round Protection Diaper Pants Medium Monthly Pack 20 Pants,8900000002339,,IMAGE_REQUIRED,,0,MISSING,NO_MATCH,No candidate found in any source
BC-002321,Huggies No More Tears Baby Shampoo 200 ml,8900000002340,,IMAGE_REQUIRED,,0,MISSING,NO_MATCH,No candidate found in any source
BC-002322,Pampers Nourishing Baby Massage Oil 100 ml,8900000002341,,IMAGE_REQUIRED,,0,MISSING,NO_MATCH,No candidate found in any source
BC-002323,Huggies Gentle Baby Bathing Soap 125 g,8900000002342,,IMAGE_REQUIRED,,0,MISSING,NO_MATCH,No candidate found in any source
BC-002324,Huggies All Round Protection Diaper Pants Small Monthly Pack 22 Pants,8900000002343,,IMAGE_REQUIRED,,0,MISSING,NO_MATCH,No candidate found in any source
BC-002325,Huggies All Round Protection Diaper Pants Medium Regular Pack 38 Pants,8900000002344,,IMAGE_REQUIRED,,0,MISSING,NO_MATCH,No candidate found in any source
BC-002326,Pampers Gentle Baby Bathing Soap 75 g,8900000002345,,IMAGE_REQUIRED,,0,MISSING,NO_MATCH,No candidate found in any source
BC-002327,MamyPoko All Round Protection Diaper Pants Large Regular Pack 34 Pants,8900000002346,,IMAGE_REQUIRED,,0,MISSING,NO_MATCH,No candidate found in any source
BC-002328,MamyPoko No More Tears Baby Shampoo 100 ml,8900000002347,,IMAGE_REQUIRED,,0,MISSING,NO_MATCH,No candidate found in any source
BC-002329,Pampers Nourishing Baby Massage Oil 200 ml,8900000002348,,IMAGE_REQUIRED,,0,MISSING,NO_MATCH,No candidate found in any source
BC-002330,Pampers All Round Protection Diaper Pants Small Monthly Pack 22 Pants,8900000002349,,IMAGE_REQUIRED,,0,MISSING,NO_MATCH,No candidate found in any source
BC-002331,Johnson's Baby All Round Protection Diaper Pants Large Monthly Pack 18 Pants,8900000002350,,IMAGE_REQUIRED,,0,MISSING,NO_MATCH,No candidate found in any source
BC-002332,MamyPoko Baby Gentle Aloe Wipes 72 Wipes Pack,8900000002351,,IMAGE_REQUIRED,,0,MISSING,NO_MATCH,No candidate found in any source
BC-002333,Johnson's Baby No More Tears Baby Shampoo 500 ml Pump,8900000002352,,IMAGE_REQUIRED,,0,MISSING,NO_MATCH,No candidate found in any source
BC-002334,Huggies Nourishing Baby Massage Oil 500 ml,8900000002353,,IMAGE_REQUIRED,,0,MISSING,NO_MATCH,No candidate found in any source
BC-002335,MamyPoko Gentle Baby Bathing Soap 125 g,8900000002354,,IMAGE_REQUIRED,,0,MISSING,NO_MATCH,No candidate found in any source
BC-002336,Johnson's Baby No More Tears Baby Shampoo 100 ml,8900000002355,,IMAGE_REQUIRED,,0,MISSING,NO_MATCH,No candidate found in any source
BC-002337,Johnson's Baby Gentle Baby Bathing Soap 125 g,8900000002356,,IMAGE_REQUIRED,,0,MISSING,NO_MATCH,No candidate found in any source
BC-002338,Pampers No More Tears Baby Shampoo 100 ml,8900000002357,,IMAGE_REQUIRED,,0,MISSING,NO_MATCH,No candidate found in any source
BC-002339,MamyPoko Nourishing Baby Massage Oil 100 ml,8900000002358,,IMAGE_REQUIRED,,0,MISSING,NO_MATCH,No candidate found in any source
BC-002340,Johnson's Baby Gentle Baby Bathing Soap 3-Pack,8900000002359,,IMAGE_REQUIRED,,0,MISSING,NO_MATCH,No candidate found in any source
BC-002341,Johnson's Baby All Round Protection Diaper Pants Medium Regular Pack 38 Pants,8900000002360,,IMAGE_REQUIRED,,0,MISSING,NO_MATCH,No candidate found in any source
BC-002342,MamyPoko All Round Protection Diaper Pants Medium Regular Pack 38 Pants,8900000002361,,IMAGE_REQUIRED,,0,MISSING,NO_MATCH,No candidate found in any source
BC-002343,MamyPoko Gentle Baby Bathing Soap 3-Pack,8900000002362,,IMAGE_REQUIRED,,0,MISSING,NO_MATCH,No candidate found in any source
BC-002344,MamyPoko Nourishing Baby Massage Oil 200 ml,8900000002363,,IMAGE_REQUIRED,,0,MISSING,NO_MATCH,No candidate found in any source
BC-002345,Huggies All Round Protection Diaper Pants Medium Monthly Pack 20 Pants,8900000002364,,IMAGE_REQUIRED,,0,MISSING,NO_MATCH,No candidate found in any source
BC-002346,Johnson's Baby Baby Gentle Aloe Wipes 2x72 Wipes Combo,8900000002365,,IMAGE_REQUIRED,,0,MISSING,NO_MATCH,No candidate found in any source
BC-002347,Huggies No More Tears Baby Shampoo 100 ml,8900000002366,,IMAGE_REQUIRED,,0,MISSING,NO_MATCH,No candidate found in any source
BC-002348,Johnson's Baby No More Tears Baby Shampoo 200 ml,8900000002367,,IMAGE_REQUIRED,,0,MISSING,NO_MATCH,No candidate found in any source
BC-002349,MamyPoko Gentle Baby Bathing Soap 75 g,8900000002368,,IMAGE_REQUIRED,,0,MISSING,NO_MATCH,No candidate found in any source
BC-002350,Huggies Gentle Baby Bathing Soap 3-Pack,8900000002369,,IMAGE_REQUIRED,,0,MISSING,NO_MATCH,No candidate found in any source
BC-002351,Iodex Herbal Cough Syrup Honitus 100 ml,8900000002370,,IMAGE_REQUIRED,,0,MISSING,NO_MATCH,No candidate found in any source
BC-002352,Iodex Pain Relief Ointment Balm 50 g Jar,8900000002371,,IMAGE_REQUIRED,,0,MISSING,NO_MATCH,No candidate found in any source
BC-002353,Volini Vaporub Steam Inhalation Balm 25 g Tin,8900000002372,,IMAGE_REQUIRED,,0,MISSING,NO_MATCH,No candidate found in any source
BC-002354,Dabur Honitus Chyawanprash Awaleha Pure 500 g Jar,8900000002373,,IMAGE_REQUIRED,,0,MISSING,NO_MATCH,No candidate found in any source
BC-002355,Iodex Orange Flavoured ORS Electrolyte Powder Box of 10 Sachets,8900000002374,,IMAGE_REQUIRED,,0,MISSING,NO_MATCH,No candidate found in any source
BC-002356,Volini Pain Relief Ointment Balm 25 g Tube,8900000002375,,IMAGE_REQUIRED,,0,MISSING,NO_MATCH,No candidate found in any source
BC-002357,Volini Chyawanprash Awaleha Pure 1 kg Jar,8900000002376,,IMAGE_REQUIRED,,0,MISSING,NO_MATCH,No candidate found in any source
BC-002358,Volini Apple Flavoured ORS Energy Drink 200 ml Tetra,8900000002377,,IMAGE_REQUIRED,,0,MISSING,NO_MATCH,No candidate found in any source
BC-002359,Cipla ORS Orange Flavoured ORS Electrolyte Powder Box of 10 Sachets,8900000002378,,IMAGE_REQUIRED,,0,MISSING,NO_MATCH,No candidate found in any source
BC-002360,Cipla ORS Herbal Cough Syrup Honitus 200 ml,8900000002379,,IMAGE_REQUIRED,,0,MISSING,NO_MATCH,No candidate found in any source
BC-002361,Cipla ORS Pain Relief Spray Instant 35 g Spray,8900000002380,,IMAGE_REQUIRED,,0,MISSING,NO_MATCH,No candidate found in any source
BC-002362,Zandu Vaporub Steam Inhalation Balm 50 g Jar,8900000002381,,IMAGE_REQUIRED,,0,MISSING,NO_MATCH,No candidate found in any source
BC-002363,Iodex Apple Flavoured ORS Energy Drink Pack of 5 200ml,8900000002382,,IMAGE_REQUIRED,,0,MISSING,NO_MATCH,No candidate found in any source
BC-002364,Cipla ORS Orange Flavoured ORS Electrolyte Powder 21.8 g Sachet,8900000002383,,IMAGE_REQUIRED,,0,MISSING,NO_MATCH,No candidate found in any source
BC-002365,Dabur Honitus Herbal Cough Syrup Honitus 100 ml,8900000002384,,IMAGE_REQUIRED,,0,MISSING,NO_MATCH,No candidate found in any source
BC-002366,Zandu Pain Relief Ointment Balm 25 g Tube,8900000002385,,IMAGE_REQUIRED,,0,MISSING,NO_MATCH,No candidate found in any source
BC-002367,Iodex Vaporub Steam Inhalation Balm 50 g Jar,8900000002386,,IMAGE_REQUIRED,,0,MISSING,NO_MATCH,No candidate found in any source
BC-002368,Zandu Cough Drops Menthol Candy Pouch 50 pcs,8900000002387,,IMAGE_REQUIRED,,0,MISSING,NO_MATCH,No candidate found in any source
BC-002369,Zandu Pain Relief Spray Instant 35 g Spray,8900000002388,,IMAGE_REQUIRED,,0,MISSING,NO_MATCH,No candidate found in any source
BC-002370,Volini Herbal Cough Syrup Honitus 200 ml,8900000002389,,IMAGE_REQUIRED,,0,MISSING,NO_MATCH,No candidate found in any source
BC-002371,Iodex Pain Relief Spray Instant 35 g Spray,8900000002390,,IMAGE_REQUIRED,,0,MISSING,NO_MATCH,No candidate found in any source
BC-002372,Dabur Honitus Pain Relief Ointment Balm 50 g Jar,8900000002391,,IMAGE_REQUIRED,,0,MISSING,NO_MATCH,No candidate found in any source
BC-002373,Iodex Chyawanprash Awaleha Pure 500 g Jar,8900000002392,,IMAGE_REQUIRED,,0,MISSING,NO_MATCH,No candidate found in any source
BC-002374,Dabur Honitus Apple Flavoured ORS Energy Drink 200 ml Tetra,8900000002393,,IMAGE_REQUIRED,,0,MISSING,NO_MATCH,No candidate found in any source
BC-002375,Zandu Orange Flavoured ORS Electrolyte Powder 21.8 g Sachet,8900000002394,,IMAGE_REQUIRED,,0,MISSING,NO_MATCH,No candidate found in any source
BC-002376,Zandu Herbal Cough Syrup Honitus 100 ml,8900000002395,,IMAGE_REQUIRED,,0,MISSING,NO_MATCH,No candidate found in any source
BC-002377,Volini Pain Relief Ointment Balm 50 g Jar,8900000002396,,IMAGE_REQUIRED,,0,MISSING,NO_MATCH,No candidate found in any source
BC-002378,Volini Vaporub Steam Inhalation Balm 50 g Jar,8900000002397,,IMAGE_REQUIRED,,0,MISSING,NO_MATCH,No candidate found in any source
BC-002379,Dabur Honitus Orange Flavoured ORS Electrolyte Powder Box of 10 Sachets,8900000002398,,IMAGE_REQUIRED,,0,MISSING,NO_MATCH,No candidate found in any source
BC-002380,Iodex Herbal Cough Syrup Honitus 200 ml,8900000002399,,IMAGE_REQUIRED,,0,MISSING,NO_MATCH,No candidate found in any source
BC-002381,Zandu Pain Relief Spray Instant 55 g Spray,8900000002400,,IMAGE_REQUIRED,,0,MISSING,NO_MATCH,No candidate found in any source
BC-002382,Dabur Honitus Vaporub Steam Inhalation Balm 50 g Jar,8900000002401,,IMAGE_REQUIRED,,0,MISSING,NO_MATCH,No candidate found in any source
BC-002383,Volini Orange Flavoured ORS Electrolyte Powder 21.8 g Sachet,8900000002402,,IMAGE_REQUIRED,,0,MISSING,NO_MATCH,No candidate found in any source
BC-002384,Dabur Honitus Herbal Cough Syrup Honitus 200 ml,8900000002403,,IMAGE_REQUIRED,,0,MISSING,NO_MATCH,No candidate found in any source
BC-002385,Cipla ORS Pain Relief Spray Instant 55 g Spray,8900000002404,,IMAGE_REQUIRED,,0,MISSING,NO_MATCH,No candidate found in any source
BC-002386,Dabur Honitus Pain Relief Ointment Balm 25 g Tube,8900000002405,,IMAGE_REQUIRED,,0,MISSING,NO_MATCH,No candidate found in any source
BC-002387,Cipla ORS Vaporub Steam Inhalation Balm 50 g Jar,8900000002406,,IMAGE_REQUIRED,,0,MISSING,NO_MATCH,No candidate found in any source
BC-002388,Zandu Chyawanprash Awaleha Pure 500 g Jar,8900000002407,,IMAGE_REQUIRED,,0,MISSING,NO_MATCH,No candidate found in any source
BC-002389,Volini Cough Drops Menthol Candy Jar 150 pcs,8900000002408,,IMAGE_REQUIRED,,0,MISSING,NO_MATCH,No candidate found in any source
BC-002390,Dabur Honitus Chyawanprash Awaleha Pure 1 kg Jar,8900000002409,,IMAGE_REQUIRED,,0,MISSING,NO_MATCH,No candidate found in any source
BC-002391,Volini Pain Relief Spray Instant 55 g Spray,8900000002410,,IMAGE_REQUIRED,,0,MISSING,NO_MATCH,No candidate found in any source
BC-002392,Dabur Honitus Cough Drops Menthol Candy Jar 150 pcs,8900000002411,,IMAGE_REQUIRED,,0,MISSING,NO_MATCH,No candidate found in any source
BC-002393,Volini Herbal Cough Syrup Honitus 100 ml,8900000002412,,IMAGE_REQUIRED,,0,MISSING,NO_MATCH,No candidate found in any source
BC-002394,Cipla ORS Cough Drops Menthol Candy Jar 150 pcs,8900000002413,,IMAGE_REQUIRED,,0,MISSING,NO_MATCH,No candidate found in any source
BC-002395,Volini Apple Flavoured ORS Energy Drink Pack of 5 200ml,8900000002414,,IMAGE_REQUIRED,,0,MISSING,NO_MATCH,No candidate found in any source
BC-002396,Zandu Orange Flavoured ORS Electrolyte Powder Box of 10 Sachets,8900000002415,,IMAGE_REQUIRED,,0,MISSING,NO_MATCH,No candidate found in any source
BC-002397,Iodex Pain Relief Ointment Balm 25 g Tube,8900000002416,,IMAGE_REQUIRED,,0,MISSING,NO_MATCH,No candidate found in any source
BC-002398,Volini Orange Flavoured ORS Electrolyte Powder Box of 10 Sachets,8900000002417,,IMAGE_REQUIRED,,0,MISSING,NO_MATCH,No candidate found in any source
BC-002399,Dabur Honitus Pain Relief Spray Instant 55 g Spray,8900000002418,,IMAGE_REQUIRED,,0,MISSING,NO_MATCH,No candidate found in any source
BC-002400,Zandu Pain Relief Ointment Balm 50 g Jar,8900000002419,,IMAGE_REQUIRED,,0,MISSING,NO_MATCH,No candidate found in any source
BC-002401,Cipla ORS Chyawanprash Awaleha Pure 1 kg Jar,8900000002420,,IMAGE_REQUIRED,,0,MISSING,NO_MATCH,No candidate found in any source
BC-002402,Cipla ORS Cough Drops Menthol Candy Pouch 50 pcs,8900000002421,,IMAGE_REQUIRED,,0,MISSING,NO_MATCH,No candidate found in any source
BC-002403,Zandu Chyawanprash Awaleha Pure 1 kg Jar,8900000002422,,IMAGE_REQUIRED,,0,MISSING,NO_MATCH,No candidate found in any source
BC-002404,Iodex Apple Flavoured ORS Energy Drink 200 ml Tetra,8900000002423,,IMAGE_REQUIRED,,0,MISSING,NO_MATCH,No candidate found in any source
BC-002405,Zandu Cough Drops Menthol Candy Jar 150 pcs,8900000002424,,IMAGE_REQUIRED,,0,MISSING,NO_MATCH,No candidate found in any source
BC-002406,Dabur Honitus Vaporub Steam Inhalation Balm 25 g Tin,8900000002425,,IMAGE_REQUIRED,,0,MISSING,NO_MATCH,No candidate found in any source
BC-002407,Iodex Vaporub Steam Inhalation Balm 25 g Tin,8900000002426,,IMAGE_REQUIRED,,0,MISSING,NO_MATCH,No candidate found in any source
BC-002408,Volini Pain Relief Spray Instant 35 g Spray,8900000002427,,IMAGE_REQUIRED,,0,MISSING,NO_MATCH,No candidate found in any source
BC-002409,Zandu Vaporub Steam Inhalation Balm 25 g Tin,8900000002428,,IMAGE_REQUIRED,,0,MISSING,NO_MATCH,No candidate found in any source
BC-002410,Volini Cough Drops Menthol Candy Pouch 50 pcs,8900000002429,,IMAGE_REQUIRED,,0,MISSING,NO_MATCH,No candidate found in any source
BC-002411,Zandu Herbal Cough Syrup Honitus 200 ml,8900000002430,,IMAGE_REQUIRED,,0,MISSING,NO_MATCH,No candidate found in any source
BC-002412,Iodex Pain Relief Spray Instant 55 g Spray,8900000002431,,IMAGE_REQUIRED,,0,MISSING,NO_MATCH,No candidate found in any source
BC-002413,Iodex Orange Flavoured ORS Electrolyte Powder 21.8 g Sachet,8900000002432,,IMAGE_REQUIRED,,0,MISSING,NO_MATCH,No candidate found in any source
BC-002414,Cipla ORS Chyawanprash Awaleha Pure 500 g Jar,8900000002433,,IMAGE_REQUIRED,,0,MISSING,NO_MATCH,No candidate found in any source
BC-002415,Iodex Chyawanprash Awaleha Pure 1 kg Jar,8900000002434,,IMAGE_REQUIRED,,0,MISSING,NO_MATCH,No candidate found in any source
BC-002416,Zandu Apple Flavoured ORS Energy Drink 200 ml Tetra,8900000002435,,IMAGE_REQUIRED,,0,MISSING,NO_MATCH,No candidate found in any source
BC-002417,Dabur Honitus Orange Flavoured ORS Electrolyte Powder 21.8 g Sachet,8900000002436,,IMAGE_REQUIRED,,0,MISSING,NO_MATCH,No candidate found in any source
BC-002418,Dabur Honitus Apple Flavoured ORS Energy Drink Pack of 5 200ml,8900000002437,,IMAGE_REQUIRED,,0,MISSING,NO_MATCH,No candidate found in any source
BC-002419,Iodex Cough Drops Menthol Candy Jar 150 pcs,8900000002438,,IMAGE_REQUIRED,,0,MISSING,NO_MATCH,No candidate found in any source
BC-002420,Dabur Honitus Pain Relief Spray Instant 35 g Spray,8900000002439,,IMAGE_REQUIRED,,0,MISSING,NO_MATCH,No candidate found in any source
BC-002421,Cipla ORS Apple Flavoured ORS Energy Drink 200 ml Tetra,8900000002440,,IMAGE_REQUIRED,,0,MISSING,NO_MATCH,No candidate found in any source
BC-002422,Cipla ORS Vaporub Steam Inhalation Balm 25 g Tin,8900000002441,,IMAGE_REQUIRED,,0,MISSING,NO_MATCH,No candidate found in any source
BC-002423,Cipla ORS Pain Relief Ointment Balm 25 g Tube,8900000002442,,IMAGE_REQUIRED,,0,MISSING,NO_MATCH,No candidate found in any source
BC-002424,Dabur Honitus Cough Drops Menthol Candy Pouch 50 pcs,8900000002443,,IMAGE_REQUIRED,,0,MISSING,NO_MATCH,No candidate found in any source
BC-002425,Volini Chyawanprash Awaleha Pure 500 g Jar,8900000002444,,IMAGE_REQUIRED,,0,MISSING,NO_MATCH,No candidate found in any source
BC-002426,Cipla ORS Herbal Cough Syrup Honitus 100 ml,8900000002445,,IMAGE_REQUIRED,,0,MISSING,NO_MATCH,No candidate found in any source
BC-002427,Cipla ORS Pain Relief Ointment Balm 50 g Jar,8900000002446,,IMAGE_REQUIRED,,0,MISSING,NO_MATCH,No candidate found in any source
BC-002428,Cipla ORS Apple Flavoured ORS Energy Drink Pack of 5 200ml,8900000002447,,IMAGE_REQUIRED,,0,MISSING,NO_MATCH,No candidate found in any source
BC-002429,Zandu Apple Flavoured ORS Energy Drink Pack of 5 200ml,8900000002448,,IMAGE_REQUIRED,,0,MISSING,NO_MATCH,No candidate found in any source
BC-002430,Iodex Cough Drops Menthol Candy Pouch 50 pcs,8900000002449,,IMAGE_REQUIRED,,0,MISSING,NO_MATCH,No candidate found in any source
BC-002431,Purepet Adult Dog Food Chicken & Vegetables 3 kg Pack,8900000002450,,IMAGE_REQUIRED,,0,MISSING,NO_MATCH,No candidate found in any source
BC-002432,Drools Puppy Chicken & Milk Food 1.2 kg Pack,8900000002451,,IMAGE_REQUIRED,,0,MISSING,NO_MATCH,No candidate found in any source
BC-002433,Purepet Wet Dog Food Chicken Gravy Pouch 70 g Pouch,8900000002452,,IMAGE_REQUIRED,,0,MISSING,NO_MATCH,No candidate found in any source
BC-002434,Drools Bentoknit Cat Litter Clumping Sand 5 kg Bag,8900000002453,,IMAGE_REQUIRED,,0,MISSING,NO_MATCH,No candidate found in any source
BC-002435,Drools Puppy Chicken & Milk Food 3 kg Pack,8900000002454,,IMAGE_REQUIRED,,0,MISSING,NO_MATCH,No candidate found in any source
BC-002436,Purepet Adult Cat Food Ocean Fish 3 kg Pack,8900000002455,,IMAGE_REQUIRED,,0,MISSING,NO_MATCH,No candidate found in any source
BC-002437,Drools Wet Cat Food Tuna Gravy Pouch Pack of 4 Pouches,8900000002456,,IMAGE_REQUIRED,,0,MISSING,NO_MATCH,No candidate found in any source
BC-002438,Purepet Bentoknit Cat Litter Clumping Sand 5 kg Bag,8900000002457,,IMAGE_REQUIRED,,0,MISSING,NO_MATCH,No candidate found in any source
BC-002439,Drools Wet Dog Food Chicken Gravy Pouch Pack of 6 Pouches,8900000002458,,IMAGE_REQUIRED,,0,MISSING,NO_MATCH,No candidate found in any source
BC-002440,Purepet Puppy Chicken & Milk Food 3 kg Pack,8900000002459,,IMAGE_REQUIRED,,0,MISSING,NO_MATCH,No candidate found in any source
BC-002441,Purepet Wet Dog Food Chicken Gravy Pouch Pack of 6 Pouches,8900000002460,,IMAGE_REQUIRED,,0,MISSING,NO_MATCH,No candidate found in any source
BC-002442,Drools Adult Cat Food Ocean Fish 3 kg Pack,8900000002461,,IMAGE_REQUIRED,,0,MISSING,NO_MATCH,No candidate found in any source
BC-002443,Purepet Adult Dog Food Chicken & Vegetables 1.2 kg Pack,8900000002462,,IMAGE_REQUIRED,,0,MISSING,NO_MATCH,No candidate found in any source
BC-002444,Purepet Puppy Chicken & Milk Food 1.2 kg Pack,8900000002463,,IMAGE_REQUIRED,,0,MISSING,NO_MATCH,No candidate found in any source
BC-002445,Drools Adult Cat Food Ocean Fish 1.2 kg Pack,8900000002464,,IMAGE_REQUIRED,,0,MISSING,NO_MATCH,No candidate found in any source
BC-002446,Purepet Adult Cat Food Ocean Fish 1.2 kg Pack,8900000002465,,IMAGE_REQUIRED,,0,MISSING,NO_MATCH,No candidate found in any source
BC-002447,Drools Adult Dog Food Chicken & Vegetables 3 kg Pack,8900000002466,,IMAGE_REQUIRED,,0,MISSING,NO_MATCH,No candidate found in any source
BC-002448,Purepet Wet Cat Food Tuna Gravy Pouch 85 g Pouch,8900000002467,,IMAGE_REQUIRED,,0,MISSING,NO_MATCH,No candidate found in any source
BC-002449,Drools Adult Dog Food Chicken & Vegetables 1.2 kg Pack,8900000002468,,IMAGE_REQUIRED,,0,MISSING,NO_MATCH,No candidate found in any source
BC-002450,Drools Wet Dog Food Chicken Gravy Pouch 70 g Pouch,8900000002469,,IMAGE_REQUIRED,,0,MISSING,NO_MATCH,No candidate found in any source
BC-002451,Drools Wet Cat Food Tuna Gravy Pouch 85 g Pouch,8900000002470,,IMAGE_REQUIRED,,0,MISSING,NO_MATCH,No candidate found in any source
BC-002452,Purepet Adult Dog Food Chicken & Vegetables 10 kg Bag,8900000002471,,IMAGE_REQUIRED,,0,MISSING,NO_MATCH,No candidate found in any source
BC-002453,Purepet Wet Cat Food Tuna Gravy Pouch Pack of 4 Pouches,8900000002472,,IMAGE_REQUIRED,,0,MISSING,NO_MATCH,No candidate found in any source
BC-002454,Puja Deep Three in One Agarbatti Incense Sticks 500 g Jumbo,8900000002473,,IMAGE_REQUIRED,,0,MISSING,NO_MATCH,No candidate found in any source
BC-002455,Puja Deep Chandan Sandalwood Incense Sticks 250 g Box,8900000002474,,IMAGE_REQUIRED,,0,MISSING,NO_MATCH,No candidate found in any source
BC-002456,Zed Black Camphor Kapoor Tablets Pure 50 g Container,8900000002475,,IMAGE_REQUIRED,,0,MISSING,NO_MATCH,No candidate found in any source
BC-002457,Zed Black Puja Diya Oil Panchdeep 500 ml Bottle,8900000002476,,IMAGE_REQUIRED,,0,MISSING,NO_MATCH,No candidate found in any source
BC-002458,Cycle Pure Sambrani Dhoop Cups Dhoop 12 Cups Box,8900000002477,,IMAGE_REQUIRED,,0,MISSING,NO_MATCH,No candidate found in any source
BC-002459,Moksh Cotton Wick Phool Batti 500 Wicks Box,8900000002478,,IMAGE_REQUIRED,,0,MISSING,NO_MATCH,No candidate found in any source
BC-002460,Cycle Pure Pure Brass Diya Lamp Samai Medium Size,8900000002479,,IMAGE_REQUIRED,,0,MISSING,NO_MATCH,No candidate found in any source
BC-002461,Mangalam Three in One Agarbatti Incense Sticks 250 g Box,8900000002480,,IMAGE_REQUIRED,,0,MISSING,NO_MATCH,No candidate found in any source
BC-002462,Moksh Chandan Sandalwood Incense Sticks 100 g Pack,8900000002481,,IMAGE_REQUIRED,,0,MISSING,NO_MATCH,No candidate found in any source
BC-002463,Moksh Camphor Kapoor Tablets Pure 50 g Container,8900000002482,,IMAGE_REQUIRED,,0,MISSING,NO_MATCH,No candidate found in any source
BC-002464,Moksh Puja Diya Oil Panchdeep 1 L Bottle,8900000002483,,IMAGE_REQUIRED,,0,MISSING,NO_MATCH,No candidate found in any source
BC-002465,Zed Black Sambrani Dhoop Cups Dhoop 24 Cups Box,8900000002484,,IMAGE_REQUIRED,,0,MISSING,NO_MATCH,No candidate found in any source
BC-002466,Mangalam Cotton Wick Phool Batti 500 Wicks Box,8900000002485,,IMAGE_REQUIRED,,0,MISSING,NO_MATCH,No candidate found in any source
BC-002467,Moksh Three in One Agarbatti Incense Sticks 250 g Box,8900000002486,,IMAGE_REQUIRED,,0,MISSING,NO_MATCH,No candidate found in any source
BC-002468,Cycle Pure Chandan Sandalwood Incense Sticks 100 g Pack,8900000002487,,IMAGE_REQUIRED,,0,MISSING,NO_MATCH,No candidate found in any source
BC-002469,Cycle Pure Camphor Kapoor Tablets Pure 250 g Refill,8900000002488,,IMAGE_REQUIRED,,0,MISSING,NO_MATCH,No candidate found in any source
BC-002470,Puja Deep Puja Diya Oil Panchdeep 1 L Bottle,8900000002489,,IMAGE_REQUIRED,,0,MISSING,NO_MATCH,No candidate found in any source
BC-002471,Moksh Sambrani Dhoop Cups Dhoop 24 Cups Box,8900000002490,,IMAGE_REQUIRED,,0,MISSING,NO_MATCH,No candidate found in any source
BC-002472,Moksh Cotton Wick Phool Batti 100 Wicks Pack,8900000002491,,IMAGE_REQUIRED,,0,MISSING,NO_MATCH,No candidate found in any source
BC-002473,Puja Deep Pure Brass Diya Lamp Samai Medium Size,8900000002492,,IMAGE_REQUIRED,,0,MISSING,NO_MATCH,No candidate found in any source
BC-002474,Zed Black Camphor Kapoor Tablets Pure 100 g Jar,8900000002493,,IMAGE_REQUIRED,,0,MISSING,NO_MATCH,No candidate found in any source
BC-002475,Cycle Pure Puja Diya Oil Panchdeep 500 ml Bottle,8900000002494,,IMAGE_REQUIRED,,0,MISSING,NO_MATCH,No candidate found in any source
BC-002476,Mangalam Sambrani Dhoop Cups Dhoop 12 Cups Box,8900000002495,,IMAGE_REQUIRED,,0,MISSING,NO_MATCH,No candidate found in any source
BC-002477,Puja Deep Cotton Wick Phool Batti 100 Wicks Pack,8900000002496,,IMAGE_REQUIRED,,0,MISSING,NO_MATCH,No candidate found in any source
BC-002478,Puja Deep Pure Brass Diya Lamp Samai Large Size,8900000002497,,IMAGE_REQUIRED,,0,MISSING,NO_MATCH,No candidate found in any source
BC-002479,Mangalam Three in One Agarbatti Incense Sticks 100 g Pack,8900000002498,,IMAGE_REQUIRED,,0,MISSING,NO_MATCH,No candidate found in any source
BC-002480,Puja Deep Chandan Sandalwood Incense Sticks 100 g Pack,8900000002499,,IMAGE_REQUIRED,,0,MISSING,NO_MATCH,No candidate found in any source
BC-002481,Mangalam Sambrani Dhoop Cups Dhoop 24 Cups Box,8900000002500,,IMAGE_REQUIRED,,0,MISSING,NO_MATCH,No candidate found in any source
BC-002482,Cycle Pure Cotton Wick Phool Batti 100 Wicks Pack,8900000002501,,IMAGE_REQUIRED,,0,MISSING,NO_MATCH,No candidate found in any source
BC-002483,Moksh Pure Brass Diya Lamp Samai Medium Size,8900000002502,,IMAGE_REQUIRED,,0,MISSING,NO_MATCH,No candidate found in any source
BC-002484,Moksh Three in One Agarbatti Incense Sticks 500 g Jumbo,8900000002503,,IMAGE_REQUIRED,,0,MISSING,NO_MATCH,No candidate found in any source
BC-002485,Cycle Pure Chandan Sandalwood Incense Sticks 250 g Box,8900000002504,,IMAGE_REQUIRED,,0,MISSING,NO_MATCH,No candidate found in any source
BC-002486,Puja Deep Camphor Kapoor Tablets Pure 50 g Container,8900000002505,,IMAGE_REQUIRED,,0,MISSING,NO_MATCH,No candidate found in any source
BC-002487,Zed Black Pure Brass Diya Lamp Samai Medium Size,8900000002506,,IMAGE_REQUIRED,,0,MISSING,NO_MATCH,No candidate found in any source
BC-002488,Moksh Chandan Sandalwood Incense Sticks 250 g Box,8900000002507,,IMAGE_REQUIRED,,0,MISSING,NO_MATCH,No candidate found in any source
BC-002489,Zed Black Camphor Kapoor Tablets Pure 250 g Refill,8900000002508,,IMAGE_REQUIRED,,0,MISSING,NO_MATCH,No candidate found in any source
BC-002490,Mangalam Puja Diya Oil Panchdeep 500 ml Bottle,8900000002509,,IMAGE_REQUIRED,,0,MISSING,NO_MATCH,No candidate found in any source
BC-002491,Zed Black Sambrani Dhoop Cups Dhoop 12 Cups Box,8900000002510,,IMAGE_REQUIRED,,0,MISSING,NO_MATCH,No candidate found in any source
BC-002492,Moksh Pure Brass Diya Lamp Samai Large Size,8900000002511,,IMAGE_REQUIRED,,0,MISSING,NO_MATCH,No candidate found in any source
BC-002493,Mangalam Camphor Kapoor Tablets Pure 50 g Container,8900000002512,,IMAGE_REQUIRED,,0,MISSING,NO_MATCH,No candidate found in any source
BC-002494,Puja Deep Sambrani Dhoop Cups Dhoop 12 Cups Box,8900000002513,,IMAGE_REQUIRED,,0,MISSING,NO_MATCH,No candidate found in any source
BC-002495,Cycle Pure Cotton Wick Phool Batti 500 Wicks Box,8900000002514,,IMAGE_REQUIRED,,0,MISSING,NO_MATCH,No candidate found in any source
BC-002496,Zed Black Pure Brass Diya Lamp Samai Large Size,8900000002515,,IMAGE_REQUIRED,,0,MISSING,NO_MATCH,No candidate found in any source
BC-002497,Moksh Three in One Agarbatti Incense Sticks 100 g Pack,8900000002516,,IMAGE_REQUIRED,,0,MISSING,NO_MATCH,No candidate found in any source
BC-002498,Cycle Pure Camphor Kapoor Tablets Pure 100 g Jar,8900000002517,,IMAGE_REQUIRED,,0,MISSING,NO_MATCH,No candidate found in any source
BC-002499,Mangalam Cotton Wick Phool Batti 100 Wicks Pack,8900000002518,,IMAGE_REQUIRED,,0,MISSING,NO_MATCH,No candidate found in any source
BC-002500,Mangalam Three in One Agarbatti Incense Sticks 500 g Jumbo,8900000002519,,IMAGE_REQUIRED,,0,MISSING,NO_MATCH,No candidate found in any source
BC-002501,Zed Black Cotton Wick Phool Batti 500 Wicks Box,8900000002520,,IMAGE_REQUIRED,,0,MISSING,NO_MATCH,No candidate found in any source
BC-002502,Puja Deep Three in One Agarbatti Incense Sticks 100 g Pack,8900000002521,,IMAGE_REQUIRED,,0,MISSING,NO_MATCH,No candidate found in any source
BC-002503,Moksh Puja Diya Oil Panchdeep 500 ml Bottle,8900000002522,,IMAGE_REQUIRED,,0,MISSING,NO_MATCH,No candidate found in any source
BC-002504,Zed Black Cotton Wick Phool Batti 100 Wicks Pack,8900000002523,,IMAGE_REQUIRED,,0,MISSING,NO_MATCH,No candidate found in any source
BC-002505,Mangalam Chandan Sandalwood Incense Sticks 250 g Box,8900000002524,,IMAGE_REQUIRED,,0,MISSING,NO_MATCH,No candidate found in any source
BC-002506,Moksh Camphor Kapoor Tablets Pure 250 g Refill,8900000002525,,IMAGE_REQUIRED,,0,MISSING,NO_MATCH,No candidate found in any source
BC-002507,Zed Black Puja Diya Oil Panchdeep 1 L Bottle,8900000002526,,IMAGE_REQUIRED,,0,MISSING,NO_MATCH,No candidate found in any source
BC-002508,Puja Deep Sambrani Dhoop Cups Dhoop 24 Cups Box,8900000002527,,IMAGE_REQUIRED,,0,MISSING,NO_MATCH,No candidate found in any source
BC-002509,Cycle Pure Pure Brass Diya Lamp Samai Large Size,8900000002528,,IMAGE_REQUIRED,,0,MISSING,NO_MATCH,No candidate found in any source
BC-002510,Zed Black Three in One Agarbatti Incense Sticks 250 g Box,8900000002529,,IMAGE_REQUIRED,,0,MISSING,NO_MATCH,No candidate found in any source
BC-002511,Moksh Camphor Kapoor Tablets Pure 100 g Jar,8900000002530,,IMAGE_REQUIRED,,0,MISSING,NO_MATCH,No candidate found in any source
BC-002512,Cycle Pure Three in One Agarbatti Incense Sticks 250 g Box,8900000002531,,IMAGE_REQUIRED,,0,MISSING,NO_MATCH,No candidate found in any source
BC-002513,Puja Deep Camphor Kapoor Tablets Pure 250 g Refill,8900000002532,,IMAGE_REQUIRED,,0,MISSING,NO_MATCH,No candidate found in any source
BC-002514,Cycle Pure Puja Diya Oil Panchdeep 1 L Bottle,8900000002533,,IMAGE_REQUIRED,,0,MISSING,NO_MATCH,No candidate found in any source
BC-002515,Zed Black Chandan Sandalwood Incense Sticks 100 g Pack,8900000002534,,IMAGE_REQUIRED,,0,MISSING,NO_MATCH,No candidate found in any source
BC-002516,Puja Deep Puja Diya Oil Panchdeep 500 ml Bottle,8900000002535,,IMAGE_REQUIRED,,0,MISSING,NO_MATCH,No candidate found in any source
BC-002517,Mangalam Puja Diya Oil Panchdeep 1 L Bottle,8900000002536,,IMAGE_REQUIRED,,0,MISSING,NO_MATCH,No candidate found in any source
BC-002518,Moksh Sambrani Dhoop Cups Dhoop 12 Cups Box,8900000002537,,IMAGE_REQUIRED,,0,MISSING,NO_MATCH,No candidate found in any source
BC-002519,Mangalam Pure Brass Diya Lamp Samai Medium Size,8900000002538,,IMAGE_REQUIRED,,0,MISSING,NO_MATCH,No candidate found in any source
BC-002520,Mangalam Camphor Kapoor Tablets Pure 100 g Jar,8900000002539,,IMAGE_REQUIRED,,0,MISSING,NO_MATCH,No candidate found in any source
BC-002521,Cycle Pure Three in One Agarbatti Incense Sticks 500 g Jumbo,8900000002540,,IMAGE_REQUIRED,,0,MISSING,NO_MATCH,No candidate found in any source
BC-002522,Puja Deep Cotton Wick Phool Batti 500 Wicks Box,8900000002541,,IMAGE_REQUIRED,,0,MISSING,NO_MATCH,No candidate found in any source
BC-002523,Mangalam Pure Brass Diya Lamp Samai Large Size,8900000002542,,IMAGE_REQUIRED,,0,MISSING,NO_MATCH,No candidate found in any source
BC-002524,Zed Black Chandan Sandalwood Incense Sticks 250 g Box,8900000002543,,IMAGE_REQUIRED,,0,MISSING,NO_MATCH,No candidate found in any source
BC-002525,Puja Deep Three in One Agarbatti Incense Sticks 250 g Box,8900000002544,,IMAGE_REQUIRED,,0,MISSING,NO_MATCH,No candidate found in any source
BC-002526,Cycle Pure Sambrani Dhoop Cups Dhoop 24 Cups Box,8900000002545,,IMAGE_REQUIRED,,0,MISSING,NO_MATCH,No candidate found in any source
BC-002527,Puja Deep Camphor Kapoor Tablets Pure 100 g Jar,8900000002546,,IMAGE_REQUIRED,,0,MISSING,NO_MATCH,No candidate found in any source
BC-002528,Zed Black Three in One Agarbatti Incense Sticks 100 g Pack,8900000002547,,IMAGE_REQUIRED,,0,MISSING,NO_MATCH,No candidate found in any source
BC-002529,Cycle Pure Camphor Kapoor Tablets Pure 50 g Container,8900000002548,,IMAGE_REQUIRED,,0,MISSING,NO_MATCH,No candidate found in any source
BC-002530,Zed Black Three in One Agarbatti Incense Sticks 500 g Jumbo,8900000002549,,IMAGE_REQUIRED,,0,MISSING,NO_MATCH,No candidate found in any source
BC-002531,Milton Non-Stick Induction Fry Pan 20 cm,8900000002550,,IMAGE_REQUIRED,,0,MISSING,NO_MATCH,No candidate found in any source
BC-002532,Wonderchef Hard Anodised Pressure Cooker 3 Litre,8900000002551,,IMAGE_REQUIRED,,0,MISSING,NO_MATCH,No candidate found in any source
BC-002533,Scotch-Brite Stainless Steel Storage Container Set 3 Pcs Set 500ml/1L/1.5L,8900000002552,,IMAGE_REQUIRED,,0,MISSING,NO_MATCH,No candidate found in any source
BC-002534,Scotch-Brite Aluminum Foil Roll Fresh Wrap 9 Meters,8900000002553,,IMAGE_REQUIRED,,0,MISSING,NO_MATCH,No candidate found in any source
BC-002535,Hawkins Heavy Duty Scrub Pad Sponge Pack of 3,8900000002554,,IMAGE_REQUIRED,,0,MISSING,NO_MATCH,No candidate found in any source
BC-002536,Prestige Stainless Steel Scrubber Wire Mesh Pack of 2,8900000002555,,IMAGE_REQUIRED,,0,MISSING,NO_MATCH,No candidate found in any source
BC-002537,Scotch-Brite Microfiber Kitchen Towels Wipes 5 Pcs Set,8900000002556,,IMAGE_REQUIRED,,0,MISSING,NO_MATCH,No candidate found in any source
BC-002538,Hawkins Non-Stick Induction Fry Pan 24 cm,8900000002557,,IMAGE_REQUIRED,,0,MISSING,NO_MATCH,No candidate found in any source
BC-002539,Hawkins Hard Anodised Pressure Cooker 3 Litre,8900000002558,,IMAGE_REQUIRED,,0,MISSING,NO_MATCH,No candidate found in any source
BC-002540,Cello Stainless Steel Storage Container Set 5 Pcs Set,8900000002559,,IMAGE_REQUIRED,,0,MISSING,NO_MATCH,No candidate found in any source
BC-002541,Prestige Aluminum Foil Roll Fresh Wrap 9 Meters,8900000002560,,IMAGE_REQUIRED,,0,MISSING,NO_MATCH,No candidate found in any source
BC-002542,Hawkins Heavy Duty Scrub Pad Sponge Pack of 5,8900000002561,,IMAGE_REQUIRED,,0,MISSING,NO_MATCH,No candidate found in any source
BC-002543,Cello Stainless Steel Scrubber Wire Mesh Pack of 4,8900000002562,,IMAGE_REQUIRED,,0,MISSING,NO_MATCH,No candidate found in any source
BC-002544,Milton Microfiber Kitchen Towels Wipes 5 Pcs Set,8900000002563,,IMAGE_REQUIRED,,0,MISSING,NO_MATCH,No candidate found in any source
BC-002545,Scotch-Brite Non-Stick Induction Fry Pan 24 cm,8900000002564,,IMAGE_REQUIRED,,0,MISSING,NO_MATCH,No candidate found in any source
BC-002546,Wonderchef Stainless Steel Storage Container Set 5 Pcs Set,8900000002565,,IMAGE_REQUIRED,,0,MISSING,NO_MATCH,No candidate found in any source
BC-002547,Wonderchef Aluminum Foil Roll Fresh Wrap 72 Meters,8900000002566,,IMAGE_REQUIRED,,0,MISSING,NO_MATCH,No candidate found in any source
BC-002548,Hawkins Stainless Steel Scrubber Wire Mesh Pack of 2,8900000002567,,IMAGE_REQUIRED,,0,MISSING,NO_MATCH,No candidate found in any source
BC-002549,Wonderchef Aluminum Foil Roll Fresh Wrap 9 Meters,8900000002568,,IMAGE_REQUIRED,,0,MISSING,NO_MATCH,No candidate found in any source
BC-002550,Milton Heavy Duty Scrub Pad Sponge Pack of 5,8900000002569,,IMAGE_REQUIRED,,0,MISSING,NO_MATCH,No candidate found in any source
BC-002551,Milton Stainless Steel Scrubber Wire Mesh Pack of 2,8900000002570,,IMAGE_REQUIRED,,0,MISSING,NO_MATCH,No candidate found in any source
BC-002552,Wonderchef Non-Stick Induction Fry Pan 24 cm,8900000002571,,IMAGE_REQUIRED,,0,MISSING,NO_MATCH,No candidate found in any source
BC-002553,Cello Hard Anodised Pressure Cooker 3 Litre,8900000002572,,IMAGE_REQUIRED,,0,MISSING,NO_MATCH,No candidate found in any source
BC-002554,Milton Stainless Steel Storage Container Set 5 Pcs Set,8900000002573,,IMAGE_REQUIRED,,0,MISSING,NO_MATCH,No candidate found in any source
BC-002555,Hawkins Aluminum Foil Roll Fresh Wrap 72 Meters,8900000002574,,IMAGE_REQUIRED,,0,MISSING,NO_MATCH,No candidate found in any source
BC-002556,Wonderchef Heavy Duty Scrub Pad Sponge Pack of 5,8900000002575,,IMAGE_REQUIRED,,0,MISSING,NO_MATCH,No candidate found in any source
BC-002557,Wonderchef Microfiber Kitchen Towels Wipes 5 Pcs Set,8900000002576,,IMAGE_REQUIRED,,0,MISSING,NO_MATCH,No candidate found in any source
BC-002558,Milton Non-Stick Induction Fry Pan 24 cm,8900000002577,,IMAGE_REQUIRED,,0,MISSING,NO_MATCH,No candidate found in any source
BC-002559,Scotch-Brite Hard Anodised Pressure Cooker 3 Litre,8900000002578,,IMAGE_REQUIRED,,0,MISSING,NO_MATCH,No candidate found in any source
BC-002560,Prestige Stainless Steel Storage Container Set 3 Pcs Set 500ml/1L/1.5L,8900000002579,,IMAGE_REQUIRED,,0,MISSING,NO_MATCH,No candidate found in any source
BC-002561,Wonderchef Aluminum Foil Roll Fresh Wrap 18 Meters,8900000002580,,IMAGE_REQUIRED,,0,MISSING,NO_MATCH,No candidate found in any source
BC-002562,Prestige Heavy Duty Scrub Pad Sponge Pack of 5,8900000002581,,IMAGE_REQUIRED,,0,MISSING,NO_MATCH,No candidate found in any source
BC-002563,Scotch-Brite Microfiber Kitchen Towels Wipes 3 Pcs Set,8900000002582,,IMAGE_REQUIRED,,0,MISSING,NO_MATCH,No candidate found in any source
BC-002564,Cello Non-Stick Induction Fry Pan 24 cm,8900000002583,,IMAGE_REQUIRED,,0,MISSING,NO_MATCH,No candidate found in any source
BC-002565,Scotch-Brite Hard Anodised Pressure Cooker 5 Litre,8900000002584,,IMAGE_REQUIRED,,0,MISSING,NO_MATCH,No candidate found in any source
BC-002566,Cello Stainless Steel Storage Container Set 3 Pcs Set 500ml/1L/1.5L,8900000002585,,IMAGE_REQUIRED,,0,MISSING,NO_MATCH,No candidate found in any source
BC-002567,Hawkins Aluminum Foil Roll Fresh Wrap 9 Meters,8900000002586,,IMAGE_REQUIRED,,0,MISSING,NO_MATCH,No candidate found in any source
BC-002568,Hawkins Stainless Steel Scrubber Wire Mesh Pack of 4,8900000002587,,IMAGE_REQUIRED,,0,MISSING,NO_MATCH,No candidate found in any source
BC-002569,Prestige Microfiber Kitchen Towels Wipes 3 Pcs Set,8900000002588,,IMAGE_REQUIRED,,0,MISSING,NO_MATCH,No candidate found in any source
BC-002570,Prestige Stainless Steel Scrubber Wire Mesh Pack of 4,8900000002589,,IMAGE_REQUIRED,,0,MISSING,NO_MATCH,No candidate found in any source
BC-002571,Wonderchef Non-Stick Induction Fry Pan 20 cm,8900000002590,,IMAGE_REQUIRED,,0,MISSING,NO_MATCH,No candidate found in any source
BC-002572,Cello Hard Anodised Pressure Cooker 5 Litre,8900000002591,,IMAGE_REQUIRED,,0,MISSING,NO_MATCH,No candidate found in any source
BC-002573,Scotch-Brite Heavy Duty Scrub Pad Sponge Pack of 3,8900000002592,,IMAGE_REQUIRED,,0,MISSING,NO_MATCH,No candidate found in any source
BC-002574,Milton Stainless Steel Scrubber Wire Mesh Pack of 4,8900000002593,,IMAGE_REQUIRED,,0,MISSING,NO_MATCH,No candidate found in any source
BC-002575,Hawkins Hard Anodised Pressure Cooker 5 Litre,8900000002594,,IMAGE_REQUIRED,,0,MISSING,NO_MATCH,No candidate found in any source
BC-002576,Milton Aluminum Foil Roll Fresh Wrap 72 Meters,8900000002595,,IMAGE_REQUIRED,,0,MISSING,NO_MATCH,No candidate found in any source
BC-002577,Cello Non-Stick Induction Fry Pan 20 cm,8900000002596,,IMAGE_REQUIRED,,0,MISSING,NO_MATCH,No candidate found in any source
BC-002578,Scotch-Brite Stainless Steel Storage Container Set 5 Pcs Set,8900000002597,,IMAGE_REQUIRED,,0,MISSING,NO_MATCH,No candidate found in any source
BC-002579,Scotch-Brite Heavy Duty Scrub Pad Sponge Pack of 5,8900000002598,,IMAGE_REQUIRED,,0,MISSING,NO_MATCH,No candidate found in any source
BC-002580,Hawkins Microfiber Kitchen Towels Wipes 3 Pcs Set,8900000002599,,IMAGE_REQUIRED,,0,MISSING,NO_MATCH,No candidate found in any source
BC-002581,Hawkins Stainless Steel Storage Container Set 5 Pcs Set,8900000002600,,IMAGE_REQUIRED,,0,MISSING,NO_MATCH,No candidate found in any source
BC-002582,Cello Aluminum Foil Roll Fresh Wrap 9 Meters,8900000002601,,IMAGE_REQUIRED,,0,MISSING,NO_MATCH,No candidate found in any source
BC-002583,Cello Heavy Duty Scrub Pad Sponge Pack of 3,8900000002602,,IMAGE_REQUIRED,,0,MISSING,NO_MATCH,No candidate found in any source
BC-002584,Scotch-Brite Stainless Steel Scrubber Wire Mesh Pack of 2,8900000002603,,IMAGE_REQUIRED,,0,MISSING,NO_MATCH,No candidate found in any source
BC-002585,Wonderchef Microfiber Kitchen Towels Wipes 3 Pcs Set,8900000002604,,IMAGE_REQUIRED,,0,MISSING,NO_MATCH,No candidate found in any source
BC-002586,Hawkins Non-Stick Induction Fry Pan 20 cm,8900000002605,,IMAGE_REQUIRED,,0,MISSING,NO_MATCH,No candidate found in any source
BC-002587,Prestige Hard Anodised Pressure Cooker 5 Litre,8900000002606,,IMAGE_REQUIRED,,0,MISSING,NO_MATCH,No candidate found in any source
BC-002588,Hawkins Stainless Steel Storage Container Set 3 Pcs Set 500ml/1L/1.5L,8900000002607,,IMAGE_REQUIRED,,0,MISSING,NO_MATCH,No candidate found in any source
BC-002589,Wonderchef Stainless Steel Storage Container Set 3 Pcs Set 500ml/1L/1.5L,8900000002608,,IMAGE_REQUIRED,,0,MISSING,NO_MATCH,No candidate found in any source
BC-002590,Scotch-Brite Aluminum Foil Roll Fresh Wrap 72 Meters,8900000002609,,IMAGE_REQUIRED,,0,MISSING,NO_MATCH,No candidate found in any source
BC-002591,Wonderchef Stainless Steel Scrubber Wire Mesh Pack of 2,8900000002610,,IMAGE_REQUIRED,,0,MISSING,NO_MATCH,No candidate found in any source
BC-002592,Prestige Non-Stick Induction Fry Pan 24 cm,8900000002611,,IMAGE_REQUIRED,,0,MISSING,NO_MATCH,No candidate found in any source
BC-002593,Prestige Aluminum Foil Roll Fresh Wrap 72 Meters,8900000002612,,IMAGE_REQUIRED,,0,MISSING,NO_MATCH,No candidate found in any source
BC-002594,Prestige Heavy Duty Scrub Pad Sponge Pack of 3,8900000002613,,IMAGE_REQUIRED,,0,MISSING,NO_MATCH,No candidate found in any source
BC-002595,Cello Stainless Steel Scrubber Wire Mesh Pack of 2,8900000002614,,IMAGE_REQUIRED,,0,MISSING,NO_MATCH,No candidate found in any source
BC-002596,Milton Hard Anodised Pressure Cooker 3 Litre,8900000002615,,IMAGE_REQUIRED,,0,MISSING,NO_MATCH,No candidate found in any source
BC-002597,Prestige Stainless Steel Storage Container Set 5 Pcs Set,8900000002616,,IMAGE_REQUIRED,,0,MISSING,NO_MATCH,No candidate found in any source
BC-002598,Prestige Microfiber Kitchen Towels Wipes 5 Pcs Set,8900000002617,,IMAGE_REQUIRED,,0,MISSING,NO_MATCH,No candidate found in any source
BC-002599,Prestige Aluminum Foil Roll Fresh Wrap 18 Meters,8900000002618,,IMAGE_REQUIRED,,0,MISSING,NO_MATCH,No candidate found in any source
BC-002600,Wonderchef Stainless Steel Scrubber Wire Mesh Pack of 4,8900000002619,,IMAGE_REQUIRED,,0,MISSING,NO_MATCH,No candidate found in any source
BC-002601,Cello Microfiber Kitchen Towels Wipes 3 Pcs Set,8900000002620,,IMAGE_REQUIRED,,0,MISSING,NO_MATCH,No candidate found in any source
BC-002602,Scotch-Brite Non-Stick Induction Fry Pan 20 cm,8900000002621,,IMAGE_REQUIRED,,0,MISSING,NO_MATCH,No candidate found in any source
BC-002603,Scotch-Brite Aluminum Foil Roll Fresh Wrap 18 Meters,8900000002622,,IMAGE_REQUIRED,,0,MISSING,NO_MATCH,No candidate found in any source
BC-002604,Wonderchef Hard Anodised Pressure Cooker 5 Litre,8900000002623,,IMAGE_REQUIRED,,0,MISSING,NO_MATCH,No candidate found in any source
BC-002605,Milton Heavy Duty Scrub Pad Sponge Pack of 3,8900000002624,,IMAGE_REQUIRED,,0,MISSING,NO_MATCH,No candidate found in any source
BC-002606,Cello Microfiber Kitchen Towels Wipes 5 Pcs Set,8900000002625,,IMAGE_REQUIRED,,0,MISSING,NO_MATCH,No candidate found in any source
BC-002607,Milton Hard Anodised Pressure Cooker 5 Litre,8900000002626,,IMAGE_REQUIRED,,0,MISSING,NO_MATCH,No candidate found in any source
BC-002608,Milton Stainless Steel Storage Container Set 3 Pcs Set 500ml/1L/1.5L,8900000002627,,IMAGE_REQUIRED,,0,MISSING,NO_MATCH,No candidate found in any source
BC-002609,Prestige Non-Stick Induction Fry Pan 20 cm,8900000002628,,IMAGE_REQUIRED,,0,MISSING,NO_MATCH,No candidate found in any source
BC-002610,Hawkins Microfiber Kitchen Towels Wipes 5 Pcs Set,8900000002629,,IMAGE_REQUIRED,,0,MISSING,NO_MATCH,No candidate found in any source
BC-002611,Milton Aluminum Foil Roll Fresh Wrap 9 Meters,8900000002630,,IMAGE_REQUIRED,,0,MISSING,NO_MATCH,No candidate found in any source
BC-002612,Cello Aluminum Foil Roll Fresh Wrap 18 Meters,8900000002631,,IMAGE_REQUIRED,,0,MISSING,NO_MATCH,No candidate found in any source
BC-002613,Milton Aluminum Foil Roll Fresh Wrap 18 Meters,8900000002632,,IMAGE_REQUIRED,,0,MISSING,NO_MATCH,No candidate found in any source
BC-002614,Prestige Hard Anodised Pressure Cooker 3 Litre,8900000002633,,IMAGE_REQUIRED,,0,MISSING,NO_MATCH,No candidate found in any source
BC-002615,Wonderchef Heavy Duty Scrub Pad Sponge Pack of 3,8900000002634,,IMAGE_REQUIRED,,0,MISSING,NO_MATCH,No candidate found in any source
BC-002616,Milton Microfiber Kitchen Towels Wipes 3 Pcs Set,8900000002635,,IMAGE_REQUIRED,,0,MISSING,NO_MATCH,No candidate found in any source
BC-002617,Hawkins Aluminum Foil Roll Fresh Wrap 18 Meters,8900000002636,,IMAGE_REQUIRED,,0,MISSING,NO_MATCH,No candidate found in any source
BC-002618,Scotch-Brite Stainless Steel Scrubber Wire Mesh Pack of 4,8900000002637,,IMAGE_REQUIRED,,0,MISSING,NO_MATCH,No candidate found in any source
BC-002619,Cello Heavy Duty Scrub Pad Sponge Pack of 5,8900000002638,,IMAGE_REQUIRED,,0,MISSING,NO_MATCH,No candidate found in any source
BC-002620,Nataraj Single Line Long Notebook Register Pack of 6,8900000002639,,IMAGE_REQUIRED,,0,MISSING,NO_MATCH,No candidate found in any source
BC-002621,Faber-Castell Unruled Drawing Sketch Book A3 Size,8900000002640,,IMAGE_REQUIRED,,0,MISSING,NO_MATCH,No candidate found in any source
BC-002622,Nataraj Ballpoint Blue Ink Pen Classic 10 Pens Box,8900000002641,,IMAGE_REQUIRED,,0,MISSING,NO_MATCH,No candidate found in any source
BC-002623,Cello Gel Ink Pen Black Smooth 5 Pens Pack,8900000002642,,IMAGE_REQUIRED,,0,MISSING,NO_MATCH,No candidate found in any source
BC-002624,Camel HB Wood Pencils Box with Eraser 10 Pencils Box + Sharpener & Eraser,8900000002643,,IMAGE_REQUIRED,,0,MISSING,NO_MATCH,No candidate found in any source
BC-002625,Camel Non-Toxic Wax Crayons Set 24 Shades Box,8900000002644,,IMAGE_REQUIRED,,0,MISSING,NO_MATCH,No candidate found in any source
BC-002626,Faber-Castell Student Geometry Box Mathematical 1 Set Complete,8900000002645,,IMAGE_REQUIRED,,0,MISSING,NO_MATCH,No candidate found in any source
BC-002627,Cello Single Line Long Notebook Register Pack of 6,8900000002646,,IMAGE_REQUIRED,,0,MISSING,NO_MATCH,No candidate found in any source
BC-002628,Cello Unruled Drawing Sketch Book A4 Size,8900000002647,,IMAGE_REQUIRED,,0,MISSING,NO_MATCH,No candidate found in any source
BC-002629,Faber-Castell Ballpoint Blue Ink Pen Classic 5 Pens Pack,8900000002648,,IMAGE_REQUIRED,,0,MISSING,NO_MATCH,No candidate found in any source
BC-002630,Reynolds Gel Ink Pen Black Smooth 5 Pens Pack,8900000002649,,IMAGE_REQUIRED,,0,MISSING,NO_MATCH,No candidate found in any source
BC-002631,Cello Non-Toxic Wax Crayons Set 24 Shades Box,8900000002650,,IMAGE_REQUIRED,,0,MISSING,NO_MATCH,No candidate found in any source
BC-002632,Reynolds Student Geometry Box Mathematical 1 Set Complete,8900000002651,,IMAGE_REQUIRED,,0,MISSING,NO_MATCH,No candidate found in any source
BC-002633,Classmate Unruled Drawing Sketch Book A4 Size,8900000002652,,IMAGE_REQUIRED,,0,MISSING,NO_MATCH,No candidate found in any source
BC-002634,Cello Ballpoint Blue Ink Pen Classic 5 Pens Pack,8900000002653,,IMAGE_REQUIRED,,0,MISSING,NO_MATCH,No candidate found in any source
BC-002635,Faber-Castell Gel Ink Pen Black Smooth 5 Pens Pack,8900000002654,,IMAGE_REQUIRED,,0,MISSING,NO_MATCH,No candidate found in any source
BC-002636,Nataraj HB Wood Pencils Box with Eraser 10 Pencils Box + Sharpener & Eraser,8900000002655,,IMAGE_REQUIRED,,0,MISSING,NO_MATCH,No candidate found in any source
BC-002637,Classmate Non-Toxic Wax Crayons Set 16 Shades Box,8900000002656,,IMAGE_REQUIRED,,0,MISSING,NO_MATCH,No candidate found in any source
BC-002638,Nataraj Single Line Long Notebook Register Pack of 3,8900000002657,,IMAGE_REQUIRED,,0,MISSING,NO_MATCH,No candidate found in any source
BC-002639,Cello Ballpoint Blue Ink Pen Classic 10 Pens Box,8900000002658,,IMAGE_REQUIRED,,0,MISSING,NO_MATCH,No candidate found in any source
BC-002640,Camel Student Geometry Box Mathematical 1 Set Complete,8900000002659,,IMAGE_REQUIRED,,0,MISSING,NO_MATCH,No candidate found in any source
BC-002641,Cello Single Line Long Notebook Register 1 Pc,8900000002660,,IMAGE_REQUIRED,,0,MISSING,NO_MATCH,No candidate found in any source
BC-002642,Faber-Castell Unruled Drawing Sketch Book A4 Size,8900000002661,,IMAGE_REQUIRED,,0,MISSING,NO_MATCH,No candidate found in any source
BC-002643,Faber-Castell Ballpoint Blue Ink Pen Classic 10 Pens Box,8900000002662,,IMAGE_REQUIRED,,0,MISSING,NO_MATCH,No candidate found in any source
BC-002644,Faber-Castell Non-Toxic Wax Crayons Set 24 Shades Box,8900000002663,,IMAGE_REQUIRED,,0,MISSING,NO_MATCH,No candidate found in any source
BC-002645,Faber-Castell Single Line Long Notebook Register Pack of 6,8900000002664,,IMAGE_REQUIRED,,0,MISSING,NO_MATCH,No candidate found in any source
BC-002646,Cello Unruled Drawing Sketch Book A3 Size,8900000002665,,IMAGE_REQUIRED,,0,MISSING,NO_MATCH,No candidate found in any source
BC-002647,Nataraj Gel Ink Pen Black Smooth 5 Pens Pack,8900000002666,,IMAGE_REQUIRED,,0,MISSING,NO_MATCH,No candidate found in any source
BC-002648,Faber-Castell HB Wood Pencils Box with Eraser 10 Pencils Box + Sharpener & Eraser,8900000002667,,IMAGE_REQUIRED,,0,MISSING,NO_MATCH,No candidate found in any source
BC-002649,Nataraj Non-Toxic Wax Crayons Set 24 Shades Box,8900000002668,,IMAGE_REQUIRED,,0,MISSING,NO_MATCH,No candidate found in any source
BC-002650,Reynolds Unruled Drawing Sketch Book A3 Size,8900000002669,,IMAGE_REQUIRED,,0,MISSING,NO_MATCH,No candidate found in any source
BC-002651,Reynolds Single Line Long Notebook Register 1 Pc,8900000002670,,IMAGE_REQUIRED,,0,MISSING,NO_MATCH,No candidate found in any source
BC-002652,Reynolds Ballpoint Blue Ink Pen Classic 10 Pens Box,8900000002671,,IMAGE_REQUIRED,,0,MISSING,NO_MATCH,No candidate found in any source
BC-002653,Camel Gel Ink Pen Black Smooth 5 Pens Pack,8900000002672,,IMAGE_REQUIRED,,0,MISSING,NO_MATCH,No candidate found in any source
BC-002654,Cello HB Wood Pencils Box with Eraser 10 Pencils Box + Sharpener & Eraser,8900000002673,,IMAGE_REQUIRED,,0,MISSING,NO_MATCH,No candidate found in any source
BC-002655,Camel Single Line Long Notebook Register Pack of 6,8900000002674,,IMAGE_REQUIRED,,0,MISSING,NO_MATCH,No candidate found in any source
BC-002656,Classmate Non-Toxic Wax Crayons Set 24 Shades Box,8900000002675,,IMAGE_REQUIRED,,0,MISSING,NO_MATCH,No candidate found in any source
BC-002657,Camel Unruled Drawing Sketch Book A4 Size,8900000002676,,IMAGE_REQUIRED,,0,MISSING,NO_MATCH,No candidate found in any source
BC-002658,Reynolds Ballpoint Blue Ink Pen Classic 5 Pens Pack,8900000002677,,IMAGE_REQUIRED,,0,MISSING,NO_MATCH,No candidate found in any source
BC-002659,Cello Non-Toxic Wax Crayons Set 16 Shades Box,8900000002678,,IMAGE_REQUIRED,,0,MISSING,NO_MATCH,No candidate found in any source
BC-002660,Classmate Student Geometry Box Mathematical 1 Set Complete,8900000002679,,IMAGE_REQUIRED,,0,MISSING,NO_MATCH,No candidate found in any source
BC-002661,Classmate Single Line Long Notebook Register Pack of 3,8900000002680,,IMAGE_REQUIRED,,0,MISSING,NO_MATCH,No candidate found in any source
BC-002662,Reynolds HB Wood Pencils Box with Eraser 10 Pencils Box + Sharpener & Eraser,8900000002681,,IMAGE_REQUIRED,,0,MISSING,NO_MATCH,No candidate found in any source
BC-002663,Reynolds Non-Toxic Wax Crayons Set 24 Shades Box,8900000002682,,IMAGE_REQUIRED,,0,MISSING,NO_MATCH,No candidate found in any source
BC-002664,Classmate HB Wood Pencils Box with Eraser 10 Pencils Box + Sharpener & Eraser,8900000002683,,IMAGE_REQUIRED,,0,MISSING,NO_MATCH,No candidate found in any source
BC-002665,Nataraj Student Geometry Box Mathematical 1 Set Complete,8900000002684,,IMAGE_REQUIRED,,0,MISSING,NO_MATCH,No candidate found in any source
BC-002666,Reynolds Non-Toxic Wax Crayons Set 16 Shades Box,8900000002685,,IMAGE_REQUIRED,,0,MISSING,NO_MATCH,No candidate found in any source
BC-002667,Cello Student Geometry Box Mathematical 1 Set Complete,8900000002686,,IMAGE_REQUIRED,,0,MISSING,NO_MATCH,No candidate found in any source
BC-002668,Nataraj Non-Toxic Wax Crayons Set 16 Shades Box,8900000002687,,IMAGE_REQUIRED,,0,MISSING,NO_MATCH,No candidate found in any source
BC-002669,Classmate Ballpoint Blue Ink Pen Classic 10 Pens Box,8900000002688,,IMAGE_REQUIRED,,0,MISSING,NO_MATCH,No candidate found in any source
BC-002670,Classmate Unruled Drawing Sketch Book A3 Size,8900000002689,,IMAGE_REQUIRED,,0,MISSING,NO_MATCH,No candidate found in any source
BC-002671,Camel Single Line Long Notebook Register Pack of 3,8900000002690,,IMAGE_REQUIRED,,0,MISSING,NO_MATCH,No candidate found in any source
BC-002672,Camel Unruled Drawing Sketch Book A3 Size,8900000002691,,IMAGE_REQUIRED,,0,MISSING,NO_MATCH,No candidate found in any source
BC-002673,Faber-Castell Single Line Long Notebook Register 1 Pc,8900000002692,,IMAGE_REQUIRED,,0,MISSING,NO_MATCH,No candidate found in any source
BC-002674,Nataraj Unruled Drawing Sketch Book A4 Size,8900000002693,,IMAGE_REQUIRED,,0,MISSING,NO_MATCH,No candidate found in any source
BC-002675,Camel Non-Toxic Wax Crayons Set 16 Shades Box,8900000002694,,IMAGE_REQUIRED,,0,MISSING,NO_MATCH,No candidate found in any source
BC-002676,Reynolds Unruled Drawing Sketch Book A4 Size,8900000002695,,IMAGE_REQUIRED,,0,MISSING,NO_MATCH,No candidate found in any source
BC-002677,Camel Ballpoint Blue Ink Pen Classic 5 Pens Pack,8900000002696,,IMAGE_REQUIRED,,0,MISSING,NO_MATCH,No candidate found in any source
BC-002678,Classmate Gel Ink Pen Black Smooth 5 Pens Pack,8900000002697,,IMAGE_REQUIRED,,0,MISSING,NO_MATCH,No candidate found in any source
BC-002679,Nataraj Single Line Long Notebook Register 1 Pc,8900000002698,,IMAGE_REQUIRED,,0,MISSING,NO_MATCH,No candidate found in any source
BC-002680,Camel Ballpoint Blue Ink Pen Classic 10 Pens Box,8900000002699,,IMAGE_REQUIRED,,0,MISSING,NO_MATCH,No candidate found in any source
bc_food_101,Bhusawal Special Tarri Poha,,,IMAGE_REQUIRED,,0,MISSING,NO_MATCH,No candidate found in any source
bc_food_102,Kanda Poha,,,IMAGE_REQUIRED,,0,MISSING,NO_MATCH,No candidate found in any source
bc_food_103,Sabudana Khichdi,,,IMAGE_REQUIRED,,0,MISSING,NO_MATCH,No candidate found in any source
bc_food_104,Sabudana Vada (2 pcs),,,IMAGE_REQUIRED,,0,MISSING,NO_MATCH,No candidate found in any source
bc_food_105,Upma,,,IMAGE_REQUIRED,,0,MISSING,NO_MATCH,No candidate found in any source
bc_food_106,Sheera,,,IMAGE_REQUIRED,,0,MISSING,NO_MATCH,No candidate found in any source
bc_food_107,Steamed Idli Sambar (2 pcs),,,IMAGE_REQUIRED,,0,MISSING,NO_MATCH,No candidate found in any source
bc_food_108,Medu Vada Sambar (2 pcs),,,IMAGE_REQUIRED,,0,MISSING,NO_MATCH,No candidate found in any source
bc_food_109,Idli Vada Combo,,,IMAGE_REQUIRED,,0,MISSING,NO_MATCH,No candidate found in any source
bc_food_110,Plain Dosa,,,IMAGE_REQUIRED,,0,MISSING,NO_MATCH,No candidate found in any source
bc_food_111,Masala Dosa,,,IMAGE_REQUIRED,,0,MISSING,NO_MATCH,No candidate found in any source
bc_food_112,Mysore Masala Dosa,,,IMAGE_REQUIRED,,0,MISSING,NO_MATCH,No candidate found in any source
bc_food_113,Cheese Masala Dosa,,,IMAGE_REQUIRED,,0,MISSING,NO_MATCH,No candidate found in any source
bc_food_114,Onion Uttapam,,,IMAGE_REQUIRED,,0,MISSING,NO_MATCH,No candidate found in any source
bc_food_115,Mix Veg Uttapam,,,IMAGE_REQUIRED,,0,MISSING,NO_MATCH,No candidate found in any source
bc_food_116,Bhusawal Special Misal Pav,,,IMAGE_REQUIRED,,0,MISSING,NO_MATCH,No candidate found in any source
bc_food_117,Kat Vada (2 pcs),,,IMAGE_REQUIRED,,0,MISSING,NO_MATCH,No candidate found in any source
bc_food_118,Usal Pav,,,IMAGE_REQUIRED,,0,MISSING,NO_MATCH,No candidate found in any source
bc_food_119,Butter Pav Bhaji,,,IMAGE_REQUIRED,,0,MISSING,NO_MATCH,No candidate found in any source
bc_food_120,Cheese Pav Bhaji,,,IMAGE_REQUIRED,,0,MISSING,NO_MATCH,No candidate found in any source
bc_food_121,Poori Bhaji (4 pcs),,,IMAGE_REQUIRED,,0,MISSING,NO_MATCH,No candidate found in any source
bc_food_122,Bread Butter Jam,,,IMAGE_REQUIRED,,0,MISSING,NO_MATCH,No candidate found in any source
bc_food_123,Double Egg Omelette,,,IMAGE_REQUIRED,,0,MISSING,NO_MATCH,No candidate found in any source
bc_food_124,Bread Omelette,,,IMAGE_REQUIRED,,0,MISSING,NO_MATCH,No candidate found in any source
bc_food_125,Cheese Egg Bhurji (2 Eggs),,,IMAGE_REQUIRED,,0,MISSING,NO_MATCH,No candidate found in any source
bc_food_126,Bhusawal Special Kanda Bhaji,,,IMAGE_REQUIRED,,0,MISSING,NO_MATCH,No candidate found in any source
bc_food_127,Mirchi Pakoda (4 pcs),,,IMAGE_REQUIRED,,0,MISSING,NO_MATCH,No candidate found in any source
bc_food_128,Aloo Vada / Batata Vada,,,IMAGE_REQUIRED,,0,MISSING,NO_MATCH,No candidate found in any source
bc_food_129,Bhusawal Vada Pav,,,IMAGE_REQUIRED,,0,MISSING,NO_MATCH,No candidate found in any source
bc_food_130,Cheese Vada Pav,,,IMAGE_REQUIRED,,0,MISSING,NO_MATCH,No candidate found in any source
bc_food_131,Samosa (2 pcs),,,IMAGE_REQUIRED,,0,MISSING,NO_MATCH,No candidate found in any source
bc_food_132,Samosa Chaat,,,IMAGE_REQUIRED,,0,MISSING,NO_MATCH,No candidate found in any source
bc_food_133,Kachori (2 pcs),,,IMAGE_REQUIRED,,0,MISSING,NO_MATCH,No candidate found in any source
bc_food_134,Bread Pakoda (2 pcs),,,IMAGE_REQUIRED,,0,MISSING,NO_MATCH,No candidate found in any source
bc_food_135,Crispy French Fries,,,IMAGE_REQUIRED,,0,MISSING,NO_MATCH,No candidate found in any source
bc_food_136,Peri Peri Fries,,,IMAGE_REQUIRED,,0,MISSING,NO_MATCH,No candidate found in any source
bc_food_137,Cheese Load Fries,,,IMAGE_REQUIRED,,0,MISSING,NO_MATCH,No candidate found in any source
bc_food_138,Veg Cheese Nuggets (8 pcs),,,IMAGE_REQUIRED,,0,MISSING,NO_MATCH,No candidate found in any source
bc_food_139,Paneer Pakoda (6 pcs),,,IMAGE_REQUIRED,,0,MISSING,NO_MATCH,No candidate found in any source
bc_food_140,Veg Crispy,,,IMAGE_REQUIRED,,0,MISSING,NO_MATCH,No candidate found in any source
bc_food_141,Corn Cheese Balls (6 pcs),,,IMAGE_REQUIRED,,0,MISSING,NO_MATCH,No candidate found in any source
bc_food_142,Sev Puri (6 pcs),,,IMAGE_REQUIRED,,0,MISSING,NO_MATCH,No candidate found in any source
bc_food_143,Dahi Puri (6 pcs),,,IMAGE_REQUIRED,,0,MISSING,NO_MATCH,No candidate found in any source
bc_food_144,Pani Puri (8 pcs),,,IMAGE_REQUIRED,,0,MISSING,NO_MATCH,No candidate found in any source
bc_food_145,Chicken Nuggets (8 pcs),,,IMAGE_REQUIRED,,0,MISSING,NO_MATCH,No candidate found in any source
bc_food_146,Classic Margherita Pizza,,,IMAGE_REQUIRED,,0,MISSING,NO_MATCH,No candidate found in any source
bc_food_147,Corn & Cheese Pizza,,,IMAGE_REQUIRED,,0,MISSING,NO_MATCH,No candidate found in any source
bc_food_148,Veggie Delight Pizza,,,IMAGE_REQUIRED,,0,MISSING,NO_MATCH,No candidate found in any source
bc_food_149,Farmhouse Special Pizza,,,IMAGE_REQUIRED,,0,MISSING,NO_MATCH,No candidate found in any source
bc_food_150,Paneer Tikka Pizza,,,IMAGE_REQUIRED,,0,MISSING,NO_MATCH,No candidate found in any source
bc_food_151,Spicy Peri Peri Paneer Pizza,,,IMAGE_REQUIRED,,0,MISSING,NO_MATCH,No candidate found in any source
bc_food_152,Mexican Green Wave Pizza,,,IMAGE_REQUIRED,,0,MISSING,NO_MATCH,No candidate found in any source
bc_food_153,Cheese Burst Veg Pizza,,,IMAGE_REQUIRED,,0,MISSING,NO_MATCH,No candidate found in any source
bc_food_154,Chicken Golden Pizza,,,IMAGE_REQUIRED,,0,MISSING,NO_MATCH,No candidate found in any source
bc_food_155,BBQ Chicken Pizza,,,IMAGE_REQUIRED,,0,MISSING,NO_MATCH,No candidate found in any source
bc_food_156,Chicken Tikka Pizza,,,IMAGE_REQUIRED,,0,MISSING,NO_MATCH,No candidate found in any source
bc_food_157,Non-Veg Supreme Pizza,,,IMAGE_REQUIRED,,0,MISSING,NO_MATCH,No candidate found in any source
bc_food_158,Cheese Garlic Bread (4 pcs),,,IMAGE_REQUIRED,,0,MISSING,NO_MATCH,No candidate found in any source
bc_food_159,Stuffed Garlic Bread,,,IMAGE_REQUIRED,,0,MISSING,NO_MATCH,No candidate found in any source
bc_food_160,Paneer Cheese Garlic Bread,,,IMAGE_REQUIRED,,0,MISSING,NO_MATCH,No candidate found in any source
bc_food_161,Classic Veg Burger,,,IMAGE_REQUIRED,,0,MISSING,NO_MATCH,No candidate found in any source
bc_food_162,Veg Cheese Burger,,,IMAGE_REQUIRED,,0,MISSING,NO_MATCH,No candidate found in any source
bc_food_163,Crispy Paneer Burger,,,IMAGE_REQUIRED,,0,MISSING,NO_MATCH,No candidate found in any source
bc_food_164,Veg Supreme Double Burger,,,IMAGE_REQUIRED,,0,MISSING,NO_MATCH,No candidate found in any source
bc_food_165,Mexican Spicy Burger,,,IMAGE_REQUIRED,,0,MISSING,NO_MATCH,No candidate found in any source
bc_food_166,Aloo Tikki Burger,,,IMAGE_REQUIRED,,0,MISSING,NO_MATCH,No candidate found in any source
bc_food_167,Classic Chicken Burger,,,IMAGE_REQUIRED,,0,MISSING,NO_MATCH,No candidate found in any source
bc_food_168,Crispy Chicken Burger,,,IMAGE_REQUIRED,,0,MISSING,NO_MATCH,No candidate found in any source
bc_food_169,Chicken Cheese Zinger Burger,,,IMAGE_REQUIRED,,0,MISSING,NO_MATCH,No candidate found in any source
bc_food_170,Double Patty Chicken Maharaja,,,IMAGE_REQUIRED,,0,MISSING,NO_MATCH,No candidate found in any source
bc_food_171,BBQ Chicken Burger,,,IMAGE_REQUIRED,,0,MISSING,NO_MATCH,No candidate found in any source
bc_food_172,Chicken Tower Burger,,,IMAGE_REQUIRED,,0,MISSING,NO_MATCH,No candidate found in any source
bc_food_173,Veg Sandwich,,,IMAGE_REQUIRED,,0,MISSING,NO_MATCH,No candidate found in any source
bc_food_174,Veg Cheese Sandwich,,,IMAGE_REQUIRED,,0,MISSING,NO_MATCH,No candidate found in any source
bc_food_175,Veg Grilled Sandwich,,,IMAGE_REQUIRED,,0,MISSING,NO_MATCH,No candidate found in any source
bc_food_176,Cheese Chutney Grill,,,IMAGE_REQUIRED,,0,MISSING,NO_MATCH,No candidate found in any source
bc_food_177,Paneer Tikka Grill Sandwich,,,IMAGE_REQUIRED,,0,MISSING,NO_MATCH,No candidate found in any source
bc_food_178,Bombay Club Sandwich,,,IMAGE_REQUIRED,,0,MISSING,NO_MATCH,No candidate found in any source
bc_food_179,Corn Cheese Grill Sandwich,,,IMAGE_REQUIRED,,0,MISSING,NO_MATCH,No candidate found in any source
bc_food_180,Schezwan Veg Grill,,,IMAGE_REQUIRED,,0,MISSING,NO_MATCH,No candidate found in any source
bc_food_181,Chicken Grilled Sandwich,,,IMAGE_REQUIRED,,0,MISSING,NO_MATCH,No candidate found in any source
bc_food_182,Chicken Cheese Club Sandwich,,,IMAGE_REQUIRED,,0,MISSING,NO_MATCH,No candidate found in any source
bc_food_183,Chicken Tikka Sandwich,,,IMAGE_REQUIRED,,0,MISSING,NO_MATCH,No candidate found in any source
bc_food_184,Egg Mayo Toast Sandwich,,,IMAGE_REQUIRED,,0,MISSING,NO_MATCH,No candidate found in any source
bc_food_185,Classic Veg Roll,,,IMAGE_REQUIRED,,0,MISSING,NO_MATCH,No candidate found in any source
bc_food_186,Paneer Kathi Roll,,,IMAGE_REQUIRED,,0,MISSING,NO_MATCH,No candidate found in any source
bc_food_187,Cheese Corn Roll,,,IMAGE_REQUIRED,,0,MISSING,NO_MATCH,No candidate found in any source
bc_food_188,Schezwan Paneer Wrap,,,IMAGE_REQUIRED,,0,MISSING,NO_MATCH,No candidate found in any source
bc_food_189,Egg Kathi Roll,,,IMAGE_REQUIRED,,0,MISSING,NO_MATCH,No candidate found in any source
bc_food_190,Double Egg Roll,,,IMAGE_REQUIRED,,0,MISSING,NO_MATCH,No candidate found in any source
bc_food_191,Chicken Kathi Roll,,,IMAGE_REQUIRED,,0,MISSING,NO_MATCH,No candidate found in any source
bc_food_192,Chicken Schezwan Roll,,,IMAGE_REQUIRED,,0,MISSING,NO_MATCH,No candidate found in any source
bc_food_193,Chicken Malai Seekh Roll,,,IMAGE_REQUIRED,,0,MISSING,NO_MATCH,No candidate found in any source
bc_food_194,Mutton Seekh Roll,,,IMAGE_REQUIRED,,0,MISSING,NO_MATCH,No candidate found in any source
bc_food_195,Veg Hakka Noodles,,,IMAGE_REQUIRED,,0,MISSING,NO_MATCH,No candidate found in any source
bc_food_196,Veg Schezwan Noodles,,,IMAGE_REQUIRED,,0,MISSING,NO_MATCH,No candidate found in any source
bc_food_197,Veg Fried Rice,,,IMAGE_REQUIRED,,0,MISSING,NO_MATCH,No candidate found in any source
bc_food_198,Veg Schezwan Fried Rice,,,IMAGE_REQUIRED,,0,MISSING,NO_MATCH,No candidate found in any source
bc_food_199,Triple Schezwan Veg Rice,,,IMAGE_REQUIRED,,0,MISSING,NO_MATCH,No candidate found in any source
bc_food_200,Veg Manchurian Dry (8 pcs),,,IMAGE_REQUIRED,,0,MISSING,NO_MATCH,No candidate found in any source
bc_food_201,Veg Manchurian Gravy,,,IMAGE_REQUIRED,,0,MISSING,NO_MATCH,No candidate found in any source
bc_food_202,Paneer Chilli Dry,,,IMAGE_REQUIRED,,0,MISSING,NO_MATCH,No candidate found in any source
bc_food_203,Paneer Chilli Gravy,,,IMAGE_REQUIRED,,0,MISSING,NO_MATCH,No candidate found in any source
bc_food_204,Crispy Honey Chilli Potato,,,IMAGE_REQUIRED,,0,MISSING,NO_MATCH,No candidate found in any source
bc_food_205,Chicken Hakka Noodles,,,IMAGE_REQUIRED,,0,MISSING,NO_MATCH,No candidate found in any source
bc_food_206,Chicken Schezwan Noodles,,,IMAGE_REQUIRED,,0,MISSING,NO_MATCH,No candidate found in any source
bc_food_207,Chicken Fried Rice,,,IMAGE_REQUIRED,,0,MISSING,NO_MATCH,No candidate found in any source
bc_food_208,Chicken Schezwan Rice,,,IMAGE_REQUIRED,,0,MISSING,NO_MATCH,No candidate found in any source
bc_food_209,Triple Schezwan Chicken Rice,,,IMAGE_REQUIRED,,0,MISSING,NO_MATCH,No candidate found in any source
bc_food_210,Chicken Manchurian Gravy,,,IMAGE_REQUIRED,,0,MISSING,NO_MATCH,No candidate found in any source
bc_food_211,Chicken Chilli Dry,,,IMAGE_REQUIRED,,0,MISSING,NO_MATCH,No candidate found in any source
bc_food_212,Chicken Lollipop (6 pcs),,,IMAGE_REQUIRED,,0,MISSING,NO_MATCH,No candidate found in any source
bc_food_213,Hyderabadi Veg Dum Biryani,,,IMAGE_REQUIRED,,0,MISSING,NO_MATCH,No candidate found in any source
bc_food_214,Paneer Tikka Biryani,,,IMAGE_REQUIRED,,0,MISSING,NO_MATCH,No candidate found in any source
bc_food_215,Mushroom Matka Biryani,,,IMAGE_REQUIRED,,0,MISSING,NO_MATCH,No candidate found in any source
bc_food_216,Bhusawal Special Dum Biryani,,,IMAGE_REQUIRED,,0,MISSING,NO_MATCH,No candidate found in any source
bc_food_217,Egg Dum Biryani (2 Eggs),,,IMAGE_REQUIRED,,0,MISSING,NO_MATCH,No candidate found in any source
bc_food_218,Bhusawal Chicken Dum Biryani,,,IMAGE_REQUIRED,,0,MISSING,NO_MATCH,No candidate found in any source
bc_food_219,Chicken Handi Biryani,,,IMAGE_REQUIRED,,0,MISSING,NO_MATCH,No candidate found in any source
bc_food_220,Hyderabadi Chicken Biryani,,,IMAGE_REQUIRED,,0,MISSING,NO_MATCH,No candidate found in any source
bc_food_221,Boneless Chicken Tikka Biryani,,,IMAGE_REQUIRED,,0,MISSING,NO_MATCH,No candidate found in any source
bc_food_222,Bhusawal Mutton Dum Biryani,,,IMAGE_REQUIRED,,0,MISSING,NO_MATCH,No candidate found in any source
bc_food_223,Mutton Handi Biryani,,,IMAGE_REQUIRED,,0,MISSING,NO_MATCH,No candidate found in any source
bc_food_224,Prawns Dum Biryani,,,IMAGE_REQUIRED,,0,MISSING,NO_MATCH,No candidate found in any source
bc_food_225,Paneer Butter Masala,,,IMAGE_REQUIRED,,0,MISSING,NO_MATCH,No candidate found in any source
bc_food_226,Paneer Kadai,,,IMAGE_REQUIRED,,0,MISSING,NO_MATCH,No candidate found in any source
bc_food_227,Paneer Tikka Masala,,,IMAGE_REQUIRED,,0,MISSING,NO_MATCH,No candidate found in any source
bc_food_228,Shahi Paneer,,,IMAGE_REQUIRED,,0,MISSING,NO_MATCH,No candidate found in any source
bc_food_229,Palak Paneer,,,IMAGE_REQUIRED,,0,MISSING,NO_MATCH,No candidate found in any source
bc_food_230,Matar Paneer,,,IMAGE_REQUIRED,,0,MISSING,NO_MATCH,No candidate found in any source
bc_food_231,Bhusawal Special Sev Bhaji,,,IMAGE_REQUIRED,,0,MISSING,NO_MATCH,No candidate found in any source
bc_food_232,Mix Veg Kolhapuri,,,IMAGE_REQUIRED,,0,MISSING,NO_MATCH,No candidate found in any source
bc_food_233,Kaju Curry,,,IMAGE_REQUIRED,,0,MISSING,NO_MATCH,No candidate found in any source
bc_food_234,Kaju Paneer Masala,,,IMAGE_REQUIRED,,0,MISSING,NO_MATCH,No candidate found in any source
bc_food_235,Yellow Dal Fry,,,IMAGE_REQUIRED,,0,MISSING,NO_MATCH,No candidate found in any source
bc_food_236,Dal Tadka,,,IMAGE_REQUIRED,,0,MISSING,NO_MATCH,No candidate found in any source
bc_food_237,Chana Masala,,,IMAGE_REQUIRED,,0,MISSING,NO_MATCH,No candidate found in any source
bc_food_238,Aloo Gobi Masala,,,IMAGE_REQUIRED,,0,MISSING,NO_MATCH,No candidate found in any source
bc_food_239,Veg Maratha,,,IMAGE_REQUIRED,,0,MISSING,NO_MATCH,No candidate found in any source
bc_food_240,Chicken Curry,,,IMAGE_REQUIRED,,0,MISSING,NO_MATCH,No candidate found in any source
bc_food_241,Bhusawal Chicken Masala,,,IMAGE_REQUIRED,,0,MISSING,NO_MATCH,No candidate found in any source
bc_food_242,Butter Chicken (Boneless),,,IMAGE_REQUIRED,,0,MISSING,NO_MATCH,No candidate found in any source
bc_food_243,Chicken Handi,,,IMAGE_REQUIRED,,0,MISSING,NO_MATCH,No candidate found in any source
bc_food_244,Chicken Kolhapuri,,,IMAGE_REQUIRED,,0,MISSING,NO_MATCH,No candidate found in any source
bc_food_245,Chicken Kadai,,,IMAGE_REQUIRED,,0,MISSING,NO_MATCH,No candidate found in any source
bc_food_246,Chicken Mughlai,,,IMAGE_REQUIRED,,0,MISSING,NO_MATCH,No candidate found in any source
bc_food_247,Chicken Sukka,,,IMAGE_REQUIRED,,0,MISSING,NO_MATCH,No candidate found in any source
bc_food_248,Chicken Tikka Masala,,,IMAGE_REQUIRED,,0,MISSING,NO_MATCH,No candidate found in any source
bc_food_249,Tandoori Chicken (Half),,,IMAGE_REQUIRED,,0,MISSING,NO_MATCH,No candidate found in any source
bc_food_250,Tandoori Chicken (Full),,,IMAGE_REQUIRED,,0,MISSING,NO_MATCH,No candidate found in any source
bc_food_251,Chicken Tangdi Kabab (3 pcs),,,IMAGE_REQUIRED,,0,MISSING,NO_MATCH,No candidate found in any source
bc_food_252,Chicken Tikka Kabab (8 pcs),,,IMAGE_REQUIRED,,0,MISSING,NO_MATCH,No candidate found in any source
bc_food_253,Chicken Malai Tikka (8 pcs),,,IMAGE_REQUIRED,,0,MISSING,NO_MATCH,No candidate found in any source
bc_food_254,Chicken Seekh Kabab (4 pcs),,,IMAGE_REQUIRED,,0,MISSING,NO_MATCH,No candidate found in any source
bc_food_255,Bhusawal Mutton Curry,,,IMAGE_REQUIRED,,0,MISSING,NO_MATCH,No candidate found in any source
bc_food_256,Mutton Masala,,,IMAGE_REQUIRED,,0,MISSING,NO_MATCH,No candidate found in any source
bc_food_257,Mutton Handi,,,IMAGE_REQUIRED,,0,MISSING,NO_MATCH,No candidate found in any source
bc_food_258,Mutton Sukka,,,IMAGE_REQUIRED,,0,MISSING,NO_MATCH,No candidate found in any source
bc_food_259,Mutton Kolhapuri,,,IMAGE_REQUIRED,,0,MISSING,NO_MATCH,No candidate found in any source
bc_food_260,Mutton Rassa / Black Gravy,,,IMAGE_REQUIRED,,0,MISSING,NO_MATCH,No candidate found in any source
bc_food_261,Mutton Keema Curry,,,IMAGE_REQUIRED,,0,MISSING,NO_MATCH,No candidate found in any source
bc_food_262,Mutton Seekh Kabab (4 pcs),,,IMAGE_REQUIRED,,0,MISSING,NO_MATCH,No candidate found in any source
bc_food_263,Surmai Fish Curry,,,IMAGE_REQUIRED,,0,MISSING,NO_MATCH,No candidate found in any source
bc_food_264,Surmai Fish Fry,,,IMAGE_REQUIRED,,0,MISSING,NO_MATCH,No candidate found in any source
bc_food_265,Rohu Fish Curry,,,IMAGE_REQUIRED,,0,MISSING,NO_MATCH,No candidate found in any source
bc_food_266,Rohu Fish Fry,,,IMAGE_REQUIRED,,0,MISSING,NO_MATCH,No candidate found in any source
bc_food_267,Fish Tikka Kabab (6 pcs),,,IMAGE_REQUIRED,,0,MISSING,NO_MATCH,No candidate found in any source
bc_food_268,Prawns Masala Fry,,,IMAGE_REQUIRED,,0,MISSING,NO_MATCH,No candidate found in any source
bc_food_269,Egg Curry (2 Eggs),,,IMAGE_REQUIRED,,0,MISSING,NO_MATCH,No candidate found in any source
bc_food_270,Egg Masala (2 Eggs),,,IMAGE_REQUIRED,,0,MISSING,NO_MATCH,No candidate found in any source
bc_food_271,Egg Bhurji (3 Eggs),,,IMAGE_REQUIRED,,0,MISSING,NO_MATCH,No candidate found in any source
bc_food_272,Cheese Egg Bhurji,,,IMAGE_REQUIRED,,0,MISSING,NO_MATCH,No candidate found in any source
bc_food_273,Egg Ghotala,,,IMAGE_REQUIRED,,0,MISSING,NO_MATCH,No candidate found in any source
bc_food_274,Egg Fried Rice,,,IMAGE_REQUIRED,,0,MISSING,NO_MATCH,No candidate found in any source
bc_food_275,Egg Hakka Noodles,,,IMAGE_REQUIRED,,0,MISSING,NO_MATCH,No candidate found in any source
bc_food_276,Egg Keema Pav,,,IMAGE_REQUIRED,,0,MISSING,NO_MATCH,No candidate found in any source
bc_food_277,Steam Basmati Rice,,,IMAGE_REQUIRED,,0,MISSING,NO_MATCH,No candidate found in any source
bc_food_278,Jeera Rice,,,IMAGE_REQUIRED,,0,MISSING,NO_MATCH,No candidate found in any source
bc_food_279,Veg Pulao,,,IMAGE_REQUIRED,,0,MISSING,NO_MATCH,No candidate found in any source
bc_food_280,Paneer Pulao,,,IMAGE_REQUIRED,,0,MISSING,NO_MATCH,No candidate found in any source
bc_food_281,Chicken Pulao,,,IMAGE_REQUIRED,,0,MISSING,NO_MATCH,No candidate found in any source
bc_food_282,Dal Khichdi,,,IMAGE_REQUIRED,,0,MISSING,NO_MATCH,No candidate found in any source
bc_food_283,Dal Khichdi Tadka,,,IMAGE_REQUIRED,,0,MISSING,NO_MATCH,No candidate found in any source
bc_food_284,Curd Rice,,,IMAGE_REQUIRED,,0,MISSING,NO_MATCH,No candidate found in any source
bc_food_285,Kashmiri Pulao,,,IMAGE_REQUIRED,,0,MISSING,NO_MATCH,No candidate found in any source
bc_food_286,Masale Bhaat,,,IMAGE_REQUIRED,,0,MISSING,NO_MATCH,No candidate found in any source
bc_food_287,Wheat Chapati / Phulka,,,IMAGE_REQUIRED,,0,MISSING,NO_MATCH,No candidate found in any source
bc_food_288,Butter Chapati,,,IMAGE_REQUIRED,,0,MISSING,NO_MATCH,No candidate found in any source
bc_food_289,Tandoori Roti,,,IMAGE_REQUIRED,,0,MISSING,NO_MATCH,No candidate found in any source
bc_food_290,Butter Tandoori Roti,,,IMAGE_REQUIRED,,0,MISSING,NO_MATCH,No candidate found in any source
bc_food_291,Plain Naan,,,IMAGE_REQUIRED,,0,MISSING,NO_MATCH,No candidate found in any source
bc_food_292,Butter Naan,,,IMAGE_REQUIRED,,0,MISSING,NO_MATCH,No candidate found in any source
bc_food_293,Garlic Butter Naan,,,IMAGE_REQUIRED,,0,MISSING,NO_MATCH,No candidate found in any source
bc_food_294,Cheese Garlic Naan,,,IMAGE_REQUIRED,,0,MISSING,NO_MATCH,No candidate found in any source
bc_food_295,Laccha Paratha,,,IMAGE_REQUIRED,,0,MISSING,NO_MATCH,No candidate found in any source
bc_food_296,Aloo Stuffed Paratha,,,IMAGE_REQUIRED,,0,MISSING,NO_MATCH,No candidate found in any source
bc_food_297,Paneer Stuffed Paratha,,,IMAGE_REQUIRED,,0,MISSING,NO_MATCH,No candidate found in any source
bc_food_298,Rumali Roti,,,IMAGE_REQUIRED,,0,MISSING,NO_MATCH,No candidate found in any source
bc_food_299,Bhusawal Special Rabdi Gulab Jamun,,,IMAGE_REQUIRED,,0,MISSING,NO_MATCH,No candidate found in any source
bc_food_300,Gulab Jamun (2 pcs),,,IMAGE_REQUIRED,,0,MISSING,NO_MATCH,No candidate found in any source
bc_food_301,Rasgulla (2 pcs),,,IMAGE_REQUIRED,,0,MISSING,NO_MATCH,No candidate found in any source
bc_food_302,Rasmalai (2 pcs),,,IMAGE_REQUIRED,,0,MISSING,NO_MATCH,No candidate found in any source
bc_food_303,Hot Chocolate Brownie,,,IMAGE_REQUIRED,,0,MISSING,NO_MATCH,No candidate found in any source
bc_food_304,Brownie with Vanilla Ice Cream,,,IMAGE_REQUIRED,,0,MISSING,NO_MATCH,No candidate found in any source
bc_food_305,Vanilla Scoop,,,IMAGE_REQUIRED,,0,MISSING,NO_MATCH,No candidate found in any source
bc_food_306,Chocolate Scoop,,,IMAGE_REQUIRED,,0,MISSING,NO_MATCH,No candidate found in any source
bc_food_307,Matka Kulfi,,,IMAGE_REQUIRED,,0,MISSING,NO_MATCH,No candidate found in any source
bc_food_308,Special Falooda,,,IMAGE_REQUIRED,,0,MISSING,NO_MATCH,No candidate found in any source
bc_food_309,Shrikhand (250g),,,IMAGE_REQUIRED,,0,MISSING,NO_MATCH,No candidate found in any source
bc_food_310,Amrakhand (250g),,,IMAGE_REQUIRED,,0,MISSING,NO_MATCH,No candidate found in any source
bc_food_311,Bhusawal Special Masala Tea / Chai,,,IMAGE_REQUIRED,,0,MISSING,NO_MATCH,No candidate found in any source
bc_food_312,Filter Coffee,,,IMAGE_REQUIRED,,0,MISSING,NO_MATCH,No candidate found in any source
bc_food_313,Cold Coffee,,,IMAGE_REQUIRED,,0,MISSING,NO_MATCH,No candidate found in any source
bc_food_314,Cold Coffee with Ice Cream,,,IMAGE_REQUIRED,,0,MISSING,NO_MATCH,No candidate found in any source
bc_food_315,Fresh Lime Soda (Sweet & Salt),,,IMAGE_REQUIRED,,0,MISSING,NO_MATCH,No candidate found in any source
bc_food_316,Masala Taas / Buttermilk,,,IMAGE_REQUIRED,,0,MISSING,NO_MATCH,No candidate found in any source
bc_food_317,Sweet Punjabi Lassi,,,IMAGE_REQUIRED,,0,MISSING,NO_MATCH,No candidate found in any source
bc_food_318,Mango Lassi,,,IMAGE_REQUIRED,,0,MISSING,NO_MATCH,No candidate found in any source
bc_food_319,Badam Milk,,,IMAGE_REQUIRED,,0,MISSING,NO_MATCH,No candidate found in any source
bc_food_320,Thick Mango Shake,,,IMAGE_REQUIRED,,0,MISSING,NO_MATCH,No candidate found in any source
bc_food_321,Banana Milkshake,,,IMAGE_REQUIRED,,0,MISSING,NO_MATCH,No candidate found in any source
bc_food_322,Chocolate Oreo Shake,,,IMAGE_REQUIRED,,0,MISSING,NO_MATCH,No candidate found in any source
bc_food_323,KitKat Chocolate Shake,,,IMAGE_REQUIRED,,0,MISSING,NO_MATCH,No candidate found in any source
bc_food_324,Lemon Green Tea,,https://cdn.example/produce/lemon_default.jpg,OWN_CATALOG,OWNED,99,AUTO_APPROVE,CATEGORY_VARIANT,own_catalog_produce
bc_food_325,Packaged Mineral Water (1L),,,IMAGE_REQUIRED,,0,MISSING,NO_MATCH,No candidate found in any source
med_101,Dolo 650mg Tablet,,,IMAGE_REQUIRED,,0,MISSING,NO_MATCH,No candidate found in any source
med_102,Combiflam Pain Relief Tablet,,,IMAGE_REQUIRED,,0,MISSING,NO_MATCH,No candidate found in any source
med_103,Volini Pain Relief Spray,,,IMAGE_REQUIRED,,0,MISSING,NO_MATCH,No candidate found in any source
med_104,Brufen 400mg Tablet,,,IMAGE_REQUIRED,,0,MISSING,NO_MATCH,No candidate found in any source
med_105,Flexon MR Tablet,,,IMAGE_REQUIRED,,0,MISSING,NO_MATCH,No candidate found in any source
med_201,Crocin Advance 500mg,,,IMAGE_REQUIRED,,0,MISSING,NO_MATCH,No candidate found in any source
med_202,Vicks Vaporub Relief Balm,,,IMAGE_REQUIRED,,0,MISSING,NO_MATCH,No candidate found in any source
med_203,Sinarest New Tablet,,,IMAGE_REQUIRED,,0,MISSING,NO_MATCH,No candidate found in any source
med_204,Allegra 120mg Tablet,,,IMAGE_REQUIRED,,0,MISSING,NO_MATCH,No candidate found in any source
med_301,Glycomet GP 2 Tablet,,,IMAGE_REQUIRED,,0,MISSING,NO_MATCH,No candidate found in any source
med_302,Janumet 50/500mg Tablet,,,IMAGE_REQUIRED,,0,MISSING,NO_MATCH,No candidate found in any source
med_303,Sugar Free Gold Pellets,,,IMAGE_REQUIRED,,0,MISSING,NO_MATCH,No candidate found in any source
med_304,Accu-Chek Active Test Strips,,,IMAGE_REQUIRED,,0,MISSING,NO_MATCH,No candidate found in any source
med_401,Ecosprin 75mg Tablet,,,IMAGE_REQUIRED,,0,MISSING,NO_MATCH,No candidate found in any source
med_402,Atorva 10mg Tablet,,,IMAGE_REQUIRED,,0,MISSING,NO_MATCH,No candidate found in any source
med_403,Clopitab 75mg Tablet,,,IMAGE_REQUIRED,,0,MISSING,NO_MATCH,No candidate found in any source
med_501,Amlodipine 5mg Tablet,,,IMAGE_REQUIRED,,0,MISSING,NO_MATCH,No candidate found in any source
med_502,Telma 40mg Tablet,,,IMAGE_REQUIRED,,0,MISSING,NO_MATCH,No candidate found in any source
med_503,Losartan 50mg Tablet,,,IMAGE_REQUIRED,,0,MISSING,NO_MATCH,No candidate found in any source
med_601,Revital H Daily Multivitamin,,,IMAGE_REQUIRED,,0,MISSING,NO_MATCH,No candidate found in any source
med_602,Shelcal 500 Calcium & D3,,,IMAGE_REQUIRED,,0,MISSING,NO_MATCH,No candidate found in any source
med_603,Becosules Z Capsules,,,IMAGE_REQUIRED,,0,MISSING,NO_MATCH,No candidate found in any source
med_604,Limcee 500mg Vitamin C Chewable,,,IMAGE_REQUIRED,,0,MISSING,NO_MATCH,No candidate found in any source
med_701,Ensure Balanced Nutrition Powder,,,IMAGE_REQUIRED,,0,MISSING,NO_MATCH,No candidate found in any source
med_702,Horlicks Classic Malt,,,IMAGE_REQUIRED,,0,MISSING,NO_MATCH,No candidate found in any source
med_703,Protinex Original Powder,,,IMAGE_REQUIRED,,0,MISSING,NO_MATCH,No candidate found in any source
med_801,MuscleBlaze Whey Gold Protein,,,IMAGE_REQUIRED,,0,MISSING,NO_MATCH,No candidate found in any source
med_802,Optimum Nutrition Gold Standard,,,IMAGE_REQUIRED,,0,MISSING,NO_MATCH,No candidate found in any source
med_803,GNC Pro Performance Whey,,,IMAGE_REQUIRED,,0,MISSING,NO_MATCH,No candidate found in any source
med_901,Dabur Chyawanprash Special,,,IMAGE_REQUIRED,,0,MISSING,NO_MATCH,No candidate found in any source
med_902,Patanjali Giloy Juice,,,IMAGE_REQUIRED,,0,MISSING,NO_MATCH,No candidate found in any source
med_903,Himalaya Ashvagandha Tablet,,,IMAGE_REQUIRED,,0,MISSING,NO_MATCH,No candidate found in any source
med_1001,Pampers All-Round Protection Diapers,,,IMAGE_REQUIRED,,0,MISSING,NO_MATCH,No candidate found in any source
med_1002,Himalaya Gentle Baby Wipes,,,IMAGE_REQUIRED,,0,MISSING,NO_MATCH,No candidate found in any source
med_1003,Cerelac Wheat Apple Baby Cereal,,,IMAGE_REQUIRED,,0,MISSING,NO_MATCH,No candidate found in any source
med_1101,Whisper Ultra Clean Pads,,,IMAGE_REQUIRED,,0,MISSING,NO_MATCH,No candidate found in any source
med_1102,i-Know Pregnancy Test Kit,,,IMAGE_REQUIRED,,0,MISSING,NO_MATCH,No candidate found in any source
med_1103,Folic Acid 5mg Tablet,,,IMAGE_REQUIRED,,0,MISSING,NO_MATCH,No candidate found in any source
med_1201,Himalaya Tentex Forte Tablet,,,IMAGE_REQUIRED,,0,MISSING,NO_MATCH,No candidate found in any source
med_1202,Man Matters Biotin Gummies,,,IMAGE_REQUIRED,,0,MISSING,NO_MATCH,No candidate found in any source
med_1203,Zandu Vigorex Gold Capsules,,,IMAGE_REQUIRED,,0,MISSING,NO_MATCH,No candidate found in any source
med_1301,Nivea Soft Light Moisturizing Cream,,,IMAGE_REQUIRED,,0,MISSING,NO_MATCH,No candidate found in any source
med_1302,Cetaphil Gentle Skin Cleanser,,,IMAGE_REQUIRED,,0,MISSING,NO_MATCH,No candidate found in any source
med_1303,Bioderma Sensibio H2O Micellar Water,,,IMAGE_REQUIRED,,0,MISSING,NO_MATCH,No candidate found in any source
med_1401,Himalaya Anti-Hair Fall Shampoo,,,IMAGE_REQUIRED,,0,MISSING,NO_MATCH,No candidate found in any source
med_1402,Minoxidil 5% Topical Solution,,,IMAGE_REQUIRED,,0,MISSING,NO_MATCH,No candidate found in any source
med_1403,Biotique Bio Kelp Protein Shampoo,,,IMAGE_REQUIRED,,0,MISSING,NO_MATCH,No candidate found in any source
med_1501,Sensodyne Rapid Relief Toothpaste,,,IMAGE_REQUIRED,,0,MISSING,NO_MATCH,No candidate found in any source
med_1502,Listerine Cool Mint Mouthwash,,,IMAGE_REQUIRED,,0,MISSING,NO_MATCH,No candidate found in any source
med_1503,Colgate Visible White Toothpaste,,,IMAGE_REQUIRED,,0,MISSING,NO_MATCH,No candidate found in any source
med_1601,Itone Eye Drops,,,IMAGE_REQUIRED,,0,MISSING,NO_MATCH,No candidate found in any source
med_1602,Refresh Tears Eye Drops,,,IMAGE_REQUIRED,,0,MISSING,NO_MATCH,No candidate found in any source
med_1603,Moxifloxacin Eye Drop,,,IMAGE_REQUIRED,,0,MISSING,NO_MATCH,No candidate found in any source
med_1701,Electral ORS Powder,,,IMAGE_REQUIRED,,0,MISSING,NO_MATCH,No candidate found in any source
med_1702,Digene Acidity & Gas Relief Gel,,,IMAGE_REQUIRED,,0,MISSING,NO_MATCH,No candidate found in any source
med_1703,Pan D Capsule,,,IMAGE_REQUIRED,,0,MISSING,NO_MATCH,No candidate found in any source
med_1801,Omron HEM-7120 BP Monitor,,,IMAGE_REQUIRED,,0,MISSING,NO_MATCH,No candidate found in any source
med_1802,Dr. Morepen Blood Glucose Monitor,,,IMAGE_REQUIRED,,0,MISSING,NO_MATCH,No candidate found in any source
med_1803,Dr. Trust Infrared Thermometer,,,IMAGE_REQUIRED,,0,MISSING,NO_MATCH,No candidate found in any source
med_1901,Dettol Antiseptic Liquid,,,IMAGE_REQUIRED,,0,MISSING,NO_MATCH,No candidate found in any source
med_1902,Savlon Antiseptic Cream,,,IMAGE_REQUIRED,,0,MISSING,NO_MATCH,No candidate found in any source
med_1903,Band-Aid Flexible Fabric Strips,,,IMAGE_REQUIRED,,0,MISSING,NO_MATCH,No candidate found in any source
med_2001,N95 Face Mask (Pack of 10),,,IMAGE_REQUIRED,,0,MISSING,NO_MATCH,No candidate found in any source
med_2002,Lifebuoy Hand Sanitizer,,,IMAGE_REQUIRED,,0,MISSING,NO_MATCH,No candidate found in any source
med_2003,Digital Pulse Oximeter,,,IMAGE_REQUIRED,,0,MISSING,NO_MATCH,No candidate found in any source
apollo_bhusawal,Apollo Pharmacy - Station Road - Store Listing & Delivery Service,,,IMAGE_REQUIRED,,0,MISSING,NO_MATCH,No candidate found in any source
wellness_forever,Wellness Forever Chemists 24x7 - Store Listing & Delivery Service,,,IMAGE_REQUIRED,,0,MISSING,NO_MATCH,No candidate found in any source
samarth_medical,Shree Samarth Medical & Surgicals - Store Listing & Delivery Service,,,IMAGE_REQUIRED,,0,MISSING,NO_MATCH,No candidate found in any source
maharashtra_medical,New Maharashtra Medical Store - Store Listing & Delivery Service,,,IMAGE_REQUIRED,,0,MISSING,NO_MATCH,No candidate found in any source
ram_medical,Shri Ram Medico & Healthcare - Store Listing & Delivery Service,,,IMAGE_REQUIRED,,0,MISSING,NO_MATCH,No candidate found in any source
royal_biryani,Royal Biryani & Caterers - Store Listing & Delivery Service,,,IMAGE_REQUIRED,,0,MISSING,NO_MATCH,No candidate found in any source
bhusawal_express,Bhusawal Express Superstore - Store Listing & Delivery Service,,,IMAGE_REQUIRED,,0,MISSING,NO_MATCH,No candidate found in any source
modern_pharmacy,Modern Pharmacy & Wellness - Store Listing & Delivery Service,,,IMAGE_REQUIRED,,0,MISSING,NO_MATCH,No candidate found in any source
shiv_dairy,Shiv Dairy & Sweets - Store Listing & Delivery Service,,,IMAGE_REQUIRED,,0,MISSING,NO_MATCH,No candidate found in any source
kwality_hub,Kwality Wall's Ice Cream Hub - Store Listing & Delivery Service,,,IMAGE_REQUIRED,,0,MISSING,NO_MATCH,No candidate found in any source
shriram_sweets,Shriram Sweet Mart & Namkeen - Store Listing & Delivery Service,,,IMAGE_REQUIRED,,0,MISSING,NO_MATCH,No candidate found in any source
kisan_mandi,Kisan Fresh Fruits & Vegetable Mandi - Store Listing & Delivery Service,,,IMAGE_REQUIRED,,0,MISSING,NO_MATCH,No candidate found in any source
central_grocery,Bhusawal Central Grocery Mart - Store Listing & Delivery Service,,,IMAGE_REQUIRED,,0,MISSING,NO_MATCH,No candidate found in any source
al_madina_nonveg,Al-Madina Fresh Non-Veg Mart - Store Listing & Delivery Service,,,IMAGE_REQUIRED,,0,MISSING,NO_MATCH,No candidate found in any source
ganesh_bakery,Shree Ganesh Bakery & Cake Shop - Store Listing & Delivery Service,,,IMAGE_REQUIRED,,0,MISSING,NO_MATCH,No candidate found in any source
