productId,brand,name,displayName,category,subcategory,section,packSize,quantity,unit,variant,flavour,size,mrp,estimatedMRP,sellingPrice,discount,manufacturer,barcode,gtin,sku,stock,availability,bhusawalAvailability,prescriptionRequired,vegNonVeg,restaurantName,shopName,image,imageSource,imageLicenseStatus,sourceURL,sourceName,searchKeywords,verificationStatus,mrpVerificationStatus,imageVerificationStatus,duplicateStatus,ageRestricted,legalReviewRequired,dataConflict,lastVerifiedDate,notes
BC-FOOD-000001,Royal Biryani & Caterers,Bhusawal Special Tarri Poha,Bhusawal Special Tarri Poha,Breakfast,Breakfast,Food,1 Serving / Portion,1,portion,"Flattened rice served with hot spicy black chana tarri gravy, chopped onions and crunchy sev for a signature Bhusawal breakfast.",,Standard Serving,40,,40,,Royal Biryani & Caterers,,,bc_food_101,99,AVAILABLE,AVAILABLE,NO,VEG,Royal Biryani & Caterers,Royal Biryani & Caterers,/images/food/bc_food_101.webp?v=20260810_razor_sharp_hd_v11,SOURCE_CATALOG,REVIEW_REQUIRED,,Bhusawal Connect Food & Restaurant Catalog,"bhusawal special tarri poha,poha,tarri,special,vegetarian,veg,bhusawal,breakfast",VERIFIED,VERIFIED,VERIFIED,UNIQUE,NO,NO,NO,2026-09-11,Preserved from existing verified Bhusawal Connect Food catalog (225 items).
BC-FOOD-000002,Royal Biryani & Caterers,Kanda Poha,Kanda Poha,Breakfast,Breakfast,Food,1 Serving / Portion,1,portion,"Soft flattened rice tempered with mustard seeds, green chillies, turmeric and sautéed onions, served fresh.",,Standard Serving,30,,30,,Royal Biryani & Caterers,,,bc_food_102,99,AVAILABLE,AVAILABLE,NO,VEG,Royal Biryani & Caterers,Royal Biryani & Caterers,/images/food/bc_food_102.webp?v=20260810_razor_sharp_hd_v11,SOURCE_CATALOG,REVIEW_REQUIRED,,Bhusawal Connect Food & Restaurant Catalog,"poha,vegetarian,veg,kanda poha,breakfast,kanda",VERIFIED,VERIFIED,VERIFIED,UNIQUE,NO,NO,NO,2026-09-11,Preserved from existing verified Bhusawal Connect Food catalog (225 items).
BC-FOOD-000003,Royal Biryani & Caterers,Sabudana Khichdi,Sabudana Khichdi,Breakfast,Breakfast,Food,1 Serving / Portion,1,portion,"Soaked sago pearls sautéed with roasted peanut powder, green chillies, cumin and boiled potatoes.",,Standard Serving,50,,50,,Royal Biryani & Caterers,,,bc_food_103,99,AVAILABLE,AVAILABLE,NO,VEG,Royal Biryani & Caterers,Royal Biryani & Caterers,/images/food/bc_food_103.webp?v=20260810_razor_sharp_hd_v11,SOURCE_CATALOG,REVIEW_REQUIRED,,Bhusawal Connect Food & Restaurant Catalog,"khichdi,sabudana khichdi,sabudana,vegetarian,veg,breakfast",VERIFIED,VERIFIED,VERIFIED,UNIQUE,NO,NO,NO,2026-09-11,Preserved from existing verified Bhusawal Connect Food catalog (225 items).
BC-FOOD-000004,Royal Biryani & Caterers,Sabudana Vada (2 pcs),Sabudana Vada 2 pcs,Breakfast,Breakfast,Food,1 Serving / Portion,1,portion,"Crispy sago and mashed potato patties spiced with green chillies and crushed peanuts, perfect for fasts.",,Standard Serving,50,,50,,Royal Biryani & Caterers,,,bc_food_104,99,AVAILABLE,AVAILABLE,NO,VEG,Royal Biryani & Caterers,Royal Biryani & Caterers,/images/food/bc_food_104.webp?v=20260810_razor_sharp_hd_v11,SOURCE_CATALOG,REVIEW_REQUIRED,,Bhusawal Connect Food & Restaurant Catalog,"sabudana vada (2 pcs),sabudana,vegetarian,veg,pcs),vada,breakfast",VERIFIED,VERIFIED,VERIFIED,UNIQUE,NO,NO,NO,2026-09-11,Preserved from existing verified Bhusawal Connect Food catalog (225 items).
BC-FOOD-000005,Royal Biryani & Caterers,Upma,Upma,Breakfast,Breakfast,Food,1 Serving / Portion,1,portion,"Traditional roasted semolina porridge cooked with mustard seeds, curry leaves, green chillies and roasted peanuts.",,Standard Serving,40,,40,,Royal Biryani & Caterers,,,bc_food_105,99,AVAILABLE,AVAILABLE,NO,VEG,Royal Biryani & Caterers,Royal Biryani & Caterers,/images/food/bc_food_105.webp?v=20260810_razor_sharp_hd_v11,SOURCE_CATALOG,REVIEW_REQUIRED,,Bhusawal Connect Food & Restaurant Catalog,"breakfast,veg,vegetarian,upma",VERIFIED,VERIFIED,VERIFIED,UNIQUE,NO,NO,NO,2026-09-11,Preserved from existing verified Bhusawal Connect Food catalog (225 items).
BC-FOOD-000006,Royal Biryani & Caterers,Sheera,Sheera,Breakfast,Breakfast,Food,1 Serving / Portion,1,portion,Traditional vegetarian Sheera prepared in classic style with authentic spices and fresh ingredients for a hearty meal.,,Standard Serving,50,,50,,Royal Biryani & Caterers,,,bc_food_106,99,AVAILABLE,AVAILABLE,NO,VEG,Royal Biryani & Caterers,Royal Biryani & Caterers,/images/food/bc_food_106.webp?v=20260810_razor_sharp_hd_v11,SOURCE_CATALOG,REVIEW_REQUIRED,,Bhusawal Connect Food & Restaurant Catalog,"breakfast,veg,vegetarian,sheera",VERIFIED,VERIFIED,VERIFIED,UNIQUE,NO,NO,NO,2026-09-11,Preserved from existing verified Bhusawal Connect Food catalog (225 items).
BC-FOOD-000007,Royal Biryani & Caterers,Steamed Idli Sambar (2 pcs),Steamed Idli Sambar 2 pcs,Breakfast,Breakfast,Food,1 Serving / Portion,1,portion,Steamed soft and fluffy rice-lentil cakes served with hot lentil sambar and fresh coconut chutney.,,Standard Serving,40,,40,,Royal Biryani & Caterers,,,bc_food_107,99,AVAILABLE,AVAILABLE,NO,VEG,Royal Biryani & Caterers,Royal Biryani & Caterers,/images/food/bc_food_107.webp?v=20260810_razor_sharp_hd_v11,SOURCE_CATALOG,REVIEW_REQUIRED,,Bhusawal Connect Food & Restaurant Catalog,"sambar,steamed,vegetarian,steamed idli sambar (2 pcs),veg,pcs),breakfast,idli",VERIFIED,VERIFIED,VERIFIED,UNIQUE,NO,NO,NO,2026-09-11,Preserved from existing verified Bhusawal Connect Food catalog (225 items).
BC-FOOD-000008,Royal Biryani & Caterers,Medu Vada Sambar (2 pcs),Medu Vada Sambar 2 pcs,Breakfast,Breakfast,Food,1 Serving / Portion,1,portion,"Deep-fried crispy black gram donuts spiced with peppercorns and curry leaves, served with chutney and sambar.",,Standard Serving,50,,50,,Royal Biryani & Caterers,,,bc_food_108,99,AVAILABLE,AVAILABLE,NO,VEG,Royal Biryani & Caterers,Royal Biryani & Caterers,/images/food/bc_food_108.webp?v=20260810_razor_sharp_hd_v11,SOURCE_CATALOG,REVIEW_REQUIRED,,Bhusawal Connect Food & Restaurant Catalog,"sambar,medu,medu vada sambar (2 pcs),vegetarian,veg,pcs),vada,breakfast",VERIFIED,VERIFIED,VERIFIED,UNIQUE,NO,NO,NO,2026-09-11,Preserved from existing verified Bhusawal Connect Food catalog (225 items).
BC-FOOD-000009,Royal Biryani & Caterers,Idli Vada Combo,Idli Vada Combo,Breakfast,Breakfast,Food,1 Serving / Portion,1,portion,Steamed soft and fluffy rice-lentil cakes served with hot lentil sambar and fresh coconut chutney. (Special Idli Vada Combo preparation #2),,Standard Serving,60,,60,,Royal Biryani & Caterers,,,bc_food_109,99,AVAILABLE,AVAILABLE,NO,VEG,Royal Biryani & Caterers,Royal Biryani & Caterers,/images/food/bc_food_109.webp?v=20260810_razor_sharp_hd_v11,SOURCE_CATALOG,REVIEW_REQUIRED,,Bhusawal Connect Food & Restaurant Catalog,"vegetarian,veg,idli vada combo,vada,breakfast,combo,idli",VERIFIED,VERIFIED,VERIFIED,UNIQUE,NO,NO,NO,2026-09-11,Preserved from existing verified Bhusawal Connect Food catalog (225 items).
BC-FOOD-000010,Royal Biryani & Caterers,Plain Dosa,Plain Dosa,Breakfast,Breakfast,Food,1 Serving / Portion,1,portion,"Thin and crispy fermented rice batter crepê cooked to a golden crisp, served with coconut chutney and lentil sambar.",,Standard Serving,60,,60,,Royal Biryani & Caterers,,,bc_food_110,99,AVAILABLE,AVAILABLE,NO,VEG,Royal Biryani & Caterers,Royal Biryani & Caterers,/images/food/bc_food_110.webp?v=20260810_razor_sharp_hd_v11,SOURCE_CATALOG,REVIEW_REQUIRED,,Bhusawal Connect Food & Restaurant Catalog,"vegetarian,veg,plain dosa,dosa,breakfast,plain",VERIFIED,VERIFIED,VERIFIED,UNIQUE,NO,NO,NO,2026-09-11,Preserved from existing verified Bhusawal Connect Food catalog (225 items).
BC-FOOD-000011,Royal Biryani & Caterers,Masala Dosa,Masala Dosa,Breakfast,Breakfast,Food,1 Serving / Portion,1,portion,"Crispy golden fermented rice crepê stuffed with spiced potato masala, served with coconut chutney and sambar.",,Standard Serving,80,,80,,Royal Biryani & Caterers,,,bc_food_111,99,AVAILABLE,AVAILABLE,NO,VEG,Royal Biryani & Caterers,Royal Biryani & Caterers,/images/food/bc_food_111.webp?v=20260810_razor_sharp_hd_v11,SOURCE_CATALOG,REVIEW_REQUIRED,,Bhusawal Connect Food & Restaurant Catalog,"masala,vegetarian,veg,dosa,breakfast,masala dosa",VERIFIED,VERIFIED,VERIFIED,UNIQUE,NO,NO,NO,2026-09-11,Preserved from existing verified Bhusawal Connect Food catalog (225 items).
BC-FOOD-000012,Royal Biryani & Caterers,Mysore Masala Dosa,Mysore Masala Dosa,Breakfast,Breakfast,Food,1 Serving / Portion,1,portion,"Crispy golden fermented rice crepê stuffed with spiced potato masala, served with coconut chutney and sambar. (Special Mysore Masala Dosa preparation #2)",,Standard Serving,100,,100,,Royal Biryani & Caterers,,,bc_food_112,99,AVAILABLE,AVAILABLE,NO,VEG,Royal Biryani & Caterers,Royal Biryani & Caterers,/images/food/bc_food_112.webp?v=20260810_razor_sharp_hd_v11,SOURCE_CATALOG,REVIEW_REQUIRED,,Bhusawal Connect Food & Restaurant Catalog,"masala,mysore masala dosa,vegetarian,mysore,veg,dosa,breakfast",VERIFIED,VERIFIED,VERIFIED,UNIQUE,NO,NO,NO,2026-09-11,Preserved from existing verified Bhusawal Connect Food catalog (225 items).
BC-FOOD-000013,Royal Biryani & Caterers,Cheese Masala Dosa,Cheese Masala Dosa,Breakfast,Breakfast,Food,1 Serving / Portion,1,portion,"Crispy golden fermented rice crepê stuffed with spiced potato masala, served with coconut chutney and sambar. (Special Cheese Masala Dosa preparation #2)",,Standard Serving,120,,120,,Royal Biryani & Caterers,,,bc_food_113,99,AVAILABLE,AVAILABLE,NO,VEG,Royal Biryani & Caterers,Royal Biryani & Caterers,/images/food/bc_food_113.webp?v=20260810_razor_sharp_hd_v11,SOURCE_CATALOG,REVIEW_REQUIRED,,Bhusawal Connect Food & Restaurant Catalog,"masala,vegetarian,veg,cheese masala dosa,cheese,dosa,breakfast",VERIFIED,VERIFIED,VERIFIED,UNIQUE,NO,NO,NO,2026-09-11,Preserved from existing verified Bhusawal Connect Food catalog (225 items).
BC-FOOD-000014,Royal Biryani & Caterers,Onion Uttapam,Onion Uttapam,Breakfast,Breakfast,Food,1 Serving / Portion,1,portion,"Thick savory rice pancake topped with chopped onions, tomatoes, green chillies and fresh coriander.",,Standard Serving,90,,90,,Royal Biryani & Caterers,,,bc_food_114,99,AVAILABLE,AVAILABLE,NO,VEG,Royal Biryani & Caterers,Royal Biryani & Caterers,/images/food/bc_food_114.webp?v=20260810_razor_sharp_hd_v11,SOURCE_CATALOG,REVIEW_REQUIRED,,Bhusawal Connect Food & Restaurant Catalog,"onion,vegetarian,veg,onion uttapam,uttapam,breakfast",VERIFIED,VERIFIED,VERIFIED,UNIQUE,NO,NO,NO,2026-09-11,Preserved from existing verified Bhusawal Connect Food catalog (225 items).
BC-FOOD-000015,Royal Biryani & Caterers,Mix Veg Uttapam,Mix Veg Uttapam,Breakfast,Breakfast,Food,1 Serving / Portion,1,portion,"Thick savory rice pancake topped with chopped onions, tomatoes, green chillies and fresh coriander. (Special Mix Veg Uttapam preparation #2)",,Standard Serving,110,,110,,Royal Biryani & Caterers,,,bc_food_115,99,AVAILABLE,AVAILABLE,NO,VEG,Royal Biryani & Caterers,Royal Biryani & Caterers,/images/food/bc_food_115.webp?v=20260810_razor_sharp_hd_v11,SOURCE_CATALOG,REVIEW_REQUIRED,,Bhusawal Connect Food & Restaurant Catalog,"mix,mix veg uttapam,vegetarian,veg,uttapam,breakfast",VERIFIED,VERIFIED,VERIFIED,UNIQUE,NO,NO,NO,2026-09-11,Preserved from existing verified Bhusawal Connect Food catalog (225 items).
BC-FOOD-000016,Royal Biryani & Caterers,Bhusawal Special Misal Pav,Bhusawal Special Misal Pav,Breakfast,Breakfast,Food,1 Serving / Portion,1,portion,Traditional vegetarian Bhusawal Special Misal Pav prepared in classic style with authentic spices and fresh ingredients for a hearty meal.,,Standard Serving,70,,70,,Royal Biryani & Caterers,,,bc_food_116,99,AVAILABLE,AVAILABLE,NO,VEG,Royal Biryani & Caterers,Royal Biryani & Caterers,/images/food/bc_food_116.webp?v=20260810_razor_sharp_hd_v11,SOURCE_CATALOG,REVIEW_REQUIRED,,Bhusawal Connect Food & Restaurant Catalog,"misal,special,pav,vegetarian,veg,bhusawal,breakfast,bhusawal special misal pav",VERIFIED,VERIFIED,VERIFIED,UNIQUE,NO,NO,NO,2026-09-11,Preserved from existing verified Bhusawal Connect Food catalog (225 items).
BC-FOOD-000017,Royal Biryani & Caterers,Kat Vada (2 pcs),Kat Vada 2 pcs,Breakfast,Breakfast,Food,1 Serving / Portion,1,portion,Traditional vegetarian Kat Vada 2 pcs prepared in classic style with authentic spices and fresh ingredients for a hearty meal.,,Standard Serving,70,,70,,Royal Biryani & Caterers,,,bc_food_117,99,AVAILABLE,AVAILABLE,NO,VEG,Royal Biryani & Caterers,Royal Biryani & Caterers,/images/food/bc_food_117.webp?v=20260810_razor_sharp_hd_v11,SOURCE_CATALOG,REVIEW_REQUIRED,,Bhusawal Connect Food & Restaurant Catalog,"kat vada (2 pcs),vegetarian,kat,veg,pcs),vada,breakfast",VERIFIED,VERIFIED,VERIFIED,UNIQUE,NO,NO,NO,2026-09-11,Preserved from existing verified Bhusawal Connect Food catalog (225 items).
BC-FOOD-000018,Royal Biryani & Caterers,Usal Pav,Usal Pav,Breakfast,Breakfast,Food,1 Serving / Portion,1,portion,Traditional vegetarian Usal Pav prepared in classic style with authentic spices and fresh ingredients for a hearty meal.,,Standard Serving,60,,60,,Royal Biryani & Caterers,,,bc_food_118,99,AVAILABLE,AVAILABLE,NO,VEG,Royal Biryani & Caterers,Royal Biryani & Caterers,/images/food/bc_food_118.webp?v=20260810_razor_sharp_hd_v11,SOURCE_CATALOG,REVIEW_REQUIRED,,Bhusawal Connect Food & Restaurant Catalog,"pav,vegetarian,usal pav,veg,breakfast,usal",VERIFIED,VERIFIED,VERIFIED,UNIQUE,NO,NO,NO,2026-09-11,Preserved from existing verified Bhusawal Connect Food catalog (225 items).
BC-FOOD-000019,Royal Biryani & Caterers,Butter Pav Bhaji,Butter Pav Bhaji,Breakfast,Breakfast,Food,1 Serving / Portion,1,portion,"Spiced mashed vegetable bhaji served with butter-toasted pav bread, chopped onions and lemon.",,Standard Serving,100,,100,,Royal Biryani & Caterers,,,bc_food_119,99,AVAILABLE,AVAILABLE,NO,VEG,Royal Biryani & Caterers,Royal Biryani & Caterers,/images/food/bc_food_119.webp?v=20260810_razor_sharp_hd_v11,SOURCE_CATALOG,REVIEW_REQUIRED,,Bhusawal Connect Food & Restaurant Catalog,"pav,vegetarian,butter,bhaji,veg,butter pav bhaji,breakfast",VERIFIED,VERIFIED,VERIFIED,UNIQUE,NO,NO,NO,2026-09-11,Preserved from existing verified Bhusawal Connect Food catalog (225 items).
BC-FOOD-000020,Royal Biryani & Caterers,Cheese Pav Bhaji,Cheese Pav Bhaji,Breakfast,Breakfast,Food,1 Serving / Portion,1,portion,"Spiced mashed vegetable bhaji served with butter-toasted pav bread, chopped onions and lemon. (Special Cheese Pav Bhaji preparation #2)",,Standard Serving,130,,130,,Royal Biryani & Caterers,,,bc_food_120,99,AVAILABLE,AVAILABLE,NO,VEG,Royal Biryani & Caterers,Royal Biryani & Caterers,/images/food/bc_food_120.webp?v=20260810_razor_sharp_hd_v11,SOURCE_CATALOG,REVIEW_REQUIRED,,Bhusawal Connect Food & Restaurant Catalog,"cheese pav bhaji,pav,vegetarian,bhaji,veg,cheese,breakfast",VERIFIED,VERIFIED,VERIFIED,UNIQUE,NO,NO,NO,2026-09-11,Preserved from existing verified Bhusawal Connect Food catalog (225 items).
BC-FOOD-000021,Royal Biryani & Caterers,Poori Bhaji (4 pcs),Poori Bhaji 4 pcs,Breakfast,Breakfast,Food,1 Serving / Portion,1,portion,Puff-fried golden puri bread served alongside mildly spiced potato bhaji gravy.,,Standard Serving,80,,80,,Royal Biryani & Caterers,,,bc_food_121,99,AVAILABLE,AVAILABLE,NO,VEG,Royal Biryani & Caterers,Royal Biryani & Caterers,/images/food/bc_food_121.webp?v=20260810_razor_sharp_hd_v11,SOURCE_CATALOG,REVIEW_REQUIRED,,Bhusawal Connect Food & Restaurant Catalog,"poori,vegetarian,bhaji,poori bhaji (4 pcs),veg,pcs),breakfast",VERIFIED,VERIFIED,VERIFIED,UNIQUE,NO,NO,NO,2026-09-11,Preserved from existing verified Bhusawal Connect Food catalog (225 items).
BC-FOOD-000022,Royal Biryani & Caterers,Bread Butter Jam,Bread Butter Jam,Breakfast,Breakfast,Food,1 Serving / Portion,1,portion,Toasted slices of fresh bread generously spread with creamy Amul butter.,,Standard Serving,40,,40,,Royal Biryani & Caterers,,,bc_food_122,99,AVAILABLE,AVAILABLE,NO,VEG,Royal Biryani & Caterers,Royal Biryani & Caterers,/images/food/bc_food_122.webp?v=20260810_razor_sharp_hd_v11,SOURCE_CATALOG,REVIEW_REQUIRED,,Bhusawal Connect Food & Restaurant Catalog,"bread,jam,vegetarian,butter,veg,bread butter jam,breakfast",VERIFIED,VERIFIED,VERIFIED,UNIQUE,NO,NO,NO,2026-09-11,Preserved from existing verified Bhusawal Connect Food catalog (225 items).
BC-FOOD-000023,Royal Biryani & Caterers,Double Egg Omelette,Double Egg Omelette,Breakfast,Breakfast,Food,1 Serving / Portion,1,portion,"Fluffy beaten eggs cooked with onions, chillies and herbs, served hot.",,Standard Serving,50,,50,,Royal Biryani & Caterers,,,bc_food_123,99,AVAILABLE,AVAILABLE,NO,NON_VEG,Royal Biryani & Caterers,Royal Biryani & Caterers,/images/food/bc_food_123.webp?v=20260810_razor_sharp_hd_v11,SOURCE_CATALOG,REVIEW_REQUIRED,,Bhusawal Connect Food & Restaurant Catalog,"omelette,nonveg,non-veg,double egg omelette,egg,breakfast,double",VERIFIED,VERIFIED,VERIFIED,UNIQUE,NO,NO,NO,2026-09-11,Preserved from existing verified Bhusawal Connect Food catalog (225 items).
BC-FOOD-000024,Royal Biryani & Caterers,Bread Omelette,Bread Omelette,Breakfast,Breakfast,Food,1 Serving / Portion,1,portion,Traditional flavorful Bread Omelette prepared in classic style with authentic spices and fresh ingredients for a hearty meal.,,Standard Serving,60,,60,,Royal Biryani & Caterers,,,bc_food_124,99,AVAILABLE,AVAILABLE,NO,NON_VEG,Royal Biryani & Caterers,Royal Biryani & Caterers,/images/food/bc_food_124.webp?v=20260810_razor_sharp_hd_v11,SOURCE_CATALOG,REVIEW_REQUIRED,,Bhusawal Connect Food & Restaurant Catalog,"omelette,nonveg,bread,non-veg,bread omelette,egg,breakfast",VERIFIED,VERIFIED,VERIFIED,UNIQUE,NO,NO,NO,2026-09-11,Preserved from existing verified Bhusawal Connect Food catalog (225 items).
BC-FOOD-000025,Royal Biryani & Caterers,Cheese Egg Bhurji (2 Eggs),Cheese Egg Bhurji,Breakfast,Breakfast,Food,1 Serving / Portion,1,portion,"Scrambled eggs cooked with chopped onions, green chillies, tomatoes and fresh coriander.",,Standard Serving,80,,80,,Royal Biryani & Caterers,,,bc_food_125,99,AVAILABLE,AVAILABLE,NO,NON_VEG,Royal Biryani & Caterers,Royal Biryani & Caterers,/images/food/bc_food_125.webp?v=20260810_razor_sharp_hd_v11,SOURCE_CATALOG,REVIEW_REQUIRED,,Bhusawal Connect Food & Restaurant Catalog,"nonveg,non-veg,cheese egg bhurji (2 eggs),cheese,egg,bhurji,breakfast,eggs)",VERIFIED,VERIFIED,VERIFIED,UNIQUE,NO,NO,NO,2026-09-11,Preserved from existing verified Bhusawal Connect Food catalog (225 items).
BC-FOOD-000026,Royal Biryani & Caterers,Bhusawal Special Kanda Bhaji,Bhusawal Special Kanda Bhaji,Snacks,Snacks,Food,1 Serving / Portion,1,portion,"Crispy onion fritters made with chickpea flour batter, spices and deep-fried golden.",,Standard Serving,40,,40,,Royal Biryani & Caterers,,,bc_food_126,99,AVAILABLE,AVAILABLE,NO,VEG,Royal Biryani & Caterers,Royal Biryani & Caterers,/images/food/bc_food_126.webp?v=20260810_razor_sharp_hd_v11,SOURCE_CATALOG,REVIEW_REQUIRED,,Bhusawal Connect Food & Restaurant Catalog,"special,vegetarian,bhaji,veg,snacks,bhusawal,kanda,bhusawal special kanda bhaji",VERIFIED,VERIFIED,VERIFIED,UNIQUE,NO,NO,NO,2026-09-11,Preserved from existing verified Bhusawal Connect Food catalog (225 items).
BC-FOOD-000027,Royal Biryani & Caterers,Mirchi Pakoda (4 pcs),Mirchi Pakoda 4 pcs,Snacks,Snacks,Food,1 Serving / Portion,1,portion,"Crispy onion fritters made with chickpea flour batter, spices and deep-fried golden. (Special Mirchi Pakoda 4 pcs preparation #2)",,Standard Serving,50,,50,,Royal Biryani & Caterers,,,bc_food_127,99,AVAILABLE,AVAILABLE,NO,VEG,Royal Biryani & Caterers,Royal Biryani & Caterers,/images/food/bc_food_127.webp?v=20260810_razor_sharp_hd_v11,SOURCE_CATALOG,REVIEW_REQUIRED,,Bhusawal Connect Food & Restaurant Catalog,"mirchi pakoda (4 pcs),mirchi,vegetarian,pakoda,veg,pcs),snacks",VERIFIED,VERIFIED,VERIFIED,UNIQUE,NO,NO,NO,2026-09-11,Preserved from existing verified Bhusawal Connect Food catalog (225 items).
BC-FOOD-000028,Royal Biryani & Caterers,Aloo Vada / Batata Vada,Aloo Vada / Batata Vada,Snacks,Snacks,Food,1 Serving / Portion,1,portion,Traditional vegetarian Aloo Vada / Batata Vada prepared in classic style with authentic spices and fresh ingredients for a hearty meal.,,Standard Serving,25,,25,,Royal Biryani & Caterers,,,bc_food_128,99,AVAILABLE,AVAILABLE,NO,VEG,Royal Biryani & Caterers,Royal Biryani & Caterers,/images/food/bc_food_128.webp?v=20260810_razor_sharp_hd_v11,SOURCE_CATALOG,REVIEW_REQUIRED,,Bhusawal Connect Food & Restaurant Catalog,"vegetarian,batata,veg,aloo,vada,snacks,aloo vada / batata vada",VERIFIED,VERIFIED,VERIFIED,UNIQUE,NO,NO,NO,2026-09-11,Preserved from existing verified Bhusawal Connect Food catalog (225 items).
BC-FOOD-000029,Royal Biryani & Caterers,Bhusawal Vada Pav,Bhusawal Vada Pav,Snacks,Snacks,Food,1 Serving / Portion,1,portion,"Spiced potato fritter inside a soft pav bun, layered with dry garlic chutney and green chili.",,Standard Serving,30,,30,,Royal Biryani & Caterers,,,bc_food_129,99,AVAILABLE,AVAILABLE,NO,VEG,Royal Biryani & Caterers,Royal Biryani & Caterers,/images/food/bc_food_129.webp?v=20260810_razor_sharp_hd_v11,SOURCE_CATALOG,REVIEW_REQUIRED,,Bhusawal Connect Food & Restaurant Catalog,"pav,vegetarian,veg,bhusawal vada pav,bhusawal,snacks,vada",VERIFIED,VERIFIED,VERIFIED,UNIQUE,NO,NO,NO,2026-09-11,Preserved from existing verified Bhusawal Connect Food catalog (225 items).
BC-FOOD-000030,Royal Biryani & Caterers,Cheese Vada Pav,Cheese Vada Pav,Snacks,Snacks,Food,1 Serving / Portion,1,portion,"Spiced potato fritter inside a soft pav bun, layered with dry garlic chutney and green chili. (Special Cheese Vada Pav preparation #2)",,Standard Serving,50,,50,,Royal Biryani & Caterers,,,bc_food_130,99,AVAILABLE,AVAILABLE,NO,VEG,Royal Biryani & Caterers,Royal Biryani & Caterers,/images/food/bc_food_130.webp?v=20260810_razor_sharp_hd_v11,SOURCE_CATALOG,REVIEW_REQUIRED,,Bhusawal Connect Food & Restaurant Catalog,"pav,vegetarian,veg,cheese,cheese vada pav,snacks,vada",VERIFIED,VERIFIED,VERIFIED,UNIQUE,NO,NO,NO,2026-09-11,Preserved from existing verified Bhusawal Connect Food catalog (225 items).
BC-FOOD-000031,Royal Biryani & Caterers,Samosa (2 pcs),Samosa 2 pcs,Snacks,Snacks,Food,1 Serving / Portion,1,portion,"Crispy golden pastry stuffed with spiced potatoes and green peas, served with tamarind chutney.",,Standard Serving,30,,30,,Royal Biryani & Caterers,,,bc_food_131,99,AVAILABLE,AVAILABLE,NO,VEG,Royal Biryani & Caterers,Royal Biryani & Caterers,/images/food/bc_food_131.webp?v=20260810_razor_sharp_hd_v11,SOURCE_CATALOG,REVIEW_REQUIRED,,Bhusawal Connect Food & Restaurant Catalog,"vegetarian,veg,snacks,pcs),samosa,samosa (2 pcs)",VERIFIED,VERIFIED,VERIFIED,UNIQUE,NO,NO,NO,2026-09-11,Preserved from existing verified Bhusawal Connect Food catalog (225 items).
BC-FOOD-000032,Royal Biryani & Caterers,Samosa Chaat,Samosa Chaat,Snacks,Snacks,Food,1 Serving / Portion,1,portion,"Crispy golden pastry stuffed with spiced potatoes and green peas, served with tamarind chutney. (Special Samosa Chaat preparation #2)",,Standard Serving,60,,60,,Royal Biryani & Caterers,,,bc_food_132,99,AVAILABLE,AVAILABLE,NO,VEG,Royal Biryani & Caterers,Royal Biryani & Caterers,/images/food/bc_food_132.webp?v=20260810_razor_sharp_hd_v11,SOURCE_CATALOG,REVIEW_REQUIRED,,Bhusawal Connect Food & Restaurant Catalog,"vegetarian,samosa chaat,veg,samosa,snacks,chaat",VERIFIED,VERIFIED,VERIFIED,UNIQUE,NO,NO,NO,2026-09-11,Preserved from existing verified Bhusawal Connect Food catalog (225 items).
BC-FOOD-000033,Royal Biryani & Caterers,Kachori (2 pcs),Kachori 2 pcs,Snacks,Snacks,Food,1 Serving / Portion,1,portion,Traditional vegetarian Kachori 2 pcs prepared in classic style with authentic spices and fresh ingredients for a hearty meal.,,Standard Serving,30,,30,,Royal Biryani & Caterers,,,bc_food_133,99,AVAILABLE,AVAILABLE,NO,VEG,Royal Biryani & Caterers,Royal Biryani & Caterers,/images/food/bc_food_133.webp?v=20260810_razor_sharp_hd_v11,SOURCE_CATALOG,REVIEW_REQUIRED,,Bhusawal Connect Food & Restaurant Catalog,"vegetarian,kachori (2 pcs),veg,pcs),snacks,kachori",VERIFIED,VERIFIED,VERIFIED,UNIQUE,NO,NO,NO,2026-09-11,Preserved from existing verified Bhusawal Connect Food catalog (225 items).
BC-FOOD-000034,Royal Biryani & Caterers,Bread Pakoda (2 pcs),Bread Pakoda 2 pcs,Snacks,Snacks,Food,1 Serving / Portion,1,portion,"Crispy onion fritters made with chickpea flour batter, spices and deep-fried golden. (Special Bread Pakoda 2 pcs preparation #2)",,Standard Serving,40,,40,,Royal Biryani & Caterers,,,bc_food_134,99,AVAILABLE,AVAILABLE,NO,VEG,Royal Biryani & Caterers,Royal Biryani & Caterers,/images/food/bc_food_134.webp?v=20260810_razor_sharp_hd_v11,SOURCE_CATALOG,REVIEW_REQUIRED,,Bhusawal Connect Food & Restaurant Catalog,"bread pakoda (2 pcs),bread,vegetarian,pakoda,veg,pcs),snacks",VERIFIED,VERIFIED,VERIFIED,UNIQUE,NO,NO,NO,2026-09-11,Preserved from existing verified Bhusawal Connect Food catalog (225 items).
BC-FOOD-000035,Royal Biryani & Caterers,Crispy French Fries,Crispy French Fries,Snacks,Snacks,Food,1 Serving / Portion,1,portion,"Crispy golden potato fries lightly salted, served with tomato ketchup.",,Standard Serving,90,,90,,Royal Biryani & Caterers,,,bc_food_135,99,AVAILABLE,AVAILABLE,NO,VEG,Royal Biryani & Caterers,Royal Biryani & Caterers,/images/food/bc_food_135.webp?v=20260810_razor_sharp_hd_v11,SOURCE_CATALOG,REVIEW_REQUIRED,,Bhusawal Connect Food & Restaurant Catalog,"crispy,crispy french fries,fries,french,vegetarian,veg,snacks",VERIFIED,VERIFIED,VERIFIED,UNIQUE,NO,NO,NO,2026-09-11,Preserved from existing verified Bhusawal Connect Food catalog (225 items).
BC-FOOD-000036,Royal Biryani & Caterers,Peri Peri Fries,Peri Peri Fries,Snacks,Snacks,Food,1 Serving / Portion,1,portion,"Crispy golden potato fries lightly salted, served with tomato ketchup. (Special Peri Peri Fries preparation #2)",,Standard Serving,110,,110,,Royal Biryani & Caterers,,,bc_food_136,99,AVAILABLE,AVAILABLE,NO,VEG,Royal Biryani & Caterers,Royal Biryani & Caterers,/images/food/bc_food_136.webp?v=20260810_razor_sharp_hd_v11,SOURCE_CATALOG,REVIEW_REQUIRED,,Bhusawal Connect Food & Restaurant Catalog,"fries,vegetarian,veg,peri peri fries,peri,snacks",VERIFIED,VERIFIED,VERIFIED,UNIQUE,NO,NO,NO,2026-09-11,Preserved from existing verified Bhusawal Connect Food catalog (225 items).
BC-FOOD-000037,Royal Biryani & Caterers,Cheese Load Fries,Cheese Load Fries,Snacks,Snacks,Food,1 Serving / Portion,1,portion,"Crispy golden potato fries lightly salted, served with tomato ketchup. (Special Cheese Load Fries preparation #2)",,Standard Serving,140,,140,,Royal Biryani & Caterers,,,bc_food_137,99,AVAILABLE,AVAILABLE,NO,VEG,Royal Biryani & Caterers,Royal Biryani & Caterers,/images/food/bc_food_137.webp?v=20260810_razor_sharp_hd_v11,SOURCE_CATALOG,REVIEW_REQUIRED,,Bhusawal Connect Food & Restaurant Catalog,"load,fries,cheese load fries,vegetarian,veg,cheese,snacks",VERIFIED,VERIFIED,VERIFIED,UNIQUE,NO,NO,NO,2026-09-11,Preserved from existing verified Bhusawal Connect Food catalog (225 items).
BC-FOOD-000038,Royal Biryani & Caterers,Veg Cheese Nuggets (8 pcs),Veg Cheese Nuggets 8 pcs,Snacks,Snacks,Food,1 Serving / Portion,1,portion,Traditional vegetarian Veg Cheese Nuggets 8 pcs prepared in classic style with authentic spices and fresh ingredients for a hearty meal.,,Standard Serving,130,,130,,Royal Biryani & Caterers,,,bc_food_138,99,AVAILABLE,AVAILABLE,NO,VEG,Royal Biryani & Caterers,Royal Biryani & Caterers,/images/food/bc_food_138.webp?v=20260810_razor_sharp_hd_v11,SOURCE_CATALOG,REVIEW_REQUIRED,,Bhusawal Connect Food & Restaurant Catalog,"vegetarian,veg,cheese,pcs),veg cheese nuggets (8 pcs),snacks,nuggets",VERIFIED,VERIFIED,VERIFIED,UNIQUE,NO,NO,NO,2026-09-11,Preserved from existing verified Bhusawal Connect Food catalog (225 items).
BC-FOOD-000039,Royal Biryani & Caterers,Paneer Pakoda (6 pcs),Paneer Pakoda 6 pcs,Snacks,Snacks,Food,1 Serving / Portion,1,portion,"Crispy onion fritters made with chickpea flour batter, spices and deep-fried golden. (Special Paneer Pakoda 6 pcs preparation #2)",,Standard Serving,140,,140,,Royal Biryani & Caterers,,,bc_food_139,99,AVAILABLE,AVAILABLE,NO,VEG,Royal Biryani & Caterers,Royal Biryani & Caterers,/images/food/bc_food_139.webp?v=20260810_razor_sharp_hd_v11,SOURCE_CATALOG,REVIEW_REQUIRED,,Bhusawal Connect Food & Restaurant Catalog,"paneer pakoda (6 pcs),vegetarian,pakoda,veg,pcs),snacks,paneer",VERIFIED,VERIFIED,VERIFIED,UNIQUE,NO,NO,NO,2026-09-11,Preserved from existing verified Bhusawal Connect Food catalog (225 items).
BC-FOOD-000040,Royal Biryani & Caterers,Veg Crispy,Veg Crispy,Snacks,Snacks,Food,1 Serving / Portion,1,portion,Traditional vegetarian Veg Crispy prepared in classic style with authentic spices and fresh ingredients for a hearty meal.,,Standard Serving,160,,160,,Royal Biryani & Caterers,,,bc_food_140,99,AVAILABLE,AVAILABLE,NO,VEG,Royal Biryani & Caterers,Royal Biryani & Caterers,/images/food/bc_food_140.webp?v=20260810_razor_sharp_hd_v11,SOURCE_CATALOG,REVIEW_REQUIRED,,Bhusawal Connect Food & Restaurant Catalog,"crispy,vegetarian,veg,veg crispy,snacks",VERIFIED,VERIFIED,VERIFIED,UNIQUE,NO,NO,NO,2026-09-11,Preserved from existing verified Bhusawal Connect Food catalog (225 items).
BC-FOOD-000041,Royal Biryani & Caterers,Corn Cheese Balls (6 pcs),Corn Cheese Balls 6 pcs,Snacks,Snacks,Food,1 Serving / Portion,1,portion,Traditional vegetarian Corn Cheese Balls 6 pcs prepared in classic style with authentic spices and fresh ingredients for a hearty meal.,,Standard Serving,150,,150,,Royal Biryani & Caterers,,,bc_food_141,99,AVAILABLE,AVAILABLE,NO,VEG,Royal Biryani & Caterers,Royal Biryani & Caterers,/images/food/bc_food_141.webp?v=20260810_razor_sharp_hd_v11,SOURCE_CATALOG,REVIEW_REQUIRED,,Bhusawal Connect Food & Restaurant Catalog,"corn,vegetarian,veg,cheese,pcs),balls,corn cheese balls (6 pcs),snacks",VERIFIED,VERIFIED,VERIFIED,UNIQUE,NO,NO,NO,2026-09-11,Preserved from existing verified Bhusawal Connect Food catalog (225 items).
BC-FOOD-000042,Royal Biryani & Caterers,Sev Puri (6 pcs),Sev Puri 6 pcs,Snacks,Snacks,Food,1 Serving / Portion,1,portion,Traditional vegetarian Sev Puri 6 pcs prepared in classic style with authentic spices and fresh ingredients for a hearty meal.,,Standard Serving,50,,50,,Royal Biryani & Caterers,,,bc_food_142,99,AVAILABLE,AVAILABLE,NO,VEG,Royal Biryani & Caterers,Royal Biryani & Caterers,/images/food/bc_food_142.webp?v=20260810_razor_sharp_hd_v11,SOURCE_CATALOG,REVIEW_REQUIRED,,Bhusawal Connect Food & Restaurant Catalog,"sev puri (6 pcs),vegetarian,veg,pcs),sev,snacks,puri",VERIFIED,VERIFIED,VERIFIED,UNIQUE,NO,NO,NO,2026-09-11,Preserved from existing verified Bhusawal Connect Food catalog (225 items).
BC-FOOD-000043,Royal Biryani & Caterers,Dahi Puri (6 pcs),Dahi Puri 6 pcs,Snacks,Snacks,Food,1 Serving / Portion,1,portion,Traditional vegetarian Dahi Puri 6 pcs prepared in classic style with authentic spices and fresh ingredients for a hearty meal.,,Standard Serving,60,,60,,Royal Biryani & Caterers,,,bc_food_143,99,AVAILABLE,AVAILABLE,NO,VEG,Royal Biryani & Caterers,Royal Biryani & Caterers,/images/food/bc_food_143.webp?v=20260810_razor_sharp_hd_v11,SOURCE_CATALOG,REVIEW_REQUIRED,,Bhusawal Connect Food & Restaurant Catalog,"vegetarian,veg,pcs),dahi,dahi puri (6 pcs),snacks,puri",VERIFIED,VERIFIED,VERIFIED,UNIQUE,NO,NO,NO,2026-09-11,Preserved from existing verified Bhusawal Connect Food catalog (225 items).
BC-FOOD-000044,Royal Biryani & Caterers,Pani Puri (8 pcs),Pani Puri 8 pcs,Snacks,Snacks,Food,1 Serving / Portion,1,portion,Traditional vegetarian Pani Puri 8 pcs prepared in classic style with authentic spices and fresh ingredients for a hearty meal.,,Standard Serving,40,,40,,Royal Biryani & Caterers,,,bc_food_144,99,AVAILABLE,AVAILABLE,NO,VEG,Royal Biryani & Caterers,Royal Biryani & Caterers,/images/food/bc_food_144.webp?v=20260810_razor_sharp_hd_v11,SOURCE_CATALOG,REVIEW_REQUIRED,,Bhusawal Connect Food & Restaurant Catalog,"pani puri (8 pcs),vegetarian,veg,pani,pcs),snacks,puri",VERIFIED,VERIFIED,VERIFIED,UNIQUE,NO,NO,NO,2026-09-11,Preserved from existing verified Bhusawal Connect Food catalog (225 items).
BC-FOOD-000045,Royal Biryani & Caterers,Chicken Nuggets (8 pcs),Chicken Nuggets 8 pcs,Snacks,Snacks,Food,1 Serving / Portion,1,portion,Traditional flavorful Chicken Nuggets 8 pcs prepared in classic style with authentic spices and fresh ingredients for a hearty meal.,,Standard Serving,160,,160,,Royal Biryani & Caterers,,,bc_food_145,99,AVAILABLE,AVAILABLE,NO,NON_VEG,Royal Biryani & Caterers,Royal Biryani & Caterers,/images/food/bc_food_145.webp?v=20260810_razor_sharp_hd_v11,SOURCE_CATALOG,REVIEW_REQUIRED,,Bhusawal Connect Food & Restaurant Catalog,"nonveg,chicken,non-veg,chicken nuggets (8 pcs),pcs),snacks,nuggets",VERIFIED,VERIFIED,VERIFIED,UNIQUE,NO,NO,NO,2026-09-11,Preserved from existing verified Bhusawal Connect Food catalog (225 items).
BC-FOOD-000046,Royal Biryani & Caterers,Classic Margherita Pizza,Classic Margherita Pizza,Pizza,Pizza,Food,1 Serving / Portion,1,portion,"Classic baked pizza crust topped with rich tomato sauce, melted mozzarella cheese and basil seasoning.",,Standard Serving,150,,150,,Royal Biryani & Caterers,,,bc_food_146,99,AVAILABLE,AVAILABLE,NO,VEG,Royal Biryani & Caterers,Royal Biryani & Caterers,/images/food/bc_food_146.webp?v=20260810_razor_sharp_hd_v11,SOURCE_CATALOG,REVIEW_REQUIRED,,Bhusawal Connect Food & Restaurant Catalog,"classic margherita pizza,classic,margherita,vegetarian,pizza,veg",VERIFIED,VERIFIED,VERIFIED,UNIQUE,NO,NO,NO,2026-09-11,Preserved from existing verified Bhusawal Connect Food catalog (225 items).
BC-FOOD-000047,Royal Biryani & Caterers,Corn & Cheese Pizza,Corn & Cheese Pizza,Pizza,Pizza,Food,1 Serving / Portion,1,portion,Golden sweet corn kernels and creamy cheese spread over a freshly baked pizza crust.,,Standard Serving,180,,180,,Royal Biryani & Caterers,,,bc_food_147,99,AVAILABLE,AVAILABLE,NO,VEG,Royal Biryani & Caterers,Royal Biryani & Caterers,/images/food/bc_food_147.webp?v=20260810_razor_sharp_hd_v11,SOURCE_CATALOG,REVIEW_REQUIRED,,Bhusawal Connect Food & Restaurant Catalog,"corn,vegetarian,pizza,veg,cheese,corn & cheese pizza",VERIFIED,VERIFIED,VERIFIED,UNIQUE,NO,NO,NO,2026-09-11,Preserved from existing verified Bhusawal Connect Food catalog (225 items).
BC-FOOD-000048,Royal Biryani & Caterers,Veggie Delight Pizza,Veggie Delight Pizza,Pizza,Pizza,Food,1 Serving / Portion,1,portion,"Loaded vegetable pizza featuring crunchy bell peppers, sweet corn, onions, mushrooms and mozzarella.",,Standard Serving,200,,200,,Royal Biryani & Caterers,,,bc_food_148,99,AVAILABLE,AVAILABLE,NO,VEG,Royal Biryani & Caterers,Royal Biryani & Caterers,/images/food/bc_food_148.webp?v=20260810_razor_sharp_hd_v11,SOURCE_CATALOG,REVIEW_REQUIRED,,Bhusawal Connect Food & Restaurant Catalog,"vegetarian,veggie delight pizza,pizza,delight,veg,veggie",VERIFIED,VERIFIED,VERIFIED,UNIQUE,NO,NO,NO,2026-09-11,Preserved from existing verified Bhusawal Connect Food catalog (225 items).
BC-FOOD-000049,Royal Biryani & Caterers,Farmhouse Special Pizza,Farmhouse Special Pizza,Pizza,Pizza,Food,1 Serving / Portion,1,portion,"Loaded vegetable pizza featuring crunchy bell peppers, sweet corn, onions, mushrooms and mozzarella. (Special Farmhouse Special Pizza preparation #2)",,Standard Serving,220,,220,,Royal Biryani & Caterers,,,bc_food_149,99,AVAILABLE,AVAILABLE,NO,VEG,Royal Biryani & Caterers,Royal Biryani & Caterers,/images/food/bc_food_149.webp?v=20260810_razor_sharp_hd_v11,SOURCE_CATALOG,REVIEW_REQUIRED,,Bhusawal Connect Food & Restaurant Catalog,"farmhouse special pizza,special,farmhouse,vegetarian,pizza,veg",VERIFIED,VERIFIED,VERIFIED,UNIQUE,NO,NO,NO,2026-09-11,Preserved from existing verified Bhusawal Connect Food catalog (225 items).
BC-FOOD-000050,Royal Biryani & Caterers,Paneer Tikka Pizza,Paneer Tikka Pizza,Pizza,Pizza,Food,1 Serving / Portion,1,portion,"Crispy pizza base loaded with marinated paneer cubes, capsicum, onions and stringy mozzarella cheese.",,Standard Serving,240,,240,,Royal Biryani & Caterers,,,bc_food_150,99,AVAILABLE,AVAILABLE,NO,VEG,Royal Biryani & Caterers,Royal Biryani & Caterers,/images/food/bc_food_150.webp?v=20260810_razor_sharp_hd_v11,SOURCE_CATALOG,REVIEW_REQUIRED,,Bhusawal Connect Food & Restaurant Catalog,"tikka,vegetarian,paneer tikka pizza,pizza,veg,paneer",VERIFIED,VERIFIED,VERIFIED,UNIQUE,NO,NO,NO,2026-09-11,Preserved from existing verified Bhusawal Connect Food catalog (225 items).
BC-FOOD-000051,Royal Biryani & Caterers,Spicy Peri Peri Paneer Pizza,Spicy Peri Peri Paneer Pizza,Pizza,Pizza,Food,1 Serving / Portion,1,portion,"Crispy pizza base loaded with marinated paneer cubes, capsicum, onions and stringy mozzarella cheese. (Special Spicy Peri Peri Paneer Pizza preparation #2)",,Standard Serving,250,,250,,Royal Biryani & Caterers,,,bc_food_151,99,AVAILABLE,AVAILABLE,NO,VEG,Royal Biryani & Caterers,Royal Biryani & Caterers,/images/food/bc_food_151.webp?v=20260810_razor_sharp_hd_v11,SOURCE_CATALOG,REVIEW_REQUIRED,,Bhusawal Connect Food & Restaurant Catalog,"spicy,vegetarian,pizza,veg,peri,spicy peri peri paneer pizza,paneer",VERIFIED,VERIFIED,VERIFIED,UNIQUE,NO,NO,NO,2026-09-11,Preserved from existing verified Bhusawal Connect Food catalog (225 items).
BC-FOOD-000052,Royal Biryani & Caterers,Mexican Green Wave Pizza,Mexican Green Wave Pizza,Pizza,Pizza,Food,1 Serving / Portion,1,portion,Traditional vegetarian Mexican Green Wave Pizza prepared in classic style with authentic spices and fresh ingredients for a hearty meal.,,Standard Serving,260,,260,,Royal Biryani & Caterers,,,bc_food_152,99,AVAILABLE,AVAILABLE,NO,VEG,Royal Biryani & Caterers,Royal Biryani & Caterers,/images/food/bc_food_152.webp?v=20260810_razor_sharp_hd_v11,SOURCE_CATALOG,REVIEW_REQUIRED,,Bhusawal Connect Food & Restaurant Catalog,"mexican green wave pizza,vegetarian,pizza,wave,veg,green,mexican",VERIFIED,VERIFIED,VERIFIED,UNIQUE,NO,NO,NO,2026-09-11,Preserved from existing verified Bhusawal Connect Food catalog (225 items).
BC-FOOD-000053,Royal Biryani & Caterers,Cheese Burst Veg Pizza,Cheese Burst Veg Pizza,Pizza,Pizza,Food,1 Serving / Portion,1,portion,Indulgent pizza crust filled with liquid melted cheese and topped with savory vegetable toppings.,,Standard Serving,280,,280,,Royal Biryani & Caterers,,,bc_food_153,99,AVAILABLE,AVAILABLE,NO,VEG,Royal Biryani & Caterers,Royal Biryani & Caterers,/images/food/bc_food_153.webp?v=20260810_razor_sharp_hd_v11,SOURCE_CATALOG,REVIEW_REQUIRED,,Bhusawal Connect Food & Restaurant Catalog,"burst,vegetarian,cheese burst veg pizza,pizza,veg,cheese",VERIFIED,VERIFIED,VERIFIED,UNIQUE,NO,NO,NO,2026-09-11,Preserved from existing verified Bhusawal Connect Food catalog (225 items).
BC-FOOD-000054,Royal Biryani & Caterers,Chicken Golden Pizza,Chicken Golden Pizza,Pizza,Pizza,Food,1 Serving / Portion,1,portion,"Freshly baked pizza topped with spiced chicken chunks, onions, capsicum and melted mozzarella cheese.",,Standard Serving,240,,240,,Royal Biryani & Caterers,,,bc_food_154,99,AVAILABLE,AVAILABLE,NO,NON_VEG,Royal Biryani & Caterers,Royal Biryani & Caterers,/images/food/bc_food_154.webp?v=20260810_razor_sharp_hd_v11,SOURCE_CATALOG,REVIEW_REQUIRED,,Bhusawal Connect Food & Restaurant Catalog,"nonveg,chicken,chicken golden pizza,pizza,non-veg,golden",VERIFIED,VERIFIED,VERIFIED,UNIQUE,NO,NO,NO,2026-09-11,Preserved from existing verified Bhusawal Connect Food catalog (225 items).
BC-FOOD-000055,Royal Biryani & Caterers,BBQ Chicken Pizza,BBQ Chicken Pizza,Pizza,Pizza,Food,1 Serving / Portion,1,portion,"Freshly baked pizza topped with spiced chicken chunks, onions, capsicum and melted mozzarella cheese. (Special BBQ Chicken Pizza preparation #2)",,Standard Serving,260,,260,,Royal Biryani & Caterers,,,bc_food_155,99,AVAILABLE,AVAILABLE,NO,NON_VEG,Royal Biryani & Caterers,Royal Biryani & Caterers,/images/food/bc_food_155.webp?v=20260810_razor_sharp_hd_v11,SOURCE_CATALOG,REVIEW_REQUIRED,,Bhusawal Connect Food & Restaurant Catalog,"bbq,nonveg,chicken,pizza,non-veg,bbq chicken pizza",VERIFIED,VERIFIED,VERIFIED,UNIQUE,NO,NO,NO,2026-09-11,Preserved from existing verified Bhusawal Connect Food catalog (225 items).
BC-FOOD-000056,Royal Biryani & Caterers,Chicken Tikka Pizza,Chicken Tikka Pizza,Pizza,Pizza,Food,1 Serving / Portion,1,portion,"Freshly baked pizza topped with spiced chicken chunks, onions, capsicum and melted mozzarella cheese. (Special Chicken Tikka Pizza preparation #2)",,Standard Serving,270,,270,,Royal Biryani & Caterers,,,bc_food_156,99,AVAILABLE,AVAILABLE,NO,NON_VEG,Royal Biryani & Caterers,Royal Biryani & Caterers,/images/food/bc_food_156.webp?v=20260810_razor_sharp_hd_v11,SOURCE_CATALOG,REVIEW_REQUIRED,,Bhusawal Connect Food & Restaurant Catalog,"tikka,nonveg,chicken,pizza,non-veg,chicken tikka pizza",VERIFIED,VERIFIED,VERIFIED,UNIQUE,NO,NO,NO,2026-09-11,Preserved from existing verified Bhusawal Connect Food catalog (225 items).
BC-FOOD-000057,Royal Biryani & Caterers,Non-Veg Supreme Pizza,Non-Veg Supreme Pizza,Pizza,Pizza,Food,1 Serving / Portion,1,portion,Traditional flavorful Non-Veg Supreme Pizza prepared in classic style with authentic spices and fresh ingredients for a hearty meal.,,Standard Serving,320,,320,,Royal Biryani & Caterers,,,bc_food_157,99,AVAILABLE,AVAILABLE,NO,NON_VEG,Royal Biryani & Caterers,Royal Biryani & Caterers,/images/food/bc_food_157.webp?v=20260810_razor_sharp_hd_v11,SOURCE_CATALOG,REVIEW_REQUIRED,,Bhusawal Connect Food & Restaurant Catalog,"non-veg supreme pizza,nonveg,pizza,supreme,non-veg,egg",VERIFIED,VERIFIED,VERIFIED,UNIQUE,NO,NO,NO,2026-09-11,Preserved from existing verified Bhusawal Connect Food catalog (225 items).
BC-FOOD-000058,Royal Biryani & Caterers,Cheese Garlic Bread (4 pcs),Cheese Garlic Bread 4 pcs,Pizza,Pizza,Food,1 Serving / Portion,1,portion,Traditional vegetarian Cheese Garlic Bread 4 pcs prepared in classic style with authentic spices and fresh ingredients for a hearty meal.,,Standard Serving,120,,120,,Royal Biryani & Caterers,,,bc_food_158,99,AVAILABLE,AVAILABLE,NO,VEG,Royal Biryani & Caterers,Royal Biryani & Caterers,/images/food/bc_food_158.webp?v=20260810_razor_sharp_hd_v11,SOURCE_CATALOG,REVIEW_REQUIRED,,Bhusawal Connect Food & Restaurant Catalog,"garlic,bread,cheese garlic bread (4 pcs),vegetarian,pizza,veg,cheese,pcs)",VERIFIED,VERIFIED,VERIFIED,UNIQUE,NO,NO,NO,2026-09-11,Preserved from existing verified Bhusawal Connect Food catalog (225 items).
BC-FOOD-000059,Royal Biryani & Caterers,Stuffed Garlic Bread,Stuffed Garlic Bread,Pizza,Pizza,Food,1 Serving / Portion,1,portion,Traditional vegetarian Stuffed Garlic Bread prepared in classic style with authentic spices and fresh ingredients for a hearty meal.,,Standard Serving,150,,150,,Royal Biryani & Caterers,,,bc_food_159,99,AVAILABLE,AVAILABLE,NO,VEG,Royal Biryani & Caterers,Royal Biryani & Caterers,/images/food/bc_food_159.webp?v=20260810_razor_sharp_hd_v11,SOURCE_CATALOG,REVIEW_REQUIRED,,Bhusawal Connect Food & Restaurant Catalog,"garlic,stuffed,bread,vegetarian,pizza,veg,stuffed garlic bread",VERIFIED,VERIFIED,VERIFIED,UNIQUE,NO,NO,NO,2026-09-11,Preserved from existing verified Bhusawal Connect Food catalog (225 items).
BC-FOOD-000060,Royal Biryani & Caterers,Paneer Cheese Garlic Bread,Paneer Cheese Garlic Bread,Pizza,Pizza,Food,1 Serving / Portion,1,portion,"Crispy pizza base loaded with marinated paneer cubes, capsicum, onions and stringy mozzarella cheese. (Special Paneer Cheese Garlic Bread preparation #2)",,Standard Serving,170,,170,,Royal Biryani & Caterers,,,bc_food_160,99,AVAILABLE,AVAILABLE,NO,VEG,Royal Biryani & Caterers,Royal Biryani & Caterers,/images/food/bc_food_160.webp?v=20260810_razor_sharp_hd_v11,SOURCE_CATALOG,REVIEW_REQUIRED,,Bhusawal Connect Food & Restaurant Catalog,"garlic,bread,vegetarian,pizza,veg,cheese,paneer cheese garlic bread,paneer",VERIFIED,VERIFIED,VERIFIED,UNIQUE,NO,NO,NO,2026-09-11,Preserved from existing verified Bhusawal Connect Food catalog (225 items).
BC-FOOD-000061,Royal Biryani & Caterers,Classic Veg Burger,Classic Veg Burger,Burgers,Burgers,Food,1 Serving / Portion,1,portion,"Spiced potato and vegetable patty stacked with creamy mayonnaise, fresh tomatoes and onions in a soft bun.",,Standard Serving,70,,70,,Royal Biryani & Caterers,,,bc_food_161,99,AVAILABLE,AVAILABLE,NO,VEG,Royal Biryani & Caterers,Royal Biryani & Caterers,/images/food/bc_food_161.webp?v=20260810_razor_sharp_hd_v11,SOURCE_CATALOG,REVIEW_REQUIRED,,Bhusawal Connect Food & Restaurant Catalog,"classic,vegetarian,burger,veg,classic veg burger,burgers",VERIFIED,VERIFIED,VERIFIED,UNIQUE,NO,NO,NO,2026-09-11,Preserved from existing verified Bhusawal Connect Food catalog (225 items).
BC-FOOD-000062,Royal Biryani & Caterers,Veg Cheese Burger,Veg Cheese Burger,Burgers,Burgers,Food,1 Serving / Portion,1,portion,"Spiced potato and vegetable patty stacked with creamy mayonnaise, fresh tomatoes and onions in a soft bun. (Special Veg Cheese Burger preparation #2)",,Standard Serving,90,,90,,Royal Biryani & Caterers,,,bc_food_162,99,AVAILABLE,AVAILABLE,NO,VEG,Royal Biryani & Caterers,Royal Biryani & Caterers,/images/food/bc_food_162.webp?v=20260810_razor_sharp_hd_v11,SOURCE_CATALOG,REVIEW_REQUIRED,,Bhusawal Connect Food & Restaurant Catalog,"vegetarian,burger,veg,cheese,veg cheese burger,burgers",VERIFIED,VERIFIED,VERIFIED,UNIQUE,NO,NO,NO,2026-09-11,Preserved from existing verified Bhusawal Connect Food catalog (225 items).
BC-FOOD-000063,Royal Biryani & Caterers,Crispy Paneer Burger,Crispy Paneer Burger,Burgers,Burgers,Food,1 Serving / Portion,1,portion,"Crispy fried paneer patty layered with fresh lettuce, onions, tomatoes and spicy mayo inside a toasted sesame bun.",,Standard Serving,110,,110,,Royal Biryani & Caterers,,,bc_food_163,99,AVAILABLE,AVAILABLE,NO,VEG,Royal Biryani & Caterers,Royal Biryani & Caterers,/images/food/bc_food_163.webp?v=20260810_razor_sharp_hd_v11,SOURCE_CATALOG,REVIEW_REQUIRED,,Bhusawal Connect Food & Restaurant Catalog,"crispy,vegetarian,burger,veg,burgers,crispy paneer burger,paneer",VERIFIED,VERIFIED,VERIFIED,UNIQUE,NO,NO,NO,2026-09-11,Preserved from existing verified Bhusawal Connect Food catalog (225 items).
BC-FOOD-000064,Royal Biryani & Caterers,Veg Supreme Double Burger,Veg Supreme Double Burger,Burgers,Burgers,Food,1 Serving / Portion,1,portion,"Spiced potato and vegetable patty stacked with creamy mayonnaise, fresh tomatoes and onions in a soft bun. (Special Veg Supreme Double Burger preparation #2)",,Standard Serving,140,,140,,Royal Biryani & Caterers,,,bc_food_164,99,AVAILABLE,AVAILABLE,NO,VEG,Royal Biryani & Caterers,Royal Biryani & Caterers,/images/food/bc_food_164.webp?v=20260810_razor_sharp_hd_v11,SOURCE_CATALOG,REVIEW_REQUIRED,,Bhusawal Connect Food & Restaurant Catalog,"veg supreme double burger,vegetarian,burger,supreme,veg,burgers,double",VERIFIED,VERIFIED,VERIFIED,UNIQUE,NO,NO,NO,2026-09-11,Preserved from existing verified Bhusawal Connect Food catalog (225 items).
BC-FOOD-000065,Royal Biryani & Caterers,Mexican Spicy Burger,Mexican Spicy Burger,Burgers,Burgers,Food,1 Serving / Portion,1,portion,Traditional vegetarian Mexican Spicy Burger prepared in classic style with authentic spices and fresh ingredients for a hearty meal.,,Standard Serving,120,,120,,Royal Biryani & Caterers,,,bc_food_165,99,AVAILABLE,AVAILABLE,NO,VEG,Royal Biryani & Caterers,Royal Biryani & Caterers,/images/food/bc_food_165.webp?v=20260810_razor_sharp_hd_v11,SOURCE_CATALOG,REVIEW_REQUIRED,,Bhusawal Connect Food & Restaurant Catalog,"mexican spicy burger,spicy,vegetarian,burger,veg,mexican,burgers",VERIFIED,VERIFIED,VERIFIED,UNIQUE,NO,NO,NO,2026-09-11,Preserved from existing verified Bhusawal Connect Food catalog (225 items).
BC-FOOD-000066,Royal Biryani & Caterers,Aloo Tikki Burger,Aloo Tikki Burger,Burgers,Burgers,Food,1 Serving / Portion,1,portion,"Spiced potato and vegetable patty stacked with creamy mayonnaise, fresh tomatoes and onions in a soft bun. (Special Aloo Tikki Burger preparation #2)",,Standard Serving,60,,60,,Royal Biryani & Caterers,,,bc_food_166,99,AVAILABLE,AVAILABLE,NO,VEG,Royal Biryani & Caterers,Royal Biryani & Caterers,/images/food/bc_food_166.webp?v=20260810_razor_sharp_hd_v11,SOURCE_CATALOG,REVIEW_REQUIRED,,Bhusawal Connect Food & Restaurant Catalog,"vegetarian,burger,veg,tikki,aloo,burgers,aloo tikki burger",VERIFIED,VERIFIED,VERIFIED,UNIQUE,NO,NO,NO,2026-09-11,Preserved from existing verified Bhusawal Connect Food catalog (225 items).
BC-FOOD-000067,Royal Biryani & Caterers,Classic Chicken Burger,Classic Chicken Burger,Burgers,Burgers,Food,1 Serving / Portion,1,portion,"Seasoned chicken patty grilled or fried to perfection, served with lettuce, mayo and pickles in a warm burger bun.",,Standard Serving,130,,130,,Royal Biryani & Caterers,,,bc_food_167,99,AVAILABLE,AVAILABLE,NO,VEG,Royal Biryani & Caterers,Royal Biryani & Caterers,/images/food/bc_food_167.webp?v=20260810_razor_sharp_hd_v11,SOURCE_CATALOG,REVIEW_REQUIRED,,Bhusawal Connect Food & Restaurant Catalog,"classic,classic chicken burger,vegetarian,chicken,burger,veg,burgers",VERIFIED,VERIFIED,VERIFIED,UNIQUE,NO,NO,NO,2026-09-11,Preserved from existing verified Bhusawal Connect Food catalog (225 items).
BC-FOOD-000068,Royal Biryani & Caterers,Crispy Chicken Burger,Crispy Chicken Burger,Burgers,Burgers,Food,1 Serving / Portion,1,portion,"Seasoned chicken patty grilled or fried to perfection, served with lettuce, mayo and pickles in a warm burger bun. (Special Crispy Chicken Burger preparation #2)",,Standard Serving,150,,150,,Royal Biryani & Caterers,,,bc_food_168,99,AVAILABLE,AVAILABLE,NO,NON_VEG,Royal Biryani & Caterers,Royal Biryani & Caterers,/images/food/bc_food_168.webp?v=20260810_razor_sharp_hd_v11,SOURCE_CATALOG,REVIEW_REQUIRED,,Bhusawal Connect Food & Restaurant Catalog,"crispy,nonveg,chicken,burger,non-veg,crispy chicken burger,burgers",VERIFIED,VERIFIED,VERIFIED,UNIQUE,NO,NO,NO,2026-09-11,Preserved from existing verified Bhusawal Connect Food catalog (225 items).
BC-FOOD-000069,Royal Biryani & Caterers,Chicken Cheese Zinger Burger,Chicken Cheese Zinger Burger,Burgers,Burgers,Food,1 Serving / Portion,1,portion,"Seasoned chicken patty grilled or fried to perfection, served with lettuce, mayo and pickles in a warm burger bun. (Special Chicken Cheese Zinger Burger preparation #2)",,Standard Serving,170,,170,,Royal Biryani & Caterers,,,bc_food_169,99,AVAILABLE,AVAILABLE,NO,NON_VEG,Royal Biryani & Caterers,Royal Biryani & Caterers,/images/food/bc_food_169.webp?v=20260810_razor_sharp_hd_v11,SOURCE_CATALOG,REVIEW_REQUIRED,,Bhusawal Connect Food & Restaurant Catalog,"nonveg,chicken,burger,zinger,non-veg,cheese,burgers,chicken cheese zinger burger",VERIFIED,VERIFIED,VERIFIED,UNIQUE,NO,NO,NO,2026-09-11,Preserved from existing verified Bhusawal Connect Food catalog (225 items).
BC-FOOD-000070,Royal Biryani & Caterers,Double Patty Chicken Maharaja,Double Patty Chicken Maharaja,Burgers,Burgers,Food,1 Serving / Portion,1,portion,"Seasoned chicken patty grilled or fried to perfection, served with lettuce, mayo and pickles in a warm burger bun. (Special Double Patty Chicken Maharaja preparation #2)",,Standard Serving,220,,220,,Royal Biryani & Caterers,,,bc_food_170,99,AVAILABLE,AVAILABLE,NO,NON_VEG,Royal Biryani & Caterers,Royal Biryani & Caterers,/images/food/bc_food_170.webp?v=20260810_razor_sharp_hd_v11,SOURCE_CATALOG,REVIEW_REQUIRED,,Bhusawal Connect Food & Restaurant Catalog,"nonveg,double patty chicken maharaja,chicken,non-veg,maharaja,patty,burgers,double",VERIFIED,VERIFIED,VERIFIED,UNIQUE,NO,NO,NO,2026-09-11,Preserved from existing verified Bhusawal Connect Food catalog (225 items).
BC-FOOD-000071,Royal Biryani & Caterers,BBQ Chicken Burger,BBQ Chicken Burger,Burgers,Burgers,Food,1 Serving / Portion,1,portion,"Seasoned chicken patty grilled or fried to perfection, served with lettuce, mayo and pickles in a warm burger bun. (Special BBQ Chicken Burger preparation #2)",,Standard Serving,160,,160,,Royal Biryani & Caterers,,,bc_food_171,99,AVAILABLE,AVAILABLE,NO,NON_VEG,Royal Biryani & Caterers,Royal Biryani & Caterers,/images/food/bc_food_171.webp?v=20260810_razor_sharp_hd_v11,SOURCE_CATALOG,REVIEW_REQUIRED,,Bhusawal Connect Food & Restaurant Catalog,"bbq,nonveg,chicken,burger,non-veg,bbq chicken burger,burgers",VERIFIED,VERIFIED,VERIFIED,UNIQUE,NO,NO,NO,2026-09-11,Preserved from existing verified Bhusawal Connect Food catalog (225 items).
BC-FOOD-000072,Royal Biryani & Caterers,Chicken Tower Burger,Chicken Tower Burger,Burgers,Burgers,Food,1 Serving / Portion,1,portion,"Seasoned chicken patty grilled or fried to perfection, served with lettuce, mayo and pickles in a warm burger bun. (Special Chicken Tower Burger preparation #2)",,Standard Serving,240,,240,,Royal Biryani & Caterers,,,bc_food_172,99,AVAILABLE,AVAILABLE,NO,NON_VEG,Royal Biryani & Caterers,Royal Biryani & Caterers,/images/food/bc_food_172.webp?v=20260810_razor_sharp_hd_v11,SOURCE_CATALOG,REVIEW_REQUIRED,,Bhusawal Connect Food & Restaurant Catalog,"nonveg,tower,chicken,burger,non-veg,chicken tower burger,burgers",VERIFIED,VERIFIED,VERIFIED,UNIQUE,NO,NO,NO,2026-09-11,Preserved from existing verified Bhusawal Connect Food catalog (225 items).
BC-FOOD-000073,Royal Biryani & Caterers,Veg Sandwich,Veg Sandwich,Sandwiches,Sandwiches,Food,1 Serving / Portion,1,portion,Traditional vegetarian Veg Sandwich prepared in classic style with authentic spices and fresh ingredients for a hearty meal.,,Standard Serving,60,,60,,Royal Biryani & Caterers,,,bc_food_173,99,AVAILABLE,AVAILABLE,NO,VEG,Royal Biryani & Caterers,Royal Biryani & Caterers,/images/food/bc_food_173.webp?v=20260810_razor_sharp_hd_v11,SOURCE_CATALOG,REVIEW_REQUIRED,,Bhusawal Connect Food & Restaurant Catalog,"sandwiches,sandwich,vegetarian,veg,veg sandwich",VERIFIED,VERIFIED,VERIFIED,UNIQUE,NO,NO,NO,2026-09-11,Preserved from existing verified Bhusawal Connect Food catalog (225 items).
BC-FOOD-000074,Royal Biryani & Caterers,Veg Cheese Sandwich,Veg Cheese Sandwich,Sandwiches,Sandwiches,Food,1 Serving / Portion,1,portion,"Double-decked bread loaded with grated cheddar & mozzarella cheese, seasoned with herbs and chili flakes.",,Standard Serving,80,,80,,Royal Biryani & Caterers,,,bc_food_174,99,AVAILABLE,AVAILABLE,NO,VEG,Royal Biryani & Caterers,Royal Biryani & Caterers,/images/food/bc_food_174.webp?v=20260810_razor_sharp_hd_v11,SOURCE_CATALOG,REVIEW_REQUIRED,,Bhusawal Connect Food & Restaurant Catalog,"sandwiches,sandwich,veg cheese sandwich,vegetarian,veg,cheese",VERIFIED,VERIFIED,VERIFIED,UNIQUE,NO,NO,NO,2026-09-11,Preserved from existing verified Bhusawal Connect Food catalog (225 items).
BC-FOOD-000075,Royal Biryani & Caterers,Veg Grilled Sandwich,Veg Grilled Sandwich,Sandwiches,Sandwiches,Food,1 Serving / Portion,1,portion,"Butter-toasted bread stuffed with spiced vegetable filling, melted cheese and green chutney, grilled until crispy.",,Standard Serving,90,,90,,Royal Biryani & Caterers,,,bc_food_175,99,AVAILABLE,AVAILABLE,NO,VEG,Royal Biryani & Caterers,Royal Biryani & Caterers,/images/food/bc_food_175.webp?v=20260810_razor_sharp_hd_v11,SOURCE_CATALOG,REVIEW_REQUIRED,,Bhusawal Connect Food & Restaurant Catalog,"sandwiches,sandwich,vegetarian,veg,veg grilled sandwich,grilled",VERIFIED,VERIFIED,VERIFIED,UNIQUE,NO,NO,NO,2026-09-11,Preserved from existing verified Bhusawal Connect Food catalog (225 items).
BC-FOOD-000076,Royal Biryani & Caterers,Cheese Chutney Grill,Cheese Chutney Grill,Sandwiches,Sandwiches,Food,1 Serving / Portion,1,portion,"Double-decked bread loaded with grated cheddar & mozzarella cheese, seasoned with herbs and chili flakes. (Special Cheese Chutney Grill preparation #2)",,Standard Serving,100,,100,,Royal Biryani & Caterers,,,bc_food_176,99,AVAILABLE,AVAILABLE,NO,VEG,Royal Biryani & Caterers,Royal Biryani & Caterers,/images/food/bc_food_176.webp?v=20260810_razor_sharp_hd_v11,SOURCE_CATALOG,REVIEW_REQUIRED,,Bhusawal Connect Food & Restaurant Catalog,"sandwiches,cheese chutney grill,vegetarian,chutney,veg,cheese,grill",VERIFIED,VERIFIED,VERIFIED,UNIQUE,NO,NO,NO,2026-09-11,Preserved from existing verified Bhusawal Connect Food catalog (225 items).
BC-FOOD-000077,Royal Biryani & Caterers,Paneer Tikka Grill Sandwich,Paneer Tikka Grill Sandwich,Sandwiches,Sandwiches,Food,1 Serving / Portion,1,portion,Marinated cottage cheese slices and crunchy bell peppers layered between toasted bread slices.,,Standard Serving,120,,120,,Royal Biryani & Caterers,,,bc_food_177,99,AVAILABLE,AVAILABLE,NO,VEG,Royal Biryani & Caterers,Royal Biryani & Caterers,/images/food/bc_food_177.webp?v=20260810_razor_sharp_hd_v11,SOURCE_CATALOG,REVIEW_REQUIRED,,Bhusawal Connect Food & Restaurant Catalog,"paneer tikka grill sandwich,sandwiches,tikka,sandwich,vegetarian,veg,grill,paneer",VERIFIED,VERIFIED,VERIFIED,UNIQUE,NO,NO,NO,2026-09-11,Preserved from existing verified Bhusawal Connect Food catalog (225 items).
BC-FOOD-000078,Royal Biryani & Caterers,Bombay Club Sandwich,Bombay Club Sandwich,Sandwiches,Sandwiches,Food,1 Serving / Portion,1,portion,"Multi-layered sandwich packed with fresh veggies, cheese slice, mayonnaise and house seasoning.",,Standard Serving,150,,150,,Royal Biryani & Caterers,,,bc_food_178,99,AVAILABLE,AVAILABLE,NO,VEG,Royal Biryani & Caterers,Royal Biryani & Caterers,/images/food/bc_food_178.webp?v=20260810_razor_sharp_hd_v11,SOURCE_CATALOG,REVIEW_REQUIRED,,Bhusawal Connect Food & Restaurant Catalog,"sandwiches,sandwich,bombay club sandwich,vegetarian,veg,club,bombay",VERIFIED,VERIFIED,VERIFIED,UNIQUE,NO,NO,NO,2026-09-11,Preserved from existing verified Bhusawal Connect Food catalog (225 items).
BC-FOOD-000079,Royal Biryani & Caterers,Corn Cheese Grill Sandwich,Corn Cheese Grill Sandwich,Sandwiches,Sandwiches,Food,1 Serving / Portion,1,portion,"Double-decked bread loaded with grated cheddar & mozzarella cheese, seasoned with herbs and chili flakes. (Special Corn Cheese Grill Sandwich preparation #2)",,Standard Serving,110,,110,,Royal Biryani & Caterers,,,bc_food_179,99,AVAILABLE,AVAILABLE,NO,VEG,Royal Biryani & Caterers,Royal Biryani & Caterers,/images/food/bc_food_179.webp?v=20260810_razor_sharp_hd_v11,SOURCE_CATALOG,REVIEW_REQUIRED,,Bhusawal Connect Food & Restaurant Catalog,"corn cheese grill sandwich,sandwiches,corn,sandwich,vegetarian,veg,cheese,grill",VERIFIED,VERIFIED,VERIFIED,UNIQUE,NO,NO,NO,2026-09-11,Preserved from existing verified Bhusawal Connect Food catalog (225 items).
BC-FOOD-000080,Royal Biryani & Caterers,Schezwan Veg Grill,Schezwan Veg Grill,Sandwiches,Sandwiches,Food,1 Serving / Portion,1,portion,Traditional vegetarian Schezwan Veg Grill prepared in classic style with authentic spices and fresh ingredients for a hearty meal.,,Standard Serving,100,,100,,Royal Biryani & Caterers,,,bc_food_180,99,AVAILABLE,AVAILABLE,NO,VEG,Royal Biryani & Caterers,Royal Biryani & Caterers,/images/food/bc_food_180.webp?v=20260810_razor_sharp_hd_v11,SOURCE_CATALOG,REVIEW_REQUIRED,,Bhusawal Connect Food & Restaurant Catalog,"sandwiches,grill,vegetarian,schezwan veg grill,veg,schezwan",VERIFIED,VERIFIED,VERIFIED,UNIQUE,NO,NO,NO,2026-09-11,Preserved from existing verified Bhusawal Connect Food catalog (225 items).
BC-FOOD-000081,Royal Biryani & Caterers,Chicken Grilled Sandwich,Chicken Grilled Sandwich,Sandwiches,Sandwiches,Food,1 Serving / Portion,1,portion,"Butter-toasted bread stuffed with spiced vegetable filling, melted cheese and green chutney, grilled until crispy. (Special Chicken Grilled Sandwich preparation #2)",,Standard Serving,140,,140,,Royal Biryani & Caterers,,,bc_food_181,99,AVAILABLE,AVAILABLE,NO,NON_VEG,Royal Biryani & Caterers,Royal Biryani & Caterers,/images/food/bc_food_181.webp?v=20260810_razor_sharp_hd_v11,SOURCE_CATALOG,REVIEW_REQUIRED,,Bhusawal Connect Food & Restaurant Catalog,"sandwiches,nonveg,sandwich,chicken,non-veg,chicken grilled sandwich,grilled",VERIFIED,VERIFIED,VERIFIED,UNIQUE,NO,NO,NO,2026-09-11,Preserved from existing verified Bhusawal Connect Food catalog (225 items).
BC-FOOD-000082,Royal Biryani & Caterers,Chicken Cheese Club Sandwich,Chicken Cheese Club Sandwich,Sandwiches,Sandwiches,Food,1 Serving / Portion,1,portion,"Multi-layered sandwich packed with fresh veggies, cheese slice, mayonnaise and house seasoning. (Special Chicken Cheese Club Sandwich preparation #2)",,Standard Serving,170,,170,,Royal Biryani & Caterers,,,bc_food_182,99,AVAILABLE,AVAILABLE,NO,NON_VEG,Royal Biryani & Caterers,Royal Biryani & Caterers,/images/food/bc_food_182.webp?v=20260810_razor_sharp_hd_v11,SOURCE_CATALOG,REVIEW_REQUIRED,,Bhusawal Connect Food & Restaurant Catalog,"sandwiches,nonveg,sandwich,chicken cheese club sandwich,chicken,non-veg,cheese,club",VERIFIED,VERIFIED,VERIFIED,UNIQUE,NO,NO,NO,2026-09-11,Preserved from existing verified Bhusawal Connect Food catalog (225 items).
BC-FOOD-000083,Royal Biryani & Caterers,Chicken Tikka Sandwich,Chicken Tikka Sandwich,Sandwiches,Sandwiches,Food,1 Serving / Portion,1,portion,Traditional flavorful Chicken Tikka Sandwich prepared in classic style with authentic spices and fresh ingredients for a hearty meal.,,Standard Serving,160,,160,,Royal Biryani & Caterers,,,bc_food_183,99,AVAILABLE,AVAILABLE,NO,NON_VEG,Royal Biryani & Caterers,Royal Biryani & Caterers,/images/food/bc_food_183.webp?v=20260810_razor_sharp_hd_v11,SOURCE_CATALOG,REVIEW_REQUIRED,,Bhusawal Connect Food & Restaurant Catalog,"sandwiches,tikka,nonveg,sandwich,chicken,non-veg,chicken tikka sandwich",VERIFIED,VERIFIED,VERIFIED,UNIQUE,NO,NO,NO,2026-09-11,Preserved from existing verified Bhusawal Connect Food catalog (225 items).
BC-FOOD-000084,Royal Biryani & Caterers,Egg Mayo Toast Sandwich,Egg Mayo Toast Sandwich,Sandwiches,Sandwiches,Food,1 Serving / Portion,1,portion,Traditional flavorful Egg Mayo Toast Sandwich prepared in classic style with authentic spices and fresh ingredients for a hearty meal.,,Standard Serving,90,,90,,Royal Biryani & Caterers,,,bc_food_184,99,AVAILABLE,AVAILABLE,NO,NON_VEG,Royal Biryani & Caterers,Royal Biryani & Caterers,/images/food/bc_food_184.webp?v=20260810_razor_sharp_hd_v11,SOURCE_CATALOG,REVIEW_REQUIRED,,Bhusawal Connect Food & Restaurant Catalog,"sandwiches,mayo,toast,sandwich,nonveg,egg mayo toast sandwich,non-veg,egg",VERIFIED,VERIFIED,VERIFIED,UNIQUE,NO,NO,NO,2026-09-11,Preserved from existing verified Bhusawal Connect Food catalog (225 items).
BC-FOOD-000085,Royal Biryani & Caterers,Classic Veg Roll,Classic Veg Roll,Rolls,Rolls,Food,1 Serving / Portion,1,portion,Crispy vegetable and potato stuffing wrapped in a warm flaky paratha with tangy chutneys.,,Standard Serving,70,,70,,Royal Biryani & Caterers,,,bc_food_185,99,AVAILABLE,AVAILABLE,NO,VEG,Royal Biryani & Caterers,Royal Biryani & Caterers,/images/food/bc_food_185.webp?v=20260810_razor_sharp_hd_v11,SOURCE_CATALOG,REVIEW_REQUIRED,,Bhusawal Connect Food & Restaurant Catalog,"classic veg roll,classic,rolls,vegetarian,roll,veg",VERIFIED,VERIFIED,VERIFIED,UNIQUE,NO,NO,NO,2026-09-11,Preserved from existing verified Bhusawal Connect Food catalog (225 items).
BC-FOOD-000086,Royal Biryani & Caterers,Paneer Kathi Roll,Paneer Kathi Roll,Rolls,Rolls,Food,1 Serving / Portion,1,portion,"Soft paratha wrap rolled around tandoori paneer tikka, sliced onions, capsicum and tangy mint sauce.",,Standard Serving,110,,110,,Royal Biryani & Caterers,,,bc_food_186,99,AVAILABLE,AVAILABLE,NO,VEG,Royal Biryani & Caterers,Royal Biryani & Caterers,/images/food/bc_food_186.webp?v=20260810_razor_sharp_hd_v11,SOURCE_CATALOG,REVIEW_REQUIRED,,Bhusawal Connect Food & Restaurant Catalog,"rolls,vegetarian,roll,veg,kathi,paneer kathi roll,paneer",VERIFIED,VERIFIED,VERIFIED,UNIQUE,NO,NO,NO,2026-09-11,Preserved from existing verified Bhusawal Connect Food catalog (225 items).
BC-FOOD-000087,Royal Biryani & Caterers,Cheese Corn Roll,Cheese Corn Roll,Rolls,Rolls,Food,1 Serving / Portion,1,portion,Traditional vegetarian Cheese Corn Roll prepared in classic style with authentic spices and fresh ingredients for a hearty meal.,,Standard Serving,100,,100,,Royal Biryani & Caterers,,,bc_food_187,99,AVAILABLE,AVAILABLE,NO,VEG,Royal Biryani & Caterers,Royal Biryani & Caterers,/images/food/bc_food_187.webp?v=20260810_razor_sharp_hd_v11,SOURCE_CATALOG,REVIEW_REQUIRED,,Bhusawal Connect Food & Restaurant Catalog,"corn,rolls,cheese corn roll,vegetarian,roll,veg,cheese",VERIFIED,VERIFIED,VERIFIED,UNIQUE,NO,NO,NO,2026-09-11,Preserved from existing verified Bhusawal Connect Food catalog (225 items).
BC-FOOD-000088,Royal Biryani & Caterers,Schezwan Paneer Wrap,Schezwan Paneer Wrap,Rolls,Rolls,Food,1 Serving / Portion,1,portion,"Soft paratha wrap rolled around tandoori paneer tikka, sliced onions, capsicum and tangy mint sauce. (Special Schezwan Paneer Wrap preparation #2)",,Standard Serving,120,,120,,Royal Biryani & Caterers,,,bc_food_188,99,AVAILABLE,AVAILABLE,NO,VEG,Royal Biryani & Caterers,Royal Biryani & Caterers,/images/food/bc_food_188.webp?v=20260810_razor_sharp_hd_v11,SOURCE_CATALOG,REVIEW_REQUIRED,,Bhusawal Connect Food & Restaurant Catalog,"rolls,schezwan paneer wrap,vegetarian,wrap,veg,schezwan,paneer",VERIFIED,VERIFIED,VERIFIED,UNIQUE,NO,NO,NO,2026-09-11,Preserved from existing verified Bhusawal Connect Food catalog (225 items).
BC-FOOD-000089,Royal Biryani & Caterers,Egg Kathi Roll,Egg Kathi Roll,Rolls,Rolls,Food,1 Serving / Portion,1,portion,"Egg-coated paratha wrap rolled with sautéed onions, green chillies and spiced filling.",,Standard Serving,80,,80,,Royal Biryani & Caterers,,,bc_food_189,99,AVAILABLE,AVAILABLE,NO,NON_VEG,Royal Biryani & Caterers,Royal Biryani & Caterers,/images/food/bc_food_189.webp?v=20260810_razor_sharp_hd_v11,SOURCE_CATALOG,REVIEW_REQUIRED,,Bhusawal Connect Food & Restaurant Catalog,"nonveg,rolls,egg kathi roll,roll,non-veg,egg,kathi",VERIFIED,VERIFIED,VERIFIED,UNIQUE,NO,NO,NO,2026-09-11,Preserved from existing verified Bhusawal Connect Food catalog (225 items).
BC-FOOD-000090,Royal Biryani & Caterers,Double Egg Roll,Double Egg Roll,Rolls,Rolls,Food,1 Serving / Portion,1,portion,"Egg-coated paratha wrap rolled with sautéed onions, green chillies and spiced filling. (Special Double Egg Roll preparation #2)",,Standard Serving,100,,100,,Royal Biryani & Caterers,,,bc_food_190,99,AVAILABLE,AVAILABLE,NO,NON_VEG,Royal Biryani & Caterers,Royal Biryani & Caterers,/images/food/bc_food_190.webp?v=20260810_razor_sharp_hd_v11,SOURCE_CATALOG,REVIEW_REQUIRED,,Bhusawal Connect Food & Restaurant Catalog,"nonveg,double egg roll,rolls,roll,non-veg,egg,double",VERIFIED,VERIFIED,VERIFIED,UNIQUE,NO,NO,NO,2026-09-11,Preserved from existing verified Bhusawal Connect Food catalog (225 items).
BC-FOOD-000091,Royal Biryani & Caterers,Chicken Kathi Roll,Chicken Kathi Roll,Rolls,Rolls,Food,1 Serving / Portion,1,portion,"Flaky paratha filled with juicy grilled chicken tikka strips, spiced onions and mint chutney.",,Standard Serving,130,,130,,Royal Biryani & Caterers,,,bc_food_191,99,AVAILABLE,AVAILABLE,NO,NON_VEG,Royal Biryani & Caterers,Royal Biryani & Caterers,/images/food/bc_food_191.webp?v=20260810_razor_sharp_hd_v11,SOURCE_CATALOG,REVIEW_REQUIRED,,Bhusawal Connect Food & Restaurant Catalog,"nonveg,chicken kathi roll,rolls,roll,chicken,non-veg,kathi",VERIFIED,VERIFIED,VERIFIED,UNIQUE,NO,NO,NO,2026-09-11,Preserved from existing verified Bhusawal Connect Food catalog (225 items).
BC-FOOD-000092,Royal Biryani & Caterers,Chicken Schezwan Roll,Chicken Schezwan Roll,Rolls,Rolls,Food,1 Serving / Portion,1,portion,"Flaky paratha filled with juicy grilled chicken tikka strips, spiced onions and mint chutney. (Special Chicken Schezwan Roll preparation #2)",,Standard Serving,140,,140,,Royal Biryani & Caterers,,,bc_food_192,99,AVAILABLE,AVAILABLE,NO,NON_VEG,Royal Biryani & Caterers,Royal Biryani & Caterers,/images/food/bc_food_192.webp?v=20260810_razor_sharp_hd_v11,SOURCE_CATALOG,REVIEW_REQUIRED,,Bhusawal Connect Food & Restaurant Catalog,"chicken schezwan roll,nonveg,rolls,roll,chicken,non-veg,schezwan",VERIFIED,VERIFIED,VERIFIED,UNIQUE,NO,NO,NO,2026-09-11,Preserved from existing verified Bhusawal Connect Food catalog (225 items).
BC-FOOD-000093,Royal Biryani & Caterers,Chicken Malai Seekh Roll,Chicken Malai Seekh Roll,Rolls,Rolls,Food,1 Serving / Portion,1,portion,"Flaky paratha filled with juicy grilled chicken tikka strips, spiced onions and mint chutney. (Special Chicken Malai Seekh Roll preparation #2)",,Standard Serving,160,,160,,Royal Biryani & Caterers,,,bc_food_193,99,AVAILABLE,AVAILABLE,NO,NON_VEG,Royal Biryani & Caterers,Royal Biryani & Caterers,/images/food/bc_food_193.webp?v=20260810_razor_sharp_hd_v11,SOURCE_CATALOG,REVIEW_REQUIRED,,Bhusawal Connect Food & Restaurant Catalog,"malai,seekh,nonveg,rolls,roll,chicken,non-veg,chicken malai seekh roll",VERIFIED,VERIFIED,VERIFIED,UNIQUE,NO,NO,NO,2026-09-11,Preserved from existing verified Bhusawal Connect Food catalog (225 items).
BC-FOOD-000094,Royal Biryani & Caterers,Mutton Seekh Roll,Mutton Seekh Roll,Rolls,Rolls,Food,1 Serving / Portion,1,portion,Traditional flavorful Mutton Seekh Roll prepared in classic style with authentic spices and fresh ingredients for a hearty meal.,,Standard Serving,180,,180,,Royal Biryani & Caterers,,,bc_food_194,99,AVAILABLE,AVAILABLE,NO,NON_VEG,Royal Biryani & Caterers,Royal Biryani & Caterers,/images/food/bc_food_194.webp?v=20260810_razor_sharp_hd_v11,SOURCE_CATALOG,REVIEW_REQUIRED,,Bhusawal Connect Food & Restaurant Catalog,"seekh,mutton seekh roll,nonveg,rolls,roll,non-veg,mutton",VERIFIED,VERIFIED,VERIFIED,UNIQUE,NO,NO,NO,2026-09-11,Preserved from existing verified Bhusawal Connect Food catalog (225 items).
BC-FOOD-000095,Royal Biryani & Caterers,Veg Hakka Noodles,Veg Hakka Noodles,Chinese,Chinese,Food,1 Serving / Portion,1,portion,"Stir-fried noodles tossed with shredded cabbage, carrots, bell peppers, soy sauce and Chinese spices.",,Standard Serving,120,,120,,Royal Biryani & Caterers,,,bc_food_195,99,AVAILABLE,AVAILABLE,NO,VEG,Royal Biryani & Caterers,Royal Biryani & Caterers,/images/food/bc_food_195.webp?v=20260810_razor_sharp_hd_v11,SOURCE_CATALOG,REVIEW_REQUIRED,,Bhusawal Connect Food & Restaurant Catalog,"hakka,veg hakka noodles,chinese,vegetarian,veg,noodles",VERIFIED,VERIFIED,VERIFIED,UNIQUE,NO,NO,NO,2026-09-11,Preserved from existing verified Bhusawal Connect Food catalog (225 items).
BC-FOOD-000096,Royal Biryani & Caterers,Veg Schezwan Noodles,Veg Schezwan Noodles,Chinese,Chinese,Food,1 Serving / Portion,1,portion,"Stir-fried noodles tossed with shredded cabbage, carrots, bell peppers, soy sauce and Chinese spices. (Special Veg Schezwan Noodles preparation #2)",,Standard Serving,140,,140,,Royal Biryani & Caterers,,,bc_food_196,99,AVAILABLE,AVAILABLE,NO,VEG,Royal Biryani & Caterers,Royal Biryani & Caterers,/images/food/bc_food_196.webp?v=20260810_razor_sharp_hd_v11,SOURCE_CATALOG,REVIEW_REQUIRED,,Bhusawal Connect Food & Restaurant Catalog,"veg schezwan noodles,chinese,vegetarian,veg,schezwan,noodles",VERIFIED,VERIFIED,VERIFIED,UNIQUE,NO,NO,NO,2026-09-11,Preserved from existing verified Bhusawal Connect Food catalog (225 items).
BC-FOOD-000097,Royal Biryani & Caterers,Veg Fried Rice,Veg Fried Rice,Chinese,Chinese,Food,1 Serving / Portion,1,portion,"Fluffy long-grain rice wok-tossed with finely diced vegetables, garlic and light soy seasoning.",,Standard Serving,120,,120,,Royal Biryani & Caterers,,,bc_food_197,99,AVAILABLE,AVAILABLE,NO,VEG,Royal Biryani & Caterers,Royal Biryani & Caterers,/images/food/bc_food_197.webp?v=20260810_razor_sharp_hd_v11,SOURCE_CATALOG,REVIEW_REQUIRED,,Bhusawal Connect Food & Restaurant Catalog,"veg fried rice,chinese,fried,vegetarian,veg,rice",VERIFIED,VERIFIED,VERIFIED,UNIQUE,NO,NO,NO,2026-09-11,Preserved from existing verified Bhusawal Connect Food catalog (225 items).
BC-FOOD-000098,Royal Biryani & Caterers,Veg Schezwan Fried Rice,Veg Schezwan Fried Rice,Chinese,Chinese,Food,1 Serving / Portion,1,portion,"Wok-tossed rice flavored with fiery Schezwan sauce, crunchy spring onions and mixed vegetables.",,Standard Serving,140,,140,,Royal Biryani & Caterers,,,bc_food_198,99,AVAILABLE,AVAILABLE,NO,VEG,Royal Biryani & Caterers,Royal Biryani & Caterers,/images/food/bc_food_198.webp?v=20260810_razor_sharp_hd_v11,SOURCE_CATALOG,REVIEW_REQUIRED,,Bhusawal Connect Food & Restaurant Catalog,"rice,chinese,fried,vegetarian,veg,schezwan,veg schezwan fried rice",VERIFIED,VERIFIED,VERIFIED,UNIQUE,NO,NO,NO,2026-09-11,Preserved from existing verified Bhusawal Connect Food catalog (225 items).
BC-FOOD-000099,Royal Biryani & Caterers,Triple Schezwan Veg Rice,Triple Schezwan Veg Rice,Chinese,Chinese,Food,1 Serving / Portion,1,portion,"Wok-tossed rice flavored with fiery Schezwan sauce, crunchy spring onions and mixed vegetables. (Special Triple Schezwan Veg Rice preparation #2)",,Standard Serving,220,,220,,Royal Biryani & Caterers,,,bc_food_199,99,AVAILABLE,AVAILABLE,NO,VEG,Royal Biryani & Caterers,Royal Biryani & Caterers,/images/food/bc_food_199.webp?v=20260810_razor_sharp_hd_v11,SOURCE_CATALOG,REVIEW_REQUIRED,,Bhusawal Connect Food & Restaurant Catalog,"triple,triple schezwan veg rice,chinese,vegetarian,veg,schezwan,rice",VERIFIED,VERIFIED,VERIFIED,UNIQUE,NO,NO,NO,2026-09-11,Preserved from existing verified Bhusawal Connect Food catalog (225 items).
BC-FOOD-000100,Royal Biryani & Caterers,Veg Manchurian Dry (8 pcs),Veg Manchurian Dry 8 pcs,Chinese,Chinese,Food,1 Serving / Portion,1,portion,"Crispy vegetable balls tossed in a savory, garlic-infused soy and chili Manchurian sauce.",,Standard Serving,150,,150,,Royal Biryani & Caterers,,,bc_food_200,99,AVAILABLE,AVAILABLE,NO,VEG,Royal Biryani & Caterers,Royal Biryani & Caterers,/images/food/bc_food_200.webp?v=20260810_razor_sharp_hd_v11,SOURCE_CATALOG,REVIEW_REQUIRED,,Bhusawal Connect Food & Restaurant Catalog,"chinese,vegetarian,veg manchurian dry (8 pcs),veg,pcs),dry,manchurian",VERIFIED,VERIFIED,VERIFIED,UNIQUE,NO,NO,NO,2026-09-11,Preserved from existing verified Bhusawal Connect Food catalog (225 items).
BC-FOOD-000101,Royal Biryani & Caterers,Veg Manchurian Gravy,Veg Manchurian Gravy,Chinese,Chinese,Food,1 Serving / Portion,1,portion,"Crispy vegetable balls tossed in a savory, garlic-infused soy and chili Manchurian sauce. (Special Veg Manchurian Gravy preparation #2)",,Standard Serving,160,,160,,Royal Biryani & Caterers,,,bc_food_201,99,AVAILABLE,AVAILABLE,NO,VEG,Royal Biryani & Caterers,Royal Biryani & Caterers,/images/food/bc_food_201.webp?v=20260810_razor_sharp_hd_v11,SOURCE_CATALOG,REVIEW_REQUIRED,,Bhusawal Connect Food & Restaurant Catalog,"chinese,gravy,vegetarian,veg,veg manchurian gravy,manchurian",VERIFIED,VERIFIED,VERIFIED,UNIQUE,NO,NO,NO,2026-09-11,Preserved from existing verified Bhusawal Connect Food catalog (225 items).
BC-FOOD-000102,Royal Biryani & Caterers,Paneer Chilli Dry,Paneer Chilli Dry,Chinese,Chinese,Food,1 Serving / Portion,1,portion,"Fried paneer cubes wok-tossed with capsicum, onions, green chillies and dark soy sauce.",,Standard Serving,220,,220,,Royal Biryani & Caterers,,,bc_food_202,99,AVAILABLE,AVAILABLE,NO,VEG,Royal Biryani & Caterers,Royal Biryani & Caterers,/images/food/bc_food_202.webp?v=20260810_razor_sharp_hd_v11,SOURCE_CATALOG,REVIEW_REQUIRED,,Bhusawal Connect Food & Restaurant Catalog,"chinese,vegetarian,veg,dry,paneer chilli dry,chilli,paneer",VERIFIED,VERIFIED,VERIFIED,UNIQUE,NO,NO,NO,2026-09-11,Preserved from existing verified Bhusawal Connect Food catalog (225 items).
BC-FOOD-000103,Royal Biryani & Caterers,Paneer Chilli Gravy,Paneer Chilli Gravy,Chinese,Chinese,Food,1 Serving / Portion,1,portion,"Fried paneer cubes wok-tossed with capsicum, onions, green chillies and dark soy sauce. (Special Paneer Chilli Gravy preparation #2)",,Standard Serving,230,,230,,Royal Biryani & Caterers,,,bc_food_203,99,AVAILABLE,AVAILABLE,NO,VEG,Royal Biryani & Caterers,Royal Biryani & Caterers,/images/food/bc_food_203.webp?v=20260810_razor_sharp_hd_v11,SOURCE_CATALOG,REVIEW_REQUIRED,,Bhusawal Connect Food & Restaurant Catalog,"paneer chilli gravy,gravy,chinese,vegetarian,veg,chilli,paneer",VERIFIED,VERIFIED,VERIFIED,UNIQUE,NO,NO,NO,2026-09-11,Preserved from existing verified Bhusawal Connect Food catalog (225 items).
BC-FOOD-000104,Royal Biryani & Caterers,Crispy Honey Chilli Potato,Crispy Honey Chilli Potato,Chinese,Chinese,Food,1 Serving / Portion,1,portion,Traditional vegetarian Crispy Honey Chilli Potato prepared in classic style with authentic spices and fresh ingredients for a hearty meal.,,Standard Serving,170,,170,,Royal Biryani & Caterers,,,bc_food_204,99,AVAILABLE,AVAILABLE,NO,VEG,Royal Biryani & Caterers,Royal Biryani & Caterers,/images/food/bc_food_204.webp?v=20260810_razor_sharp_hd_v11,SOURCE_CATALOG,REVIEW_REQUIRED,,Bhusawal Connect Food & Restaurant Catalog,"crispy,potato,chinese,crispy honey chilli potato,vegetarian,veg,chilli,honey",VERIFIED,VERIFIED,VERIFIED,UNIQUE,NO,NO,NO,2026-09-11,Preserved from existing verified Bhusawal Connect Food catalog (225 items).
BC-FOOD-000105,Royal Biryani & Caterers,Chicken Hakka Noodles,Chicken Hakka Noodles,Chinese,Chinese,Food,1 Serving / Portion,1,portion,"Stir-fried noodles tossed with shredded cabbage, carrots, bell peppers, soy sauce and Chinese spices. (Special Chicken Hakka Noodles preparation #2)",,Standard Serving,170,,170,,Royal Biryani & Caterers,,,bc_food_205,99,AVAILABLE,AVAILABLE,NO,NON_VEG,Royal Biryani & Caterers,Royal Biryani & Caterers,/images/food/bc_food_205.webp?v=20260810_razor_sharp_hd_v11,SOURCE_CATALOG,REVIEW_REQUIRED,,Bhusawal Connect Food & Restaurant Catalog,"hakka,nonveg,chinese,chicken,non-veg,chicken hakka noodles,noodles",VERIFIED,VERIFIED,VERIFIED,UNIQUE,NO,NO,NO,2026-09-11,Preserved from existing verified Bhusawal Connect Food catalog (225 items).
BC-FOOD-000106,Royal Biryani & Caterers,Chicken Schezwan Noodles,Chicken Schezwan Noodles,Chinese,Chinese,Food,1 Serving / Portion,1,portion,"Stir-fried noodles tossed with shredded cabbage, carrots, bell peppers, soy sauce and Chinese spices. (Special Chicken Schezwan Noodles preparation #2)",,Standard Serving,180,,180,,Royal Biryani & Caterers,,,bc_food_206,99,AVAILABLE,AVAILABLE,NO,NON_VEG,Royal Biryani & Caterers,Royal Biryani & Caterers,/images/food/bc_food_206.webp?v=20260810_razor_sharp_hd_v11,SOURCE_CATALOG,REVIEW_REQUIRED,,Bhusawal Connect Food & Restaurant Catalog,"nonveg,chinese,chicken,non-veg,chicken schezwan noodles,schezwan,noodles",VERIFIED,VERIFIED,VERIFIED,UNIQUE,NO,NO,NO,2026-09-11,Preserved from existing verified Bhusawal Connect Food catalog (225 items).
BC-FOOD-000107,Royal Biryani & Caterers,Chicken Fried Rice,Chicken Fried Rice,Chinese,Chinese,Food,1 Serving / Portion,1,portion,"Fluffy long-grain rice wok-tossed with finely diced vegetables, garlic and light soy seasoning. (Special Chicken Fried Rice preparation #2)",,Standard Serving,170,,170,,Royal Biryani & Caterers,,,bc_food_207,99,AVAILABLE,AVAILABLE,NO,NON_VEG,Royal Biryani & Caterers,Royal Biryani & Caterers,/images/food/bc_food_207.webp?v=20260810_razor_sharp_hd_v11,SOURCE_CATALOG,REVIEW_REQUIRED,,Bhusawal Connect Food & Restaurant Catalog,"nonveg,chinese,fried,chicken,non-veg,chicken fried rice,rice",VERIFIED,VERIFIED,VERIFIED,UNIQUE,NO,NO,NO,2026-09-11,Preserved from existing verified Bhusawal Connect Food catalog (225 items).
BC-FOOD-000108,Royal Biryani & Caterers,Chicken Schezwan Rice,Chicken Schezwan Rice,Chinese,Chinese,Food,1 Serving / Portion,1,portion,"Wok-tossed rice flavored with fiery Schezwan sauce, crunchy spring onions and mixed vegetables. (Special Chicken Schezwan Rice preparation #2)",,Standard Serving,190,,190,,Royal Biryani & Caterers,,,bc_food_208,99,AVAILABLE,AVAILABLE,NO,NON_VEG,Royal Biryani & Caterers,Royal Biryani & Caterers,/images/food/bc_food_208.webp?v=20260810_razor_sharp_hd_v11,SOURCE_CATALOG,REVIEW_REQUIRED,,Bhusawal Connect Food & Restaurant Catalog,"chicken schezwan rice,nonveg,chinese,chicken,non-veg,schezwan,rice",VERIFIED,VERIFIED,VERIFIED,UNIQUE,NO,NO,NO,2026-09-11,Preserved from existing verified Bhusawal Connect Food catalog (225 items).
BC-FOOD-000109,Royal Biryani & Caterers,Triple Schezwan Chicken Rice,Triple Schezwan Chicken Rice,Chinese,Chinese,Food,1 Serving / Portion,1,portion,"Wok-tossed rice flavored with fiery Schezwan sauce, crunchy spring onions and mixed vegetables. (Special Triple Schezwan Chicken Rice preparation #2)",,Standard Serving,260,,260,,Royal Biryani & Caterers,,,bc_food_209,99,AVAILABLE,AVAILABLE,NO,NON_VEG,Royal Biryani & Caterers,Royal Biryani & Caterers,/images/food/bc_food_209.webp?v=20260810_razor_sharp_hd_v11,SOURCE_CATALOG,REVIEW_REQUIRED,,Bhusawal Connect Food & Restaurant Catalog,"triple,nonveg,chinese,chicken,non-veg,triple schezwan chicken rice,schezwan,rice",VERIFIED,VERIFIED,VERIFIED,UNIQUE,NO,NO,NO,2026-09-11,Preserved from existing verified Bhusawal Connect Food catalog (225 items).
BC-FOOD-000110,Royal Biryani & Caterers,Chicken Manchurian Gravy,Chicken Manchurian Gravy,Chinese,Chinese,Food,1 Serving / Portion,1,portion,"Crispy vegetable balls tossed in a savory, garlic-infused soy and chili Manchurian sauce. (Special Chicken Manchurian Gravy preparation #2)",,Standard Serving,220,,220,,Royal Biryani & Caterers,,,bc_food_210,99,AVAILABLE,AVAILABLE,NO,NON_VEG,Royal Biryani & Caterers,Royal Biryani & Caterers,/images/food/bc_food_210.webp?v=20260810_razor_sharp_hd_v11,SOURCE_CATALOG,REVIEW_REQUIRED,,Bhusawal Connect Food & Restaurant Catalog,"nonveg,chicken manchurian gravy,chinese,gravy,chicken,non-veg,manchurian",VERIFIED,VERIFIED,VERIFIED,UNIQUE,NO,NO,NO,2026-09-11,Preserved from existing verified Bhusawal Connect Food catalog (225 items).
BC-FOOD-000111,Royal Biryani & Caterers,Chicken Chilli Dry,Chicken Chilli Dry,Chinese,Chinese,Food,1 Serving / Portion,1,portion,"Crispy chicken bites stir-fried with diced peppers, onions, garlic and spicy soy chili glaze.",,Standard Serving,250,,250,,Royal Biryani & Caterers,,,bc_food_211,99,AVAILABLE,AVAILABLE,NO,NON_VEG,Royal Biryani & Caterers,Royal Biryani & Caterers,/images/food/bc_food_211.webp?v=20260810_razor_sharp_hd_v11,SOURCE_CATALOG,REVIEW_REQUIRED,,Bhusawal Connect Food & Restaurant Catalog,"nonveg,chicken chilli dry,chinese,chicken,non-veg,dry,chilli",VERIFIED,VERIFIED,VERIFIED,UNIQUE,NO,NO,NO,2026-09-11,Preserved from existing verified Bhusawal Connect Food catalog (225 items).
BC-FOOD-000112,Royal Biryani & Caterers,Chicken Lollipop (6 pcs),Chicken Lollipop 6 pcs,Chinese,Chinese,Food,1 Serving / Portion,1,portion,"Frenched chicken winglets marinated, deep-fried crispy and served with fiery Schezwan dip.",,Standard Serving,260,,260,,Royal Biryani & Caterers,,,bc_food_212,99,AVAILABLE,AVAILABLE,NO,NON_VEG,Royal Biryani & Caterers,Royal Biryani & Caterers,/images/food/bc_food_212.webp?v=20260810_razor_sharp_hd_v11,SOURCE_CATALOG,REVIEW_REQUIRED,,Bhusawal Connect Food & Restaurant Catalog,"lollipop,nonveg,chinese,chicken,non-veg,pcs),chicken lollipop (6 pcs)",VERIFIED,VERIFIED,VERIFIED,UNIQUE,NO,NO,NO,2026-09-11,Preserved from existing verified Bhusawal Connect Food catalog (225 items).
BC-FOOD-000113,Royal Biryani & Caterers,Hyderabadi Veg Dum Biryani,Hyderabadi Veg Dum Biryani,Biryani,Biryani,Food,1 Serving / Portion,1,portion,"Fragrant Basmati rice layered with marinated paneer, garden vegetables, mint leaves and aromatic whole spices.",,Standard Serving,140,,140,,Royal Biryani & Caterers,,,bc_food_213,99,AVAILABLE,AVAILABLE,NO,VEG,Royal Biryani & Caterers,Royal Biryani & Caterers,/images/food/bc_food_213.webp?v=20260810_razor_sharp_hd_v11,SOURCE_CATALOG,REVIEW_REQUIRED,,Bhusawal Connect Food & Restaurant Catalog,"vegetarian,dum,veg,hyderabadi veg dum biryani,hyderabadi,biryani",VERIFIED,VERIFIED,VERIFIED,UNIQUE,NO,NO,NO,2026-09-11,Preserved from existing verified Bhusawal Connect Food catalog (225 items).
BC-FOOD-000114,Royal Biryani & Caterers,Paneer Tikka Biryani,Paneer Tikka Biryani,Biryani,Biryani,Food,1 Serving / Portion,1,portion,"Fragrant Basmati rice layered with marinated paneer, garden vegetables, mint leaves and aromatic whole spices. (Special Paneer Tikka Biryani preparation #2)",,Standard Serving,170,,170,,Royal Biryani & Caterers,,,bc_food_214,99,AVAILABLE,AVAILABLE,NO,VEG,Royal Biryani & Caterers,Royal Biryani & Caterers,/images/food/bc_food_214.webp?v=20260810_razor_sharp_hd_v11,SOURCE_CATALOG,REVIEW_REQUIRED,,Bhusawal Connect Food & Restaurant Catalog,"tikka,vegetarian,veg,paneer tikka biryani,biryani,paneer",VERIFIED,VERIFIED,VERIFIED,UNIQUE,NO,NO,NO,2026-09-11,Preserved from existing verified Bhusawal Connect Food catalog (225 items).
BC-FOOD-000115,Royal Biryani & Caterers,Mushroom Matka Biryani,Mushroom Matka Biryani,Biryani,Biryani,Food,1 Serving / Portion,1,portion,Traditional vegetarian Mushroom Matka Biryani prepared in classic style with authentic spices and fresh ingredients for a hearty meal.,,Standard Serving,190,,190,,Royal Biryani & Caterers,,,bc_food_215,99,AVAILABLE,AVAILABLE,NO,VEG,Royal Biryani & Caterers,Royal Biryani & Caterers,/images/food/bc_food_215.webp?v=20260810_razor_sharp_hd_v11,SOURCE_CATALOG,REVIEW_REQUIRED,,Bhusawal Connect Food & Restaurant Catalog,"vegetarian,veg,matka,mushroom,biryani,mushroom matka biryani",VERIFIED,VERIFIED,VERIFIED,UNIQUE,NO,NO,NO,2026-09-11,Preserved from existing verified Bhusawal Connect Food catalog (225 items).
BC-FOOD-000116,Royal Biryani & Caterers,Bhusawal Special Dum Biryani,Bhusawal Special Dum Biryani,Biryani,Biryani,Food,1 Serving / Portion,1,portion,Traditional vegetarian Bhusawal Special Dum Biryani prepared in classic style with authentic spices and fresh ingredients for a hearty meal.,,Standard Serving,160,,160,,Royal Biryani & Caterers,,,bc_food_216,99,AVAILABLE,AVAILABLE,NO,VEG,Royal Biryani & Caterers,Royal Biryani & Caterers,/images/food/bc_food_216.webp?v=20260810_razor_sharp_hd_v11,SOURCE_CATALOG,REVIEW_REQUIRED,,Bhusawal Connect Food & Restaurant Catalog,"bhusawal special dum biryani,special,vegetarian,dum,veg,bhusawal,biryani",VERIFIED,VERIFIED,VERIFIED,UNIQUE,NO,NO,NO,2026-09-11,Preserved from existing verified Bhusawal Connect Food catalog (225 items).
BC-FOOD-000117,Royal Biryani & Caterers,Egg Dum Biryani (2 Eggs),Egg Dum Biryani,Biryani,Biryani,Food,1 Serving / Portion,1,portion,"Boiled eggs sautéed in biryani masala gravy, layered with spiced Basmati rice and fried onions.",,Standard Serving,170,,170,,Royal Biryani & Caterers,,,bc_food_217,99,AVAILABLE,AVAILABLE,NO,NON_VEG,Royal Biryani & Caterers,Royal Biryani & Caterers,/images/food/bc_food_217.webp?v=20260810_razor_sharp_hd_v11,SOURCE_CATALOG,REVIEW_REQUIRED,,Bhusawal Connect Food & Restaurant Catalog,"egg dum biryani (2 eggs),nonveg,dum,non-veg,egg,biryani,eggs)",VERIFIED,VERIFIED,VERIFIED,UNIQUE,NO,NO,NO,2026-09-11,Preserved from existing verified Bhusawal Connect Food catalog (225 items).
BC-FOOD-000118,Royal Biryani & Caterers,Bhusawal Chicken Dum Biryani,Bhusawal Chicken Dum Biryani,Biryani,Biryani,Food,1 Serving / Portion,1,portion,"Aromatic Basmati rice dum-cooked with tender chicken pieces, saffron, whole spices and caramelized onions.",,Standard Serving,220,,220,,Royal Biryani & Caterers,,,bc_food_218,99,AVAILABLE,AVAILABLE,NO,NON_VEG,Royal Biryani & Caterers,Royal Biryani & Caterers,/images/food/bc_food_218.webp?v=20260810_razor_sharp_hd_v11,SOURCE_CATALOG,REVIEW_REQUIRED,,Bhusawal Connect Food & Restaurant Catalog,"nonveg,bhusawal chicken dum biryani,chicken,dum,non-veg,bhusawal,biryani",VERIFIED,VERIFIED,VERIFIED,UNIQUE,NO,NO,NO,2026-09-11,Preserved from existing verified Bhusawal Connect Food catalog (225 items).
BC-FOOD-000119,Royal Biryani & Caterers,Chicken Handi Biryani,Chicken Handi Biryani,Biryani,Biryani,Food,1 Serving / Portion,1,portion,"Aromatic Basmati rice dum-cooked with tender chicken pieces, saffron, whole spices and caramelized onions. (Special Chicken Handi Biryani preparation #2)",,Standard Serving,250,,250,,Royal Biryani & Caterers,,,bc_food_219,99,AVAILABLE,AVAILABLE,NO,NON_VEG,Royal Biryani & Caterers,Royal Biryani & Caterers,/images/food/bc_food_219.webp?v=20260810_razor_sharp_hd_v11,SOURCE_CATALOG,REVIEW_REQUIRED,,Bhusawal Connect Food & Restaurant Catalog,"handi,nonveg,chicken,non-veg,chicken handi biryani,biryani",VERIFIED,VERIFIED,VERIFIED,UNIQUE,NO,NO,NO,2026-09-11,Preserved from existing verified Bhusawal Connect Food catalog (225 items).
BC-FOOD-000120,Royal Biryani & Caterers,Hyderabadi Chicken Biryani,Hyderabadi Chicken Biryani,Biryani,Biryani,Food,1 Serving / Portion,1,portion,"Aromatic Basmati rice dum-cooked with tender chicken pieces, saffron, whole spices and caramelized onions. (Special Hyderabadi Chicken Biryani preparation #2)",,Standard Serving,240,,240,,Royal Biryani & Caterers,,,bc_food_220,99,AVAILABLE,AVAILABLE,NO,NON_VEG,Royal Biryani & Caterers,Royal Biryani & Caterers,/images/food/bc_food_220.webp?v=20260810_razor_sharp_hd_v11,SOURCE_CATALOG,REVIEW_REQUIRED,,Bhusawal Connect Food & Restaurant Catalog,"nonveg,chicken,hyderabadi chicken biryani,non-veg,hyderabadi,biryani",VERIFIED,VERIFIED,VERIFIED,UNIQUE,NO,NO,NO,2026-09-11,Preserved from existing verified Bhusawal Connect Food catalog (225 items).
BC-FOOD-000121,Royal Biryani & Caterers,Boneless Chicken Tikka Biryani,Boneless Chicken Tikka Biryani,Biryani,Biryani,Food,1 Serving / Portion,1,portion,"Aromatic Basmati rice dum-cooked with tender chicken pieces, saffron, whole spices and caramelized onions. (Special Boneless Chicken Tikka Biryani preparation #2)",,Standard Serving,270,,270,,Royal Biryani & Caterers,,,bc_food_221,99,AVAILABLE,AVAILABLE,NO,NON_VEG,Royal Biryani & Caterers,Royal Biryani & Caterers,/images/food/bc_food_221.webp?v=20260810_razor_sharp_hd_v11,SOURCE_CATALOG,REVIEW_REQUIRED,,Bhusawal Connect Food & Restaurant Catalog,"tikka,nonveg,chicken,boneless chicken tikka biryani,non-veg,boneless,biryani",VERIFIED,VERIFIED,VERIFIED,UNIQUE,NO,NO,NO,2026-09-11,Preserved from existing verified Bhusawal Connect Food catalog (225 items).
BC-FOOD-000122,Royal Biryani & Caterers,Bhusawal Mutton Dum Biryani,Bhusawal Mutton Dum Biryani,Biryani,Biryani,Food,1 Serving / Portion,1,portion,"Rich Khandeshi-style dum biryani prepared with succulent mutton chunks, aromatic rice and traditional spices.",,Standard Serving,320,,320,,Royal Biryani & Caterers,,,bc_food_222,99,AVAILABLE,AVAILABLE,NO,NON_VEG,Royal Biryani & Caterers,Royal Biryani & Caterers,/images/food/bc_food_222.webp?v=20260810_razor_sharp_hd_v11,SOURCE_CATALOG,REVIEW_REQUIRED,,Bhusawal Connect Food & Restaurant Catalog,"nonveg,bhusawal mutton dum biryani,dum,non-veg,mutton,bhusawal,biryani",VERIFIED,VERIFIED,VERIFIED,UNIQUE,NO,NO,NO,2026-09-11,Preserved from existing verified Bhusawal Connect Food catalog (225 items).
BC-FOOD-000123,Royal Biryani & Caterers,Mutton Handi Biryani,Mutton Handi Biryani,Biryani,Biryani,Food,1 Serving / Portion,1,portion,"Rich Khandeshi-style dum biryani prepared with succulent mutton chunks, aromatic rice and traditional spices. (Special Mutton Handi Biryani preparation #2)",,Standard Serving,350,,350,,Royal Biryani & Caterers,,,bc_food_223,99,AVAILABLE,AVAILABLE,NO,NON_VEG,Royal Biryani & Caterers,Royal Biryani & Caterers,/images/food/bc_food_223.webp?v=20260810_razor_sharp_hd_v11,SOURCE_CATALOG,REVIEW_REQUIRED,,Bhusawal Connect Food & Restaurant Catalog,"handi,nonveg,non-veg,mutton handi biryani,mutton,biryani",VERIFIED,VERIFIED,VERIFIED,UNIQUE,NO,NO,NO,2026-09-11,Preserved from existing verified Bhusawal Connect Food catalog (225 items).
BC-FOOD-000124,Royal Biryani & Caterers,Prawns Dum Biryani,Prawns Dum Biryani,Biryani,Biryani,Food,1 Serving / Portion,1,portion,Traditional flavorful Prawns Dum Biryani prepared in classic style with authentic spices and fresh ingredients for a hearty meal.,,Standard Serving,360,,360,,Royal Biryani & Caterers,,,bc_food_224,99,AVAILABLE,AVAILABLE,NO,NON_VEG,Royal Biryani & Caterers,Royal Biryani & Caterers,/images/food/bc_food_224.webp?v=20260810_razor_sharp_hd_v11,SOURCE_CATALOG,REVIEW_REQUIRED,,Bhusawal Connect Food & Restaurant Catalog,"nonveg,prawns dum biryani,prawns,dum,non-veg,egg,biryani",VERIFIED,VERIFIED,VERIFIED,UNIQUE,NO,NO,NO,2026-09-11,Preserved from existing verified Bhusawal Connect Food catalog (225 items).
BC-FOOD-000125,Royal Biryani & Caterers,Paneer Butter Masala,Paneer Butter Masala,Veg Main Course,Veg Main Course,Food,1 Serving / Portion,1,portion,"Soft paneer cubes simmered in a creamy, buttery tomato and cashew nut gravy, lightly spiced.",,Standard Serving,220,,220,,Royal Biryani & Caterers,,,bc_food_225,99,AVAILABLE,AVAILABLE,NO,VEG,Royal Biryani & Caterers,Royal Biryani & Caterers,/images/food/bc_food_225.webp?v=20260810_razor_sharp_hd_v11,SOURCE_CATALOG,REVIEW_REQUIRED,,Bhusawal Connect Food & Restaurant Catalog,"masala,paneer butter masala,vegetarian,veg main course,butter,veg,paneer",VERIFIED,VERIFIED,VERIFIED,UNIQUE,NO,NO,NO,2026-09-11,Preserved from existing verified Bhusawal Connect Food catalog (225 items).
BC-FOOD-000126,Royal Biryani & Caterers,Paneer Kadai,Paneer Kadai,Veg Main Course,Veg Main Course,Food,1 Serving / Portion,1,portion,Traditional vegetarian Paneer Kadai prepared in classic style with authentic spices and fresh ingredients for a hearty meal.,,Standard Serving,220,,220,,Royal Biryani & Caterers,,,bc_food_226,99,AVAILABLE,AVAILABLE,NO,VEG,Royal Biryani & Caterers,Royal Biryani & Caterers,/images/food/bc_food_226.webp?v=20260810_razor_sharp_hd_v11,SOURCE_CATALOG,REVIEW_REQUIRED,,Bhusawal Connect Food & Restaurant Catalog,"paneer kadai,vegetarian,veg main course,veg,kadai,paneer",VERIFIED,VERIFIED,VERIFIED,UNIQUE,NO,NO,NO,2026-09-11,Preserved from existing verified Bhusawal Connect Food catalog (225 items).
BC-FOOD-000127,Royal Biryani & Caterers,Paneer Tikka Masala,Paneer Tikka Masala,Veg Main Course,Veg Main Course,Food,1 Serving / Portion,1,portion,"Char-grilled tandoori paneer tikka cooked in a rich, flavorful onion-tomato gravy.",,Standard Serving,230,,230,,Royal Biryani & Caterers,,,bc_food_227,99,AVAILABLE,AVAILABLE,NO,VEG,Royal Biryani & Caterers,Royal Biryani & Caterers,/images/food/bc_food_227.webp?v=20260810_razor_sharp_hd_v11,SOURCE_CATALOG,REVIEW_REQUIRED,,Bhusawal Connect Food & Restaurant Catalog,"tikka,masala,paneer tikka masala,vegetarian,veg main course,veg,paneer",VERIFIED,VERIFIED,VERIFIED,UNIQUE,NO,NO,NO,2026-09-11,Preserved from existing verified Bhusawal Connect Food catalog (225 items).
BC-FOOD-000128,Royal Biryani & Caterers,Shahi Paneer,Shahi Paneer,Veg Main Course,Veg Main Course,Food,1 Serving / Portion,1,portion,Traditional vegetarian Shahi Paneer prepared in classic style with authentic spices and fresh ingredients for a hearty meal.,,Standard Serving,220,,220,,Royal Biryani & Caterers,,,bc_food_228,99,AVAILABLE,AVAILABLE,NO,VEG,Royal Biryani & Caterers,Royal Biryani & Caterers,/images/food/bc_food_228.webp?v=20260810_razor_sharp_hd_v11,SOURCE_CATALOG,REVIEW_REQUIRED,,Bhusawal Connect Food & Restaurant Catalog,"vegetarian,shahi paneer,veg main course,shahi,veg,paneer",VERIFIED,VERIFIED,VERIFIED,UNIQUE,NO,NO,NO,2026-09-11,Preserved from existing verified Bhusawal Connect Food catalog (225 items).
BC-FOOD-000129,Royal Biryani & Caterers,Palak Paneer,Palak Paneer,Veg Main Course,Veg Main Course,Food,1 Serving / Portion,1,portion,Traditional vegetarian Palak Paneer prepared in classic style with authentic spices and fresh ingredients for a hearty meal.,,Standard Serving,200,,200,,Royal Biryani & Caterers,,,bc_food_229,99,AVAILABLE,AVAILABLE,NO,VEG,Royal Biryani & Caterers,Royal Biryani & Caterers,/images/food/bc_food_229.webp?v=20260810_razor_sharp_hd_v11,SOURCE_CATALOG,REVIEW_REQUIRED,,Bhusawal Connect Food & Restaurant Catalog,"palak,vegetarian,veg main course,veg,palak paneer,paneer",VERIFIED,VERIFIED,VERIFIED,UNIQUE,NO,NO,NO,2026-09-11,Preserved from existing verified Bhusawal Connect Food catalog (225 items).
BC-FOOD-000130,Royal Biryani & Caterers,Matar Paneer,Matar Paneer,Veg Main Course,Veg Main Course,Food,1 Serving / Portion,1,portion,Traditional vegetarian Matar Paneer prepared in classic style with authentic spices and fresh ingredients for a hearty meal.,,Standard Serving,190,,190,,Royal Biryani & Caterers,,,bc_food_230,99,AVAILABLE,AVAILABLE,NO,VEG,Royal Biryani & Caterers,Royal Biryani & Caterers,/images/food/bc_food_230.webp?v=20260810_razor_sharp_hd_v11,SOURCE_CATALOG,REVIEW_REQUIRED,,Bhusawal Connect Food & Restaurant Catalog,"vegetarian,veg main course,matar,veg,matar paneer,paneer",VERIFIED,VERIFIED,VERIFIED,UNIQUE,NO,NO,NO,2026-09-11,Preserved from existing verified Bhusawal Connect Food catalog (225 items).
BC-FOOD-000131,Royal Biryani & Caterers,Bhusawal Special Sev Bhaji,Bhusawal Special Sev Bhaji,Veg Main Course,Veg Main Course,Food,1 Serving / Portion,1,portion,Authentic Khandeshi-style spicy curry cooked with black masala and topped with crispy thick ratlami sev.,,Standard Serving,140,,140,,Royal Biryani & Caterers,,,bc_food_231,99,AVAILABLE,AVAILABLE,NO,VEG,Royal Biryani & Caterers,Royal Biryani & Caterers,/images/food/bc_food_231.webp?v=20260810_razor_sharp_hd_v11,SOURCE_CATALOG,REVIEW_REQUIRED,,Bhusawal Connect Food & Restaurant Catalog,"sev,special,vegetarian,bhusawal special sev bhaji,veg main course,bhaji,veg,bhusawal",VERIFIED,VERIFIED,VERIFIED,UNIQUE,NO,NO,NO,2026-09-11,Preserved from existing verified Bhusawal Connect Food catalog (225 items).
BC-FOOD-000132,Royal Biryani & Caterers,Mix Veg Kolhapuri,Mix Veg Kolhapuri,Veg Main Course,Veg Main Course,Food,1 Serving / Portion,1,portion,Assorted seasonal vegetables cooked in a fragrant onion-tomato gravy with aromatic spices.,,Standard Serving,180,,180,,Royal Biryani & Caterers,,,bc_food_232,99,AVAILABLE,AVAILABLE,NO,VEG,Royal Biryani & Caterers,Royal Biryani & Caterers,/images/food/bc_food_232.webp?v=20260810_razor_sharp_hd_v11,SOURCE_CATALOG,REVIEW_REQUIRED,,Bhusawal Connect Food & Restaurant Catalog,"mix,kolhapuri,mix veg kolhapuri,vegetarian,veg main course,veg",VERIFIED,VERIFIED,VERIFIED,UNIQUE,NO,NO,NO,2026-09-11,Preserved from existing verified Bhusawal Connect Food catalog (225 items).
BC-FOOD-000133,Royal Biryani & Caterers,Kaju Curry,Kaju Curry,Veg Main Course,Veg Main Course,Food,1 Serving / Portion,1,portion,"Roasted cashew nuts cooked in a rich, mildly sweet cashew and cream-based gravy.",,Standard Serving,240,,240,,Royal Biryani & Caterers,,,bc_food_233,99,AVAILABLE,AVAILABLE,NO,VEG,Royal Biryani & Caterers,Royal Biryani & Caterers,/images/food/bc_food_233.webp?v=20260810_razor_sharp_hd_v11,SOURCE_CATALOG,REVIEW_REQUIRED,,Bhusawal Connect Food & Restaurant Catalog,"kaju,curry,vegetarian,veg main course,veg,kaju curry",VERIFIED,VERIFIED,VERIFIED,UNIQUE,NO,NO,NO,2026-09-11,Preserved from existing verified Bhusawal Connect Food catalog (225 items).
BC-FOOD-000134,Royal Biryani & Caterers,Kaju Paneer Masala,Kaju Paneer Masala,Veg Main Course,Veg Main Course,Food,1 Serving / Portion,1,portion,Traditional vegetarian Kaju Paneer Masala prepared in classic style with authentic spices and fresh ingredients for a hearty meal.,,Standard Serving,260,,260,,Royal Biryani & Caterers,,,bc_food_234,99,AVAILABLE,AVAILABLE,NO,VEG,Royal Biryani & Caterers,Royal Biryani & Caterers,/images/food/bc_food_234.webp?v=20260810_razor_sharp_hd_v11,SOURCE_CATALOG,REVIEW_REQUIRED,,Bhusawal Connect Food & Restaurant Catalog,"masala,kaju,vegetarian,veg main course,veg,kaju paneer masala,paneer",VERIFIED,VERIFIED,VERIFIED,UNIQUE,NO,NO,NO,2026-09-11,Preserved from existing verified Bhusawal Connect Food catalog (225 items).
BC-FOOD-000135,Royal Biryani & Caterers,Yellow Dal Fry,Yellow Dal Fry,Veg Main Course,Veg Main Course,Food,1 Serving / Portion,1,portion,Traditional vegetarian Yellow Dal Fry prepared in classic style with authentic spices and fresh ingredients for a hearty meal.,,Standard Serving,120,,120,,Royal Biryani & Caterers,,,bc_food_235,99,AVAILABLE,AVAILABLE,NO,VEG,Royal Biryani & Caterers,Royal Biryani & Caterers,/images/food/bc_food_235.webp?v=20260810_razor_sharp_hd_v11,SOURCE_CATALOG,REVIEW_REQUIRED,,Bhusawal Connect Food & Restaurant Catalog,"yellow dal fry,vegetarian,dal,veg main course,veg,yellow,fry",VERIFIED,VERIFIED,VERIFIED,UNIQUE,NO,NO,NO,2026-09-11,Preserved from existing verified Bhusawal Connect Food catalog (225 items).
BC-FOOD-000136,Royal Biryani & Caterers,Dal Tadka,Dal Tadka,Veg Main Course,Veg Main Course,Food,1 Serving / Portion,1,portion,"Yellow pigeon pea lentils tempered with ghee, cumin seeds, garlic, dried red chillies and fresh coriander.",,Standard Serving,140,,140,,Royal Biryani & Caterers,,,bc_food_236,99,AVAILABLE,AVAILABLE,NO,VEG,Royal Biryani & Caterers,Royal Biryani & Caterers,/images/food/bc_food_236.webp?v=20260810_razor_sharp_hd_v11,SOURCE_CATALOG,REVIEW_REQUIRED,,Bhusawal Connect Food & Restaurant Catalog,"vegetarian,dal,veg main course,veg,dal tadka,tadka",VERIFIED,VERIFIED,VERIFIED,UNIQUE,NO,NO,NO,2026-09-11,Preserved from existing verified Bhusawal Connect Food catalog (225 items).
BC-FOOD-000137,Royal Biryani & Caterers,Chana Masala,Chana Masala,Veg Main Course,Veg Main Course,Food,1 Serving / Portion,1,portion,Traditional vegetarian Chana Masala prepared in classic style with authentic spices and fresh ingredients for a hearty meal.,,Standard Serving,150,,150,,Royal Biryani & Caterers,,,bc_food_237,99,AVAILABLE,AVAILABLE,NO,VEG,Royal Biryani & Caterers,Royal Biryani & Caterers,/images/food/bc_food_237.webp?v=20260810_razor_sharp_hd_v11,SOURCE_CATALOG,REVIEW_REQUIRED,,Bhusawal Connect Food & Restaurant Catalog,"masala,vegetarian,chana masala,veg main course,veg,chana",VERIFIED,VERIFIED,VERIFIED,UNIQUE,NO,NO,NO,2026-09-11,Preserved from existing verified Bhusawal Connect Food catalog (225 items).
BC-FOOD-000138,Royal Biryani & Caterers,Aloo Gobi Masala,Aloo Gobi Masala,Veg Main Course,Veg Main Course,Food,1 Serving / Portion,1,portion,"Diced potatoes and cauliflower florets sautéed with turmeric, cumin, tomatoes and Indian spices.",,Standard Serving,140,,140,,Royal Biryani & Caterers,,,bc_food_238,99,AVAILABLE,AVAILABLE,NO,VEG,Royal Biryani & Caterers,Royal Biryani & Caterers,/images/food/bc_food_238.webp?v=20260810_razor_sharp_hd_v11,SOURCE_CATALOG,REVIEW_REQUIRED,,Bhusawal Connect Food & Restaurant Catalog,"masala,gobi,vegetarian,veg main course,veg,aloo,aloo gobi masala",VERIFIED,VERIFIED,VERIFIED,UNIQUE,NO,NO,NO,2026-09-11,Preserved from existing verified Bhusawal Connect Food catalog (225 items).
BC-FOOD-000139,Royal Biryani & Caterers,Veg Maratha,Veg Maratha,Veg Main Course,Veg Main Course,Food,1 Serving / Portion,1,portion,Traditional vegetarian Veg Maratha prepared in classic style with authentic spices and fresh ingredients for a hearty meal.,,Standard Serving,200,,200,,Royal Biryani & Caterers,,,bc_food_239,99,AVAILABLE,AVAILABLE,NO,VEG,Royal Biryani & Caterers,Royal Biryani & Caterers,/images/food/bc_food_239.webp?v=20260810_razor_sharp_hd_v11,SOURCE_CATALOG,REVIEW_REQUIRED,,Bhusawal Connect Food & Restaurant Catalog,"maratha,vegetarian,veg maratha,veg main course,veg",VERIFIED,VERIFIED,VERIFIED,UNIQUE,NO,NO,NO,2026-09-11,Preserved from existing verified Bhusawal Connect Food catalog (225 items).
BC-FOOD-000140,Royal Biryani & Caterers,Chicken Curry,Chicken Curry,Chicken,Chicken,Food,1 Serving / Portion,1,portion,"Homestyle chicken curry cooked with onions, tomatoes, ginger-garlic paste and ground spices.",,Standard Serving,220,,220,,Royal Biryani & Caterers,,,bc_food_240,99,AVAILABLE,AVAILABLE,NO,NON_VEG,Royal Biryani & Caterers,Royal Biryani & Caterers,/images/food/bc_food_240.webp?v=20260810_razor_sharp_hd_v11,SOURCE_CATALOG,REVIEW_REQUIRED,,Bhusawal Connect Food & Restaurant Catalog,"nonveg,curry,chicken,non-veg,chicken curry",VERIFIED,VERIFIED,VERIFIED,UNIQUE,NO,NO,NO,2026-09-11,Preserved from existing verified Bhusawal Connect Food catalog (225 items).
BC-FOOD-000141,Royal Biryani & Caterers,Bhusawal Chicken Masala,Bhusawal Chicken Masala,Chicken,Chicken,Food,1 Serving / Portion,1,portion,Traditional flavorful Bhusawal Chicken Masala prepared in classic style with authentic spices and fresh ingredients for a hearty meal.,,Standard Serving,240,,240,,Royal Biryani & Caterers,,,bc_food_241,99,AVAILABLE,AVAILABLE,NO,NON_VEG,Royal Biryani & Caterers,Royal Biryani & Caterers,/images/food/bc_food_241.webp?v=20260810_razor_sharp_hd_v11,SOURCE_CATALOG,REVIEW_REQUIRED,,Bhusawal Connect Food & Restaurant Catalog,"bhusawal chicken masala,masala,nonveg,chicken,non-veg,bhusawal",VERIFIED,VERIFIED,VERIFIED,UNIQUE,NO,NO,NO,2026-09-11,Preserved from existing verified Bhusawal Connect Food catalog (225 items).
BC-FOOD-000142,Royal Biryani & Caterers,Butter Chicken (Boneless),Butter Chicken,Chicken,Chicken,Food,1 Serving / Portion,1,portion,"Tender chicken pieces simmered in a velvety smooth tomato, butter and cashew cream gravy.",,Standard Serving,280,,280,,Royal Biryani & Caterers,,,bc_food_242,99,AVAILABLE,AVAILABLE,NO,NON_VEG,Royal Biryani & Caterers,Royal Biryani & Caterers,/images/food/bc_food_242.webp?v=20260810_razor_sharp_hd_v11,SOURCE_CATALOG,REVIEW_REQUIRED,,Bhusawal Connect Food & Restaurant Catalog,"(boneless),nonveg,butter chicken (boneless),chicken,butter,non-veg",VERIFIED,VERIFIED,VERIFIED,UNIQUE,NO,NO,NO,2026-09-11,Preserved from existing verified Bhusawal Connect Food catalog (225 items).
BC-FOOD-000143,Royal Biryani & Caterers,Chicken Handi,Chicken Handi,Chicken,Chicken,Food,1 Serving / Portion,1,portion,Traditional chicken curry slow-cooked in a sealed handi pot with roasted spices and thick onion gravy.,,Standard Serving,280,,280,,Royal Biryani & Caterers,,,bc_food_243,99,AVAILABLE,AVAILABLE,NO,NON_VEG,Royal Biryani & Caterers,Royal Biryani & Caterers,/images/food/bc_food_243.webp?v=20260810_razor_sharp_hd_v11,SOURCE_CATALOG,REVIEW_REQUIRED,,Bhusawal Connect Food & Restaurant Catalog,"handi,nonveg,chicken,non-veg,chicken handi",VERIFIED,VERIFIED,VERIFIED,UNIQUE,NO,NO,NO,2026-09-11,Preserved from existing verified Bhusawal Connect Food catalog (225 items).
BC-FOOD-000144,Royal Biryani & Caterers,Chicken Kolhapuri,Chicken Kolhapuri,Chicken,Chicken,Food,1 Serving / Portion,1,portion,Traditional flavorful Chicken Kolhapuri prepared in classic style with authentic spices and fresh ingredients for a hearty meal.,,Standard Serving,260,,260,,Royal Biryani & Caterers,,,bc_food_244,99,AVAILABLE,AVAILABLE,NO,NON_VEG,Royal Biryani & Caterers,Royal Biryani & Caterers,/images/food/bc_food_244.webp?v=20260810_razor_sharp_hd_v11,SOURCE_CATALOG,REVIEW_REQUIRED,,Bhusawal Connect Food & Restaurant Catalog,"nonveg,kolhapuri,chicken,non-veg,chicken kolhapuri",VERIFIED,VERIFIED,VERIFIED,UNIQUE,NO,NO,NO,2026-09-11,Preserved from existing verified Bhusawal Connect Food catalog (225 items).
BC-FOOD-000145,Royal Biryani & Caterers,Chicken Kadai,Chicken Kadai,Chicken,Chicken,Food,1 Serving / Portion,1,portion,Traditional flavorful Chicken Kadai prepared in classic style with authentic spices and fresh ingredients for a hearty meal.,,Standard Serving,260,,260,,Royal Biryani & Caterers,,,bc_food_245,99,AVAILABLE,AVAILABLE,NO,NON_VEG,Royal Biryani & Caterers,Royal Biryani & Caterers,/images/food/bc_food_245.webp?v=20260810_razor_sharp_hd_v11,SOURCE_CATALOG,REVIEW_REQUIRED,,Bhusawal Connect Food & Restaurant Catalog,"nonveg,chicken,non-veg,kadai,chicken kadai",VERIFIED,VERIFIED,VERIFIED,UNIQUE,NO,NO,NO,2026-09-11,Preserved from existing verified Bhusawal Connect Food catalog (225 items).
BC-FOOD-000146,Royal Biryani & Caterers,Chicken Mughlai,Chicken Mughlai,Chicken,Chicken,Food,1 Serving / Portion,1,portion,Traditional flavorful Chicken Mughlai prepared in classic style with authentic spices and fresh ingredients for a hearty meal.,,Standard Serving,290,,290,,Royal Biryani & Caterers,,,bc_food_246,99,AVAILABLE,AVAILABLE,NO,NON_VEG,Royal Biryani & Caterers,Royal Biryani & Caterers,/images/food/bc_food_246.webp?v=20260810_razor_sharp_hd_v11,SOURCE_CATALOG,REVIEW_REQUIRED,,Bhusawal Connect Food & Restaurant Catalog,"nonveg,chicken mughlai,chicken,non-veg,mughlai",VERIFIED,VERIFIED,VERIFIED,UNIQUE,NO,NO,NO,2026-09-11,Preserved from existing verified Bhusawal Connect Food catalog (225 items).
BC-FOOD-000147,Royal Biryani & Caterers,Chicken Sukka,Chicken Sukka,Chicken,Chicken,Food,1 Serving / Portion,1,portion,Traditional flavorful Chicken Sukka prepared in classic style with authentic spices and fresh ingredients for a hearty meal.,,Standard Serving,240,,240,,Royal Biryani & Caterers,,,bc_food_247,99,AVAILABLE,AVAILABLE,NO,NON_VEG,Royal Biryani & Caterers,Royal Biryani & Caterers,/images/food/bc_food_247.webp?v=20260810_razor_sharp_hd_v11,SOURCE_CATALOG,REVIEW_REQUIRED,,Bhusawal Connect Food & Restaurant Catalog,"nonveg,chicken,sukka,non-veg,chicken sukka",VERIFIED,VERIFIED,VERIFIED,UNIQUE,NO,NO,NO,2026-09-11,Preserved from existing verified Bhusawal Connect Food catalog (225 items).
BC-FOOD-000148,Royal Biryani & Caterers,Chicken Tikka Masala,Chicken Tikka Masala,Chicken,Chicken,Food,1 Serving / Portion,1,portion,"Roasted chicken tikka chunks cooked in a rich, spicy and aromatic tomato gravy.",,Standard Serving,270,,270,,Royal Biryani & Caterers,,,bc_food_248,99,AVAILABLE,AVAILABLE,NO,NON_VEG,Royal Biryani & Caterers,Royal Biryani & Caterers,/images/food/bc_food_248.webp?v=20260810_razor_sharp_hd_v11,SOURCE_CATALOG,REVIEW_REQUIRED,,Bhusawal Connect Food & Restaurant Catalog,"tikka,masala,nonveg,chicken,chicken tikka masala,non-veg",VERIFIED,VERIFIED,VERIFIED,UNIQUE,NO,NO,NO,2026-09-11,Preserved from existing verified Bhusawal Connect Food catalog (225 items).
BC-FOOD-000149,Royal Biryani & Caterers,Tandoori Chicken (Half),Tandoori Chicken,Chicken,Chicken,Food,1 Serving / Portion,1,portion,"Bone-in chicken marinated in spiced yogurt and red chili, char-grilled to juicy perfection in a tandoor.",,Standard Serving,220,,220,,Royal Biryani & Caterers,,,bc_food_249,99,AVAILABLE,AVAILABLE,NO,NON_VEG,Royal Biryani & Caterers,Royal Biryani & Caterers,/images/food/bc_food_249.webp?v=20260810_razor_sharp_hd_v11,SOURCE_CATALOG,REVIEW_REQUIRED,,Bhusawal Connect Food & Restaurant Catalog,"nonveg,tandoori,chicken,tandoori chicken (half),non-veg,(half)",VERIFIED,VERIFIED,VERIFIED,UNIQUE,NO,NO,NO,2026-09-11,Preserved from existing verified Bhusawal Connect Food catalog (225 items).
BC-FOOD-000150,Royal Biryani & Caterers,Tandoori Chicken (Full),Tandoori Chicken,Chicken,Chicken,Food,1 Serving / Portion,1,portion,"Bone-in chicken marinated in spiced yogurt and red chili, char-grilled to juicy perfection in a tandoor. (Special Tandoori Chicken preparation #2)",,Standard Serving,400,,400,,Royal Biryani & Caterers,,,bc_food_250,99,AVAILABLE,AVAILABLE,NO,NON_VEG,Royal Biryani & Caterers,Royal Biryani & Caterers,/images/food/bc_food_250.webp?v=20260810_razor_sharp_hd_v11,SOURCE_CATALOG,REVIEW_REQUIRED,,Bhusawal Connect Food & Restaurant Catalog,"nonveg,tandoori,tandoori chicken (full),chicken,non-veg,(full)",VERIFIED,VERIFIED,VERIFIED,UNIQUE,NO,NO,NO,2026-09-11,Preserved from existing verified Bhusawal Connect Food catalog (225 items).
BC-FOOD-000151,Royal Biryani & Caterers,Chicken Tangdi Kabab (3 pcs),Chicken Tangdi Kabab 3 pcs,Chicken,Chicken,Food,1 Serving / Portion,1,portion,Traditional flavorful Chicken Tangdi Kabab 3 pcs prepared in classic style with authentic spices and fresh ingredients for a hearty meal.,,Standard Serving,250,,250,,Royal Biryani & Caterers,,,bc_food_251,99,AVAILABLE,AVAILABLE,NO,NON_VEG,Royal Biryani & Caterers,Royal Biryani & Caterers,/images/food/bc_food_251.webp?v=20260810_razor_sharp_hd_v11,SOURCE_CATALOG,REVIEW_REQUIRED,,Bhusawal Connect Food & Restaurant Catalog,"tangdi,nonveg,chicken tangdi kabab (3 pcs),chicken,non-veg,kabab,pcs)",VERIFIED,VERIFIED,VERIFIED,UNIQUE,NO,NO,NO,2026-09-11,Preserved from existing verified Bhusawal Connect Food catalog (225 items).
BC-FOOD-000152,Royal Biryani & Caterers,Chicken Tikka Kabab (8 pcs),Chicken Tikka Kabab 8 pcs,Chicken,Chicken,Food,1 Serving / Portion,1,portion,Traditional flavorful Chicken Tikka Kabab 8 pcs prepared in classic style with authentic spices and fresh ingredients for a hearty meal.,,Standard Serving,250,,250,,Royal Biryani & Caterers,,,bc_food_252,99,AVAILABLE,AVAILABLE,NO,NON_VEG,Royal Biryani & Caterers,Royal Biryani & Caterers,/images/food/bc_food_252.webp?v=20260810_razor_sharp_hd_v11,SOURCE_CATALOG,REVIEW_REQUIRED,,Bhusawal Connect Food & Restaurant Catalog,"tikka,nonveg,chicken,non-veg,pcs),kabab,chicken tikka kabab (8 pcs)",VERIFIED,VERIFIED,VERIFIED,UNIQUE,NO,NO,NO,2026-09-11,Preserved from existing verified Bhusawal Connect Food catalog (225 items).
BC-FOOD-000153,Royal Biryani & Caterers,Chicken Malai Tikka (8 pcs),Chicken Malai Tikka 8 pcs,Chicken,Chicken,Food,1 Serving / Portion,1,portion,Traditional flavorful Chicken Malai Tikka 8 pcs prepared in classic style with authentic spices and fresh ingredients for a hearty meal.,,Standard Serving,270,,270,,Royal Biryani & Caterers,,,bc_food_253,99,AVAILABLE,AVAILABLE,NO,NON_VEG,Royal Biryani & Caterers,Royal Biryani & Caterers,/images/food/bc_food_253.webp?v=20260810_razor_sharp_hd_v11,SOURCE_CATALOG,REVIEW_REQUIRED,,Bhusawal Connect Food & Restaurant Catalog,"malai,tikka,nonveg,chicken,non-veg,pcs),chicken malai tikka (8 pcs)",VERIFIED,VERIFIED,VERIFIED,UNIQUE,NO,NO,NO,2026-09-11,Preserved from existing verified Bhusawal Connect Food catalog (225 items).
BC-FOOD-000154,Royal Biryani & Caterers,Chicken Seekh Kabab (4 pcs),Chicken Seekh Kabab 4 pcs,Chicken,Chicken,Food,1 Serving / Portion,1,portion,Traditional flavorful Chicken Seekh Kabab 4 pcs prepared in classic style with authentic spices and fresh ingredients for a hearty meal.,,Standard Serving,240,,240,,Royal Biryani & Caterers,,,bc_food_254,99,AVAILABLE,AVAILABLE,NO,NON_VEG,Royal Biryani & Caterers,Royal Biryani & Caterers,/images/food/bc_food_254.webp?v=20260810_razor_sharp_hd_v11,SOURCE_CATALOG,REVIEW_REQUIRED,,Bhusawal Connect Food & Restaurant Catalog,"seekh,nonveg,chicken seekh kabab (4 pcs),chicken,non-veg,kabab,pcs)",VERIFIED,VERIFIED,VERIFIED,UNIQUE,NO,NO,NO,2026-09-11,Preserved from existing verified Bhusawal Connect Food catalog (225 items).
BC-FOOD-000155,Royal Biryani & Caterers,Bhusawal Mutton Curry,Bhusawal Mutton Curry,Mutton,Mutton,Food,1 Serving / Portion,1,portion,"Hearty mutton curry simmered with caramelized onions, garlic, ginger and whole spices.",,Standard Serving,300,,300,,Royal Biryani & Caterers,,,bc_food_255,99,AVAILABLE,AVAILABLE,NO,NON_VEG,Royal Biryani & Caterers,Royal Biryani & Caterers,/images/food/bc_food_255.webp?v=20260810_razor_sharp_hd_v11,SOURCE_CATALOG,REVIEW_REQUIRED,,Bhusawal Connect Food & Restaurant Catalog,"nonveg,bhusawal mutton curry,curry,non-veg,mutton,bhusawal",VERIFIED,VERIFIED,VERIFIED,UNIQUE,NO,NO,NO,2026-09-11,Preserved from existing verified Bhusawal Connect Food catalog (225 items).
BC-FOOD-000156,Royal Biryani & Caterers,Mutton Masala,Mutton Masala,Mutton,Mutton,Food,1 Serving / Portion,1,portion,"Hearty mutton curry simmered with caramelized onions, garlic, ginger and whole spices. (Special Mutton Masala preparation #2)",,Standard Serving,320,,320,,Royal Biryani & Caterers,,,bc_food_256,99,AVAILABLE,AVAILABLE,NO,NON_VEG,Royal Biryani & Caterers,Royal Biryani & Caterers,/images/food/bc_food_256.webp?v=20260810_razor_sharp_hd_v11,SOURCE_CATALOG,REVIEW_REQUIRED,,Bhusawal Connect Food & Restaurant Catalog,"masala,nonveg,mutton masala,non-veg,mutton",VERIFIED,VERIFIED,VERIFIED,UNIQUE,NO,NO,NO,2026-09-11,Preserved from existing verified Bhusawal Connect Food catalog (225 items).
BC-FOOD-000157,Royal Biryani & Caterers,Mutton Handi,Mutton Handi,Mutton,Mutton,Food,1 Serving / Portion,1,portion,Slow-cooked tender mutton pieces in a clay handi with rich gravy and aromatic spices.,,Standard Serving,350,,350,,Royal Biryani & Caterers,,,bc_food_257,99,AVAILABLE,AVAILABLE,NO,NON_VEG,Royal Biryani & Caterers,Royal Biryani & Caterers,/images/food/bc_food_257.webp?v=20260810_razor_sharp_hd_v11,SOURCE_CATALOG,REVIEW_REQUIRED,,Bhusawal Connect Food & Restaurant Catalog,"handi,nonveg,mutton handi,non-veg,mutton",VERIFIED,VERIFIED,VERIFIED,UNIQUE,NO,NO,NO,2026-09-11,Preserved from existing verified Bhusawal Connect Food catalog (225 items).
BC-FOOD-000158,Royal Biryani & Caterers,Mutton Sukka,Mutton Sukka,Mutton,Mutton,Food,1 Serving / Portion,1,portion,Traditional flavorful Mutton Sukka prepared in classic style with authentic spices and fresh ingredients for a hearty meal.,,Standard Serving,330,,330,,Royal Biryani & Caterers,,,bc_food_258,99,AVAILABLE,AVAILABLE,NO,NON_VEG,Royal Biryani & Caterers,Royal Biryani & Caterers,/images/food/bc_food_258.webp?v=20260810_razor_sharp_hd_v11,SOURCE_CATALOG,REVIEW_REQUIRED,,Bhusawal Connect Food & Restaurant Catalog,"mutton sukka,nonveg,sukka,non-veg,mutton",VERIFIED,VERIFIED,VERIFIED,UNIQUE,NO,NO,NO,2026-09-11,Preserved from existing verified Bhusawal Connect Food catalog (225 items).
BC-FOOD-000159,Royal Biryani & Caterers,Mutton Kolhapuri,Mutton Kolhapuri,Mutton,Mutton,Food,1 Serving / Portion,1,portion,Traditional flavorful Mutton Kolhapuri prepared in classic style with authentic spices and fresh ingredients for a hearty meal.,,Standard Serving,340,,340,,Royal Biryani & Caterers,,,bc_food_259,99,AVAILABLE,AVAILABLE,NO,NON_VEG,Royal Biryani & Caterers,Royal Biryani & Caterers,/images/food/bc_food_259.webp?v=20260810_razor_sharp_hd_v11,SOURCE_CATALOG,REVIEW_REQUIRED,,Bhusawal Connect Food & Restaurant Catalog,"nonveg,kolhapuri,non-veg,mutton,mutton kolhapuri",VERIFIED,VERIFIED,VERIFIED,UNIQUE,NO,NO,NO,2026-09-11,Preserved from existing verified Bhusawal Connect Food catalog (225 items).
BC-FOOD-000160,Royal Biryani & Caterers,Mutton Rassa / Black Gravy,Mutton Rassa / Black Gravy,Mutton,Mutton,Food,1 Serving / Portion,1,portion,Traditional flavorful Mutton Rassa / Black Gravy prepared in classic style with authentic spices and fresh ingredients for a hearty meal.,,Standard Serving,320,,320,,Royal Biryani & Caterers,,,bc_food_260,99,AVAILABLE,AVAILABLE,NO,NON_VEG,Royal Biryani & Caterers,Royal Biryani & Caterers,/images/food/bc_food_260.webp?v=20260810_razor_sharp_hd_v11,SOURCE_CATALOG,REVIEW_REQUIRED,,Bhusawal Connect Food & Restaurant Catalog,"nonveg,black,gravy,mutton rassa / black gravy,non-veg,mutton,rassa",VERIFIED,VERIFIED,VERIFIED,UNIQUE,NO,NO,NO,2026-09-11,Preserved from existing verified Bhusawal Connect Food catalog (225 items).
BC-FOOD-000161,Royal Biryani & Caterers,Mutton Keema Curry,Mutton Keema Curry,Mutton,Mutton,Food,1 Serving / Portion,1,portion,Traditional flavorful Mutton Keema Curry prepared in classic style with authentic spices and fresh ingredients for a hearty meal.,,Standard Serving,280,,280,,Royal Biryani & Caterers,,,bc_food_261,99,AVAILABLE,AVAILABLE,NO,NON_VEG,Royal Biryani & Caterers,Royal Biryani & Caterers,/images/food/bc_food_261.webp?v=20260810_razor_sharp_hd_v11,SOURCE_CATALOG,REVIEW_REQUIRED,,Bhusawal Connect Food & Restaurant Catalog,"mutton keema curry,nonveg,keema,curry,non-veg,mutton",VERIFIED,VERIFIED,VERIFIED,UNIQUE,NO,NO,NO,2026-09-11,Preserved from existing verified Bhusawal Connect Food catalog (225 items).
BC-FOOD-000162,Royal Biryani & Caterers,Mutton Seekh Kabab (4 pcs),Mutton Seekh Kabab 4 pcs,Mutton,Mutton,Food,1 Serving / Portion,1,portion,Traditional flavorful Mutton Seekh Kabab 4 pcs prepared in classic style with authentic spices and fresh ingredients for a hearty meal.,,Standard Serving,290,,290,,Royal Biryani & Caterers,,,bc_food_262,99,AVAILABLE,AVAILABLE,NO,NON_VEG,Royal Biryani & Caterers,Royal Biryani & Caterers,/images/food/bc_food_262.webp?v=20260810_razor_sharp_hd_v11,SOURCE_CATALOG,REVIEW_REQUIRED,,Bhusawal Connect Food & Restaurant Catalog,"seekh,nonveg,mutton seekh kabab (4 pcs),non-veg,kabab,pcs),mutton",VERIFIED,VERIFIED,VERIFIED,UNIQUE,NO,NO,NO,2026-09-11,Preserved from existing verified Bhusawal Connect Food catalog (225 items).
BC-FOOD-000163,Royal Biryani & Caterers,Surmai Fish Curry,Surmai Fish Curry,Fish,Fish,Food,1 Serving / Portion,1,portion,Tender fish pieces cooked in a tangy coconut and tamarind-infused spiced gravy.,,Standard Serving,270,,270,,Royal Biryani & Caterers,,,bc_food_263,99,AVAILABLE,AVAILABLE,NO,NON_VEG,Royal Biryani & Caterers,Royal Biryani & Caterers,/images/food/bc_food_263.webp?v=20260810_razor_sharp_hd_v11,SOURCE_CATALOG,REVIEW_REQUIRED,,Bhusawal Connect Food & Restaurant Catalog,"surmai,nonveg,curry,surmai fish curry,non-veg,fish",VERIFIED,VERIFIED,VERIFIED,UNIQUE,NO,NO,NO,2026-09-11,Preserved from existing verified Bhusawal Connect Food catalog (225 items).
BC-FOOD-000164,Royal Biryani & Caterers,Surmai Fish Fry,Surmai Fish Fry,Fish,Fish,Food,1 Serving / Portion,1,portion,Fresh fish fillets marinated in spicy chili-turmeric paste and shallow-fried to a crispy golden crust.,,Standard Serving,250,,250,,Royal Biryani & Caterers,,,bc_food_264,99,AVAILABLE,AVAILABLE,NO,NON_VEG,Royal Biryani & Caterers,Royal Biryani & Caterers,/images/food/bc_food_264.webp?v=20260810_razor_sharp_hd_v11,SOURCE_CATALOG,REVIEW_REQUIRED,,Bhusawal Connect Food & Restaurant Catalog,"surmai,nonveg,non-veg,fish,surmai fish fry,fry",VERIFIED,VERIFIED,VERIFIED,UNIQUE,NO,NO,NO,2026-09-11,Preserved from existing verified Bhusawal Connect Food catalog (225 items).
BC-FOOD-000165,Royal Biryani & Caterers,Rohu Fish Curry,Rohu Fish Curry,Fish,Fish,Food,1 Serving / Portion,1,portion,Tender fish pieces cooked in a tangy coconut and tamarind-infused spiced gravy. (Special Rohu Fish Curry preparation #2),,Standard Serving,220,,220,,Royal Biryani & Caterers,,,bc_food_265,99,AVAILABLE,AVAILABLE,NO,NON_VEG,Royal Biryani & Caterers,Royal Biryani & Caterers,/images/food/bc_food_265.webp?v=20260810_razor_sharp_hd_v11,SOURCE_CATALOG,REVIEW_REQUIRED,,Bhusawal Connect Food & Restaurant Catalog,"rohu fish curry,nonveg,curry,non-veg,rohu,fish",VERIFIED,VERIFIED,VERIFIED,UNIQUE,NO,NO,NO,2026-09-11,Preserved from existing verified Bhusawal Connect Food catalog (225 items).
BC-FOOD-000166,Royal Biryani & Caterers,Rohu Fish Fry,Rohu Fish Fry,Fish,Fish,Food,1 Serving / Portion,1,portion,Fresh fish fillets marinated in spicy chili-turmeric paste and shallow-fried to a crispy golden crust. (Special Rohu Fish Fry preparation #2),,Standard Serving,200,,200,,Royal Biryani & Caterers,,,bc_food_266,99,AVAILABLE,AVAILABLE,NO,NON_VEG,Royal Biryani & Caterers,Royal Biryani & Caterers,/images/food/bc_food_266.webp?v=20260810_razor_sharp_hd_v11,SOURCE_CATALOG,REVIEW_REQUIRED,,Bhusawal Connect Food & Restaurant Catalog,"nonveg,rohu fish fry,non-veg,rohu,fish,fry",VERIFIED,VERIFIED,VERIFIED,UNIQUE,NO,NO,NO,2026-09-11,Preserved from existing verified Bhusawal Connect Food catalog (225 items).
BC-FOOD-000167,Royal Biryani & Caterers,Fish Tikka Kabab (6 pcs),Fish Tikka Kabab 6 pcs,Fish,Fish,Food,1 Serving / Portion,1,portion,Traditional flavorful Fish Tikka Kabab 6 pcs prepared in classic style with authentic spices and fresh ingredients for a hearty meal.,,Standard Serving,280,,280,,Royal Biryani & Caterers,,,bc_food_267,99,AVAILABLE,AVAILABLE,NO,NON_VEG,Royal Biryani & Caterers,Royal Biryani & Caterers,/images/food/bc_food_267.webp?v=20260810_razor_sharp_hd_v11,SOURCE_CATALOG,REVIEW_REQUIRED,,Bhusawal Connect Food & Restaurant Catalog,"tikka,nonveg,fish tikka kabab (6 pcs),non-veg,kabab,fish,pcs)",VERIFIED,VERIFIED,VERIFIED,UNIQUE,NO,NO,NO,2026-09-11,Preserved from existing verified Bhusawal Connect Food catalog (225 items).
BC-FOOD-000168,Royal Biryani & Caterers,Prawns Masala Fry,Prawns Masala Fry,Fish,Fish,Food,1 Serving / Portion,1,portion,Traditional flavorful Prawns Masala Fry prepared in classic style with authentic spices and fresh ingredients for a hearty meal.,,Standard Serving,320,,320,,Royal Biryani & Caterers,,,bc_food_268,99,AVAILABLE,AVAILABLE,NO,NON_VEG,Royal Biryani & Caterers,Royal Biryani & Caterers,/images/food/bc_food_268.webp?v=20260810_razor_sharp_hd_v11,SOURCE_CATALOG,REVIEW_REQUIRED,,Bhusawal Connect Food & Restaurant Catalog,"prawns masala fry,masala,nonveg,prawns,non-veg,fish,egg,fry",VERIFIED,VERIFIED,VERIFIED,UNIQUE,NO,NO,NO,2026-09-11,Preserved from existing verified Bhusawal Connect Food catalog (225 items).
BC-FOOD-000169,Royal Biryani & Caterers,Egg Curry (2 Eggs),Egg Curry,Egg,Egg,Food,1 Serving / Portion,1,portion,Hard-boiled eggs simmered in a spiced onion-tomato gravy with Indian spices.,,Standard Serving,120,,120,,Royal Biryani & Caterers,,,bc_food_269,99,AVAILABLE,AVAILABLE,NO,EGG,Royal Biryani & Caterers,Royal Biryani & Caterers,/images/food/bc_food_269.webp?v=20260810_razor_sharp_hd_v11,SOURCE_CATALOG,REVIEW_REQUIRED,,Bhusawal Connect Food & Restaurant Catalog,"egg curry (2 eggs),nonveg,curry,non-veg,egg,eggs)",VERIFIED,VERIFIED,VERIFIED,UNIQUE,NO,NO,NO,2026-09-11,Preserved from existing verified Bhusawal Connect Food catalog (225 items).
BC-FOOD-000170,Royal Biryani & Caterers,Egg Masala (2 Eggs),Egg Masala,Egg,Egg,Food,1 Serving / Portion,1,portion,Hard-boiled eggs simmered in a spiced onion-tomato gravy with Indian spices. (Special Egg Masala preparation #2),,Standard Serving,140,,140,,Royal Biryani & Caterers,,,bc_food_270,99,AVAILABLE,AVAILABLE,NO,EGG,Royal Biryani & Caterers,Royal Biryani & Caterers,/images/food/bc_food_270.webp?v=20260810_razor_sharp_hd_v11,SOURCE_CATALOG,REVIEW_REQUIRED,,Bhusawal Connect Food & Restaurant Catalog,"masala,nonveg,egg masala (2 eggs),non-veg,egg,eggs)",VERIFIED,VERIFIED,VERIFIED,UNIQUE,NO,NO,NO,2026-09-11,Preserved from existing verified Bhusawal Connect Food catalog (225 items).
BC-FOOD-000171,Royal Biryani & Caterers,Egg Bhurji (3 Eggs),Egg Bhurji,Egg,Egg,Food,1 Serving / Portion,1,portion,"Scrambled eggs cooked with chopped onions, green chillies, tomatoes and fresh coriander. (Special Egg Bhurji preparation #2)",,Standard Serving,100,,100,,Royal Biryani & Caterers,,,bc_food_271,99,AVAILABLE,AVAILABLE,NO,EGG,Royal Biryani & Caterers,Royal Biryani & Caterers,/images/food/bc_food_271.webp?v=20260810_razor_sharp_hd_v11,SOURCE_CATALOG,REVIEW_REQUIRED,,Bhusawal Connect Food & Restaurant Catalog,"nonveg,non-veg,egg bhurji (3 eggs),egg,bhurji,eggs)",VERIFIED,VERIFIED,VERIFIED,UNIQUE,NO,NO,NO,2026-09-11,Preserved from existing verified Bhusawal Connect Food catalog (225 items).
BC-FOOD-000172,Royal Biryani & Caterers,Cheese Egg Bhurji,Cheese Egg Bhurji,Egg,Egg,Food,1 Serving / Portion,1,portion,"Scrambled eggs cooked with chopped onions, green chillies, tomatoes and fresh coriander. (Special Cheese Egg Bhurji preparation #2)",,Standard Serving,130,,130,,Royal Biryani & Caterers,,,bc_food_272,99,AVAILABLE,AVAILABLE,NO,EGG,Royal Biryani & Caterers,Royal Biryani & Caterers,/images/food/bc_food_272.webp?v=20260810_razor_sharp_hd_v11,SOURCE_CATALOG,REVIEW_REQUIRED,,Bhusawal Connect Food & Restaurant Catalog,"nonveg,non-veg,cheese,egg,bhurji,cheese egg bhurji",VERIFIED,VERIFIED,VERIFIED,UNIQUE,NO,NO,NO,2026-09-11,Preserved from existing verified Bhusawal Connect Food catalog (225 items).
BC-FOOD-000173,Royal Biryani & Caterers,Egg Ghotala,Egg Ghotala,Egg,Egg,Food,1 Serving / Portion,1,portion,Traditional flavorful Egg Ghotala prepared in classic style with authentic spices and fresh ingredients for a hearty meal.,,Standard Serving,160,,160,,Royal Biryani & Caterers,,,bc_food_273,99,AVAILABLE,AVAILABLE,NO,EGG,Royal Biryani & Caterers,Royal Biryani & Caterers,/images/food/bc_food_273.webp?v=20260810_razor_sharp_hd_v11,SOURCE_CATALOG,REVIEW_REQUIRED,,Bhusawal Connect Food & Restaurant Catalog,"nonveg,non-veg,ghotala,egg,egg ghotala",VERIFIED,VERIFIED,VERIFIED,UNIQUE,NO,NO,NO,2026-09-11,Preserved from existing verified Bhusawal Connect Food catalog (225 items).
BC-FOOD-000174,Royal Biryani & Caterers,Egg Fried Rice,Egg Fried Rice,Egg,Egg,Food,1 Serving / Portion,1,portion,"Fluffy long-grain rice wok-tossed with finely diced vegetables, garlic and light soy seasoning. (Special Egg Fried Rice preparation #2)",,Standard Serving,160,,160,,Royal Biryani & Caterers,,,bc_food_274,99,AVAILABLE,AVAILABLE,NO,EGG,Royal Biryani & Caterers,Royal Biryani & Caterers,/images/food/bc_food_274.webp?v=20260810_razor_sharp_hd_v11,SOURCE_CATALOG,REVIEW_REQUIRED,,Bhusawal Connect Food & Restaurant Catalog,"egg fried rice,nonveg,fried,non-veg,egg,rice",VERIFIED,VERIFIED,VERIFIED,UNIQUE,NO,NO,NO,2026-09-11,Preserved from existing verified Bhusawal Connect Food catalog (225 items).
BC-FOOD-000175,Royal Biryani & Caterers,Egg Hakka Noodles,Egg Hakka Noodles,Egg,Egg,Food,1 Serving / Portion,1,portion,"Stir-fried noodles tossed with shredded cabbage, carrots, bell peppers, soy sauce and Chinese spices. (Special Egg Hakka Noodles preparation #2)",,Standard Serving,150,,150,,Royal Biryani & Caterers,,,bc_food_275,99,AVAILABLE,AVAILABLE,NO,EGG,Royal Biryani & Caterers,Royal Biryani & Caterers,/images/food/bc_food_275.webp?v=20260810_razor_sharp_hd_v11,SOURCE_CATALOG,REVIEW_REQUIRED,,Bhusawal Connect Food & Restaurant Catalog,"hakka,nonveg,egg hakka noodles,non-veg,egg,noodles",VERIFIED,VERIFIED,VERIFIED,UNIQUE,NO,NO,NO,2026-09-11,Preserved from existing verified Bhusawal Connect Food catalog (225 items).
BC-FOOD-000176,Royal Biryani & Caterers,Egg Keema Pav,Egg Keema Pav,Egg,Egg,Food,1 Serving / Portion,1,portion,Traditional flavorful Egg Keema Pav prepared in classic style with authentic spices and fresh ingredients for a hearty meal.,,Standard Serving,140,,140,,Royal Biryani & Caterers,,,bc_food_276,99,AVAILABLE,AVAILABLE,NO,EGG,Royal Biryani & Caterers,Royal Biryani & Caterers,/images/food/bc_food_276.webp?v=20260810_razor_sharp_hd_v11,SOURCE_CATALOG,REVIEW_REQUIRED,,Bhusawal Connect Food & Restaurant Catalog,"nonveg,pav,egg keema pav,keema,non-veg,egg",VERIFIED,VERIFIED,VERIFIED,UNIQUE,NO,NO,NO,2026-09-11,Preserved from existing verified Bhusawal Connect Food catalog (225 items).
BC-FOOD-000177,Royal Biryani & Caterers,Steam Basmati Rice,Steam Basmati Rice,Rice,Rice,Food,1 Serving / Portion,1,portion,"Freshly brewed Indian tea infused with cardamom, ginger and aromatic spices.",,Standard Serving,90,,90,,Royal Biryani & Caterers,,,bc_food_277,99,AVAILABLE,AVAILABLE,NO,VEG,Royal Biryani & Caterers,Royal Biryani & Caterers,/images/food/bc_food_277.webp?v=20260810_razor_sharp_hd_v11,SOURCE_CATALOG,REVIEW_REQUIRED,,Bhusawal Connect Food & Restaurant Catalog,"basmati,vegetarian,veg,steam,steam basmati rice,rice",VERIFIED,VERIFIED,VERIFIED,UNIQUE,NO,NO,NO,2026-09-11,Preserved from existing verified Bhusawal Connect Food catalog (225 items).
BC-FOOD-000178,Royal Biryani & Caterers,Jeera Rice,Jeera Rice,Rice,Rice,Food,1 Serving / Portion,1,portion,Fragrant Basmati rice tempered with ghee and cumin seeds.,,Standard Serving,110,,110,,Royal Biryani & Caterers,,,bc_food_278,99,AVAILABLE,AVAILABLE,NO,VEG,Royal Biryani & Caterers,Royal Biryani & Caterers,/images/food/bc_food_278.webp?v=20260810_razor_sharp_hd_v11,SOURCE_CATALOG,REVIEW_REQUIRED,,Bhusawal Connect Food & Restaurant Catalog,"jeera rice,vegetarian,jeera,veg,rice",VERIFIED,VERIFIED,VERIFIED,UNIQUE,NO,NO,NO,2026-09-11,Preserved from existing verified Bhusawal Connect Food catalog (225 items).
BC-FOOD-000179,Royal Biryani & Caterers,Veg Pulao,Veg Pulao,Rice,Rice,Food,1 Serving / Portion,1,portion,"Fragrant Basmati rice layered with marinated paneer, garden vegetables, mint leaves and aromatic whole spices. (Special Veg Pulao preparation #2)",,Standard Serving,150,,150,,Royal Biryani & Caterers,,,bc_food_279,99,AVAILABLE,AVAILABLE,NO,VEG,Royal Biryani & Caterers,Royal Biryani & Caterers,/images/food/bc_food_279.webp?v=20260810_razor_sharp_hd_v11,SOURCE_CATALOG,REVIEW_REQUIRED,,Bhusawal Connect Food & Restaurant Catalog,"pulao,veg pulao,vegetarian,veg,rice",VERIFIED,VERIFIED,VERIFIED,UNIQUE,NO,NO,NO,2026-09-11,Preserved from existing verified Bhusawal Connect Food catalog (225 items).
BC-FOOD-000180,Royal Biryani & Caterers,Paneer Pulao,Paneer Pulao,Rice,Rice,Food,1 Serving / Portion,1,portion,"Fragrant Basmati rice layered with marinated paneer, garden vegetables, mint leaves and aromatic whole spices. (Special Paneer Pulao preparation #2)",,Standard Serving,180,,180,,Royal Biryani & Caterers,,,bc_food_280,99,AVAILABLE,AVAILABLE,NO,VEG,Royal Biryani & Caterers,Royal Biryani & Caterers,/images/food/bc_food_280.webp?v=20260810_razor_sharp_hd_v11,SOURCE_CATALOG,REVIEW_REQUIRED,,Bhusawal Connect Food & Restaurant Catalog,"rice,pulao,vegetarian,paneer pulao,veg,paneer",VERIFIED,VERIFIED,VERIFIED,UNIQUE,NO,NO,NO,2026-09-11,Preserved from existing verified Bhusawal Connect Food catalog (225 items).
BC-FOOD-000181,Royal Biryani & Caterers,Chicken Pulao,Chicken Pulao,Rice,Rice,Food,1 Serving / Portion,1,portion,"Aromatic Basmati rice dum-cooked with tender chicken pieces, saffron, whole spices and caramelized onions. (Special Chicken Pulao preparation #2)",,Standard Serving,220,,220,,Royal Biryani & Caterers,,,bc_food_281,99,AVAILABLE,AVAILABLE,NO,NON_VEG,Royal Biryani & Caterers,Royal Biryani & Caterers,/images/food/bc_food_281.webp?v=20260810_razor_sharp_hd_v11,SOURCE_CATALOG,REVIEW_REQUIRED,,Bhusawal Connect Food & Restaurant Catalog,"nonveg,pulao,chicken,non-veg,chicken pulao,rice",VERIFIED,VERIFIED,VERIFIED,UNIQUE,NO,NO,NO,2026-09-11,Preserved from existing verified Bhusawal Connect Food catalog (225 items).
BC-FOOD-000182,Royal Biryani & Caterers,Dal Khichdi,Dal Khichdi,Rice,Rice,Food,1 Serving / Portion,1,portion,"Comforting one-pot dish of rice and yellow lentils tempered with ghee, cumin and garlic.",,Standard Serving,140,,140,,Royal Biryani & Caterers,,,bc_food_282,99,AVAILABLE,AVAILABLE,NO,VEG,Royal Biryani & Caterers,Royal Biryani & Caterers,/images/food/bc_food_282.webp?v=20260810_razor_sharp_hd_v11,SOURCE_CATALOG,REVIEW_REQUIRED,,Bhusawal Connect Food & Restaurant Catalog,"khichdi,vegetarian,dal,veg,dal khichdi,rice",VERIFIED,VERIFIED,VERIFIED,UNIQUE,NO,NO,NO,2026-09-11,Preserved from existing verified Bhusawal Connect Food catalog (225 items).
BC-FOOD-000183,Royal Biryani & Caterers,Dal Khichdi Tadka,Dal Khichdi Tadka,Rice,Rice,Food,1 Serving / Portion,1,portion,"Comforting one-pot dish of rice and yellow lentils tempered with ghee, cumin and garlic. (Special Dal Khichdi Tadka preparation #2)",,Standard Serving,160,,160,,Royal Biryani & Caterers,,,bc_food_283,99,AVAILABLE,AVAILABLE,NO,VEG,Royal Biryani & Caterers,Royal Biryani & Caterers,/images/food/bc_food_283.webp?v=20260810_razor_sharp_hd_v11,SOURCE_CATALOG,REVIEW_REQUIRED,,Bhusawal Connect Food & Restaurant Catalog,"khichdi,dal khichdi tadka,vegetarian,dal,veg,tadka,rice",VERIFIED,VERIFIED,VERIFIED,UNIQUE,NO,NO,NO,2026-09-11,Preserved from existing verified Bhusawal Connect Food catalog (225 items).
BC-FOOD-000184,Royal Biryani & Caterers,Curd Rice,Curd Rice,Rice,Rice,Food,1 Serving / Portion,1,portion,Traditional vegetarian Curd Rice prepared in classic style with authentic spices and fresh ingredients for a hearty meal.,,Standard Serving,130,,130,,Royal Biryani & Caterers,,,bc_food_284,99,AVAILABLE,AVAILABLE,NO,VEG,Royal Biryani & Caterers,Royal Biryani & Caterers,/images/food/bc_food_284.webp?v=20260810_razor_sharp_hd_v11,SOURCE_CATALOG,REVIEW_REQUIRED,,Bhusawal Connect Food & Restaurant Catalog,"curd rice,vegetarian,veg,curd,rice",VERIFIED,VERIFIED,VERIFIED,UNIQUE,NO,NO,NO,2026-09-11,Preserved from existing verified Bhusawal Connect Food catalog (225 items).
BC-FOOD-000185,Royal Biryani & Caterers,Kashmiri Pulao,Kashmiri Pulao,Rice,Rice,Food,1 Serving / Portion,1,portion,"Basmati rice cooked with whole spices, green peas and garden vegetables.",,Standard Serving,190,,190,,Royal Biryani & Caterers,,,bc_food_285,99,AVAILABLE,AVAILABLE,NO,VEG,Royal Biryani & Caterers,Royal Biryani & Caterers,/images/food/bc_food_285.webp?v=20260810_razor_sharp_hd_v11,SOURCE_CATALOG,REVIEW_REQUIRED,,Bhusawal Connect Food & Restaurant Catalog,"kashmiri,pulao,kashmiri pulao,vegetarian,veg,rice",VERIFIED,VERIFIED,VERIFIED,UNIQUE,NO,NO,NO,2026-09-11,Preserved from existing verified Bhusawal Connect Food catalog (225 items).
BC-FOOD-000186,Royal Biryani & Caterers,Masale Bhaat,Masale Bhaat,Rice,Rice,Food,1 Serving / Portion,1,portion,Traditional vegetarian Masale Bhaat prepared in classic style with authentic spices and fresh ingredients for a hearty meal.,,Standard Serving,150,,150,,Royal Biryani & Caterers,,,bc_food_286,99,AVAILABLE,AVAILABLE,NO,VEG,Royal Biryani & Caterers,Royal Biryani & Caterers,/images/food/bc_food_286.webp?v=20260810_razor_sharp_hd_v11,SOURCE_CATALOG,REVIEW_REQUIRED,,Bhusawal Connect Food & Restaurant Catalog,"masale,vegetarian,masale bhaat,bhaat,veg,rice",VERIFIED,VERIFIED,VERIFIED,UNIQUE,NO,NO,NO,2026-09-11,Preserved from existing verified Bhusawal Connect Food catalog (225 items).
BC-FOOD-000187,Royal Biryani & Caterers,Wheat Chapati / Phulka,Wheat Chapati / Phulka,Roti & Naan,Roti & Naan,Food,1 Serving / Portion,1,portion,Thin homestyle whole wheat flatbread puffed over direct flame.,,Standard Serving,12,,12,,Royal Biryani & Caterers,,,bc_food_287,99,AVAILABLE,AVAILABLE,NO,VEG,Royal Biryani & Caterers,Royal Biryani & Caterers,/images/food/bc_food_287.webp?v=20260810_razor_sharp_hd_v11,SOURCE_CATALOG,REVIEW_REQUIRED,,Bhusawal Connect Food & Restaurant Catalog,"phulka,vegetarian,chapati,wheat chapati / phulka,veg,wheat,roti & naan",VERIFIED,VERIFIED,VERIFIED,UNIQUE,NO,NO,NO,2026-09-11,Preserved from existing verified Bhusawal Connect Food catalog (225 items).
BC-FOOD-000188,Royal Biryani & Caterers,Butter Chapati,Butter Chapati,Roti & Naan,Roti & Naan,Food,1 Serving / Portion,1,portion,Thin homestyle whole wheat flatbread puffed over direct flame. (Special Butter Chapati preparation #2),,Standard Serving,15,,15,,Royal Biryani & Caterers,,,bc_food_288,99,AVAILABLE,AVAILABLE,NO,VEG,Royal Biryani & Caterers,Royal Biryani & Caterers,/images/food/bc_food_288.webp?v=20260810_razor_sharp_hd_v11,SOURCE_CATALOG,REVIEW_REQUIRED,,Bhusawal Connect Food & Restaurant Catalog,"vegetarian,chapati,butter,veg,butter chapati,roti & naan",VERIFIED,VERIFIED,VERIFIED,UNIQUE,NO,NO,NO,2026-09-11,Preserved from existing verified Bhusawal Connect Food catalog (225 items).
BC-FOOD-000189,Royal Biryani & Caterers,Tandoori Roti,Tandoori Roti,Roti & Naan,Roti & Naan,Food,1 Serving / Portion,1,portion,Whole wheat flatbread baked on the inner walls of a clay tandoor.,,Standard Serving,15,,15,,Royal Biryani & Caterers,,,bc_food_289,99,AVAILABLE,AVAILABLE,NO,VEG,Royal Biryani & Caterers,Royal Biryani & Caterers,/images/food/bc_food_289.webp?v=20260810_razor_sharp_hd_v11,SOURCE_CATALOG,REVIEW_REQUIRED,,Bhusawal Connect Food & Restaurant Catalog,"tandoori,vegetarian,roti,veg,roti & naan,tandoori roti",VERIFIED,VERIFIED,VERIFIED,UNIQUE,NO,NO,NO,2026-09-11,Preserved from existing verified Bhusawal Connect Food catalog (225 items).
BC-FOOD-000190,Royal Biryani & Caterers,Butter Tandoori Roti,Butter Tandoori Roti,Roti & Naan,Roti & Naan,Food,1 Serving / Portion,1,portion,Whole wheat flatbread baked on the inner walls of a clay tandoor. (Special Butter Tandoori Roti preparation #2),,Standard Serving,20,,20,,Royal Biryani & Caterers,,,bc_food_290,99,AVAILABLE,AVAILABLE,NO,VEG,Royal Biryani & Caterers,Royal Biryani & Caterers,/images/food/bc_food_290.webp?v=20260810_razor_sharp_hd_v11,SOURCE_CATALOG,REVIEW_REQUIRED,,Bhusawal Connect Food & Restaurant Catalog,"butter tandoori roti,tandoori,vegetarian,butter,roti,veg,roti & naan",VERIFIED,VERIFIED,VERIFIED,UNIQUE,NO,NO,NO,2026-09-11,Preserved from existing verified Bhusawal Connect Food catalog (225 items).
BC-FOOD-000191,Royal Biryani & Caterers,Plain Naan,Plain Naan,Roti & Naan,Roti & Naan,Food,1 Serving / Portion,1,portion,Traditional vegetarian Plain Naan prepared in classic style with authentic spices and fresh ingredients for a hearty meal.,,Standard Serving,30,,30,,Royal Biryani & Caterers,,,bc_food_291,99,AVAILABLE,AVAILABLE,NO,VEG,Royal Biryani & Caterers,Royal Biryani & Caterers,/images/food/bc_food_291.webp?v=20260810_razor_sharp_hd_v11,SOURCE_CATALOG,REVIEW_REQUIRED,,Bhusawal Connect Food & Restaurant Catalog,"vegetarian,naan,plain naan,veg,roti & naan,plain",VERIFIED,VERIFIED,VERIFIED,UNIQUE,NO,NO,NO,2026-09-11,Preserved from existing verified Bhusawal Connect Food catalog (225 items).
BC-FOOD-000192,Royal Biryani & Caterers,Butter Naan,Butter Naan,Roti & Naan,Roti & Naan,Food,1 Serving / Portion,1,portion,Soft oven-baked leavened flatbread brushed with generous melted butter.,,Standard Serving,40,,40,,Royal Biryani & Caterers,,,bc_food_292,99,AVAILABLE,AVAILABLE,NO,VEG,Royal Biryani & Caterers,Royal Biryani & Caterers,/images/food/bc_food_292.webp?v=20260810_razor_sharp_hd_v11,SOURCE_CATALOG,REVIEW_REQUIRED,,Bhusawal Connect Food & Restaurant Catalog,"vegetarian,naan,butter,veg,roti & naan,butter naan",VERIFIED,VERIFIED,VERIFIED,UNIQUE,NO,NO,NO,2026-09-11,Preserved from existing verified Bhusawal Connect Food catalog (225 items).
BC-FOOD-000193,Royal Biryani & Caterers,Garlic Butter Naan,Garlic Butter Naan,Roti & Naan,Roti & Naan,Food,1 Serving / Portion,1,portion,Soft oven-baked leavened flatbread brushed with generous melted butter. (Special Garlic Butter Naan preparation #2),,Standard Serving,50,,50,,Royal Biryani & Caterers,,,bc_food_293,99,AVAILABLE,AVAILABLE,NO,VEG,Royal Biryani & Caterers,Royal Biryani & Caterers,/images/food/bc_food_293.webp?v=20260810_razor_sharp_hd_v11,SOURCE_CATALOG,REVIEW_REQUIRED,,Bhusawal Connect Food & Restaurant Catalog,"garlic,vegetarian,naan,butter,veg,garlic butter naan,roti & naan",VERIFIED,VERIFIED,VERIFIED,UNIQUE,NO,NO,NO,2026-09-11,Preserved from existing verified Bhusawal Connect Food catalog (225 items).
BC-FOOD-000194,Royal Biryani & Caterers,Cheese Garlic Naan,Cheese Garlic Naan,Roti & Naan,Roti & Naan,Food,1 Serving / Portion,1,portion,"Tandoori naan topped with minced garlic, fresh coriander and butter.",,Standard Serving,70,,70,,Royal Biryani & Caterers,,,bc_food_294,99,AVAILABLE,AVAILABLE,NO,VEG,Royal Biryani & Caterers,Royal Biryani & Caterers,/images/food/bc_food_294.webp?v=20260810_razor_sharp_hd_v11,SOURCE_CATALOG,REVIEW_REQUIRED,,Bhusawal Connect Food & Restaurant Catalog,"garlic,cheese garlic naan,vegetarian,naan,veg,cheese,roti & naan",VERIFIED,VERIFIED,VERIFIED,UNIQUE,NO,NO,NO,2026-09-11,Preserved from existing verified Bhusawal Connect Food catalog (225 items).
BC-FOOD-000195,Royal Biryani & Caterers,Laccha Paratha,Laccha Paratha,Roti & Naan,Roti & Naan,Food,1 Serving / Portion,1,portion,Traditional vegetarian Laccha Paratha prepared in classic style with authentic spices and fresh ingredients for a hearty meal.,,Standard Serving,45,,45,,Royal Biryani & Caterers,,,bc_food_295,99,AVAILABLE,AVAILABLE,NO,VEG,Royal Biryani & Caterers,Royal Biryani & Caterers,/images/food/bc_food_295.webp?v=20260810_razor_sharp_hd_v11,SOURCE_CATALOG,REVIEW_REQUIRED,,Bhusawal Connect Food & Restaurant Catalog,"laccha paratha,vegetarian,veg,roti & naan,laccha,paratha",VERIFIED,VERIFIED,VERIFIED,UNIQUE,NO,NO,NO,2026-09-11,Preserved from existing verified Bhusawal Connect Food catalog (225 items).
BC-FOOD-000196,Royal Biryani & Caterers,Aloo Stuffed Paratha,Aloo Stuffed Paratha,Roti & Naan,Roti & Naan,Food,1 Serving / Portion,1,portion,Traditional vegetarian Aloo Stuffed Paratha prepared in classic style with authentic spices and fresh ingredients for a hearty meal.,,Standard Serving,60,,60,,Royal Biryani & Caterers,,,bc_food_296,99,AVAILABLE,AVAILABLE,NO,VEG,Royal Biryani & Caterers,Royal Biryani & Caterers,/images/food/bc_food_296.webp?v=20260810_razor_sharp_hd_v11,SOURCE_CATALOG,REVIEW_REQUIRED,,Bhusawal Connect Food & Restaurant Catalog,"stuffed,vegetarian,veg,aloo,aloo stuffed paratha,roti & naan,paratha",VERIFIED,VERIFIED,VERIFIED,UNIQUE,NO,NO,NO,2026-09-11,Preserved from existing verified Bhusawal Connect Food catalog (225 items).
BC-FOOD-000197,Royal Biryani & Caterers,Paneer Stuffed Paratha,Paneer Stuffed Paratha,Roti & Naan,Roti & Naan,Food,1 Serving / Portion,1,portion,Traditional vegetarian Paneer Stuffed Paratha prepared in classic style with authentic spices and fresh ingredients for a hearty meal.,,Standard Serving,80,,80,,Royal Biryani & Caterers,,,bc_food_297,99,AVAILABLE,AVAILABLE,NO,VEG,Royal Biryani & Caterers,Royal Biryani & Caterers,/images/food/bc_food_297.webp?v=20260810_razor_sharp_hd_v11,SOURCE_CATALOG,REVIEW_REQUIRED,,Bhusawal Connect Food & Restaurant Catalog,"stuffed,vegetarian,paneer stuffed paratha,veg,roti & naan,paratha,paneer",VERIFIED,VERIFIED,VERIFIED,UNIQUE,NO,NO,NO,2026-09-11,Preserved from existing verified Bhusawal Connect Food catalog (225 items).
BC-FOOD-000198,Royal Biryani & Caterers,Rumali Roti,Rumali Roti,Roti & Naan,Roti & Naan,Food,1 Serving / Portion,1,portion,Traditional vegetarian Rumali Roti prepared in classic style with authentic spices and fresh ingredients for a hearty meal.,,Standard Serving,25,,25,,Royal Biryani & Caterers,,,bc_food_298,99,AVAILABLE,AVAILABLE,NO,VEG,Royal Biryani & Caterers,Royal Biryani & Caterers,/images/food/bc_food_298.webp?v=20260810_razor_sharp_hd_v11,SOURCE_CATALOG,REVIEW_REQUIRED,,Bhusawal Connect Food & Restaurant Catalog,"rumali roti,vegetarian,veg,roti,rumali,roti & naan",VERIFIED,VERIFIED,VERIFIED,UNIQUE,NO,NO,NO,2026-09-11,Preserved from existing verified Bhusawal Connect Food catalog (225 items).
BC-FOOD-000199,Royal Biryani & Caterers,Bhusawal Special Rabdi Gulab Jamun,Bhusawal Special Rabdi Gulab Jamun,Desserts,Desserts,Food,1 Serving / Portion,1,portion,Soft fried milk-solid dumplings soaked in warm cardamom-flavored sugar syrup.,,Standard Serving,50,,50,,Royal Biryani & Caterers,,,bc_food_299,99,AVAILABLE,AVAILABLE,NO,VEG,Royal Biryani & Caterers,Royal Biryani & Caterers,/images/food/bc_food_299.webp?v=20260810_razor_sharp_hd_v11,SOURCE_CATALOG,REVIEW_REQUIRED,,Bhusawal Connect Food & Restaurant Catalog,"bhusawal special rabdi gulab jamun,special,rabdi,jamun,vegetarian,desserts,veg,gulab,bhusawal",VERIFIED,VERIFIED,VERIFIED,UNIQUE,NO,NO,NO,2026-09-11,Preserved from existing verified Bhusawal Connect Food catalog (225 items).
BC-FOOD-000200,Royal Biryani & Caterers,Gulab Jamun (2 pcs),Gulab Jamun 2 pcs,Desserts,Desserts,Food,1 Serving / Portion,1,portion,Soft fried milk-solid dumplings soaked in warm cardamom-flavored sugar syrup. (Special Gulab Jamun 2 pcs preparation #2),,Standard Serving,40,,40,,Royal Biryani & Caterers,,,bc_food_300,99,AVAILABLE,AVAILABLE,NO,VEG,Royal Biryani & Caterers,Royal Biryani & Caterers,/images/food/bc_food_300.webp?v=20260810_razor_sharp_hd_v11,SOURCE_CATALOG,REVIEW_REQUIRED,,Bhusawal Connect Food & Restaurant Catalog,"vegetarian,jamun,desserts,veg,gulab jamun (2 pcs),pcs),gulab",VERIFIED,VERIFIED,VERIFIED,UNIQUE,NO,NO,NO,2026-09-11,Preserved from existing verified Bhusawal Connect Food catalog (225 items).
BC-FOOD-000201,Royal Biryani & Caterers,Rasgulla (2 pcs),Rasgulla 2 pcs,Desserts,Desserts,Food,1 Serving / Portion,1,portion,"Spongy cottage cheese balls soaked in clear, sweet sugar syrup.",,Standard Serving,40,,40,,Royal Biryani & Caterers,,,bc_food_301,99,AVAILABLE,AVAILABLE,NO,VEG,Royal Biryani & Caterers,Royal Biryani & Caterers,/images/food/bc_food_301.webp?v=20260810_razor_sharp_hd_v11,SOURCE_CATALOG,REVIEW_REQUIRED,,Bhusawal Connect Food & Restaurant Catalog,"rasgulla (2 pcs),rasgulla,vegetarian,desserts,veg,pcs)",VERIFIED,VERIFIED,VERIFIED,UNIQUE,NO,NO,NO,2026-09-11,Preserved from existing verified Bhusawal Connect Food catalog (225 items).
BC-FOOD-000202,Royal Biryani & Caterers,Rasmalai (2 pcs),Rasmalai 2 pcs,Desserts,Desserts,Food,1 Serving / Portion,1,portion,Traditional vegetarian Rasmalai 2 pcs prepared in classic style with authentic spices and fresh ingredients for a hearty meal.,,Standard Serving,70,,70,,Royal Biryani & Caterers,,,bc_food_302,99,AVAILABLE,AVAILABLE,NO,VEG,Royal Biryani & Caterers,Royal Biryani & Caterers,/images/food/bc_food_302.webp?v=20260810_razor_sharp_hd_v11,SOURCE_CATALOG,REVIEW_REQUIRED,,Bhusawal Connect Food & Restaurant Catalog,"vegetarian,desserts,veg,pcs),rasmalai (2 pcs),rasmalai",VERIFIED,VERIFIED,VERIFIED,UNIQUE,NO,NO,NO,2026-09-11,Preserved from existing verified Bhusawal Connect Food catalog (225 items).
BC-FOOD-000203,Royal Biryani & Caterers,Hot Chocolate Brownie,Hot Chocolate Brownie,Desserts,Desserts,Food,1 Serving / Portion,1,portion,Rich and fudgy chocolate brownie with a crinkly top.,,Standard Serving,100,,100,,Royal Biryani & Caterers,,,bc_food_303,99,AVAILABLE,AVAILABLE,NO,VEG,Royal Biryani & Caterers,Royal Biryani & Caterers,/images/food/bc_food_303.webp?v=20260810_razor_sharp_hd_v11,SOURCE_CATALOG,REVIEW_REQUIRED,,Bhusawal Connect Food & Restaurant Catalog,"brownie,hot chocolate brownie,vegetarian,desserts,hot,veg,chocolate",VERIFIED,VERIFIED,VERIFIED,UNIQUE,NO,NO,NO,2026-09-11,Preserved from existing verified Bhusawal Connect Food catalog (225 items).
BC-FOOD-000204,Royal Biryani & Caterers,Brownie with Vanilla Ice Cream,Brownie with Vanilla Ice Cream,Desserts,Desserts,Food,1 Serving / Portion,1,portion,Rich and fudgy chocolate brownie with a crinkly top. (Special Brownie with Vanilla Ice Cream preparation #2),,Standard Serving,160,,160,,Royal Biryani & Caterers,,,bc_food_304,99,AVAILABLE,AVAILABLE,NO,VEG,Royal Biryani & Caterers,Royal Biryani & Caterers,/images/food/bc_food_304.webp?v=20260810_razor_sharp_hd_v11,SOURCE_CATALOG,REVIEW_REQUIRED,,Bhusawal Connect Food & Restaurant Catalog,"brownie,vanilla,vegetarian,desserts,with,ice,cream,veg,brownie with vanilla ice cream",VERIFIED,VERIFIED,VERIFIED,UNIQUE,NO,NO,NO,2026-09-11,Preserved from existing verified Bhusawal Connect Food catalog (225 items).
BC-FOOD-000205,Royal Biryani & Caterers,Vanilla Scoop,Vanilla Scoop,Desserts,Desserts,Food,1 Serving / Portion,1,portion,Traditional vegetarian Vanilla Scoop prepared in classic style with authentic spices and fresh ingredients for a hearty meal.,,Standard Serving,50,,50,,Royal Biryani & Caterers,,,bc_food_305,99,AVAILABLE,AVAILABLE,NO,VEG,Royal Biryani & Caterers,Royal Biryani & Caterers,/images/food/bc_food_305.webp?v=20260810_razor_sharp_hd_v11,SOURCE_CATALOG,REVIEW_REQUIRED,,Bhusawal Connect Food & Restaurant Catalog,"vanilla,vegetarian,scoop,vanilla scoop,desserts,veg",VERIFIED,VERIFIED,VERIFIED,UNIQUE,NO,NO,NO,2026-09-11,Preserved from existing verified Bhusawal Connect Food catalog (225 items).
BC-FOOD-000206,Royal Biryani & Caterers,Chocolate Scoop,Chocolate Scoop,Desserts,Desserts,Food,1 Serving / Portion,1,portion,Traditional vegetarian Chocolate Scoop prepared in classic style with authentic spices and fresh ingredients for a hearty meal.,,Standard Serving,70,,70,,Royal Biryani & Caterers,,,bc_food_306,99,AVAILABLE,AVAILABLE,NO,VEG,Royal Biryani & Caterers,Royal Biryani & Caterers,/images/food/bc_food_306.webp?v=20260810_razor_sharp_hd_v11,SOURCE_CATALOG,REVIEW_REQUIRED,,Bhusawal Connect Food & Restaurant Catalog,"chocolate scoop,vegetarian,scoop,desserts,veg,chocolate",VERIFIED,VERIFIED,VERIFIED,UNIQUE,NO,NO,NO,2026-09-11,Preserved from existing verified Bhusawal Connect Food catalog (225 items).
BC-FOOD-000207,Royal Biryani & Caterers,Matka Kulfi,Matka Kulfi,Desserts,Desserts,Food,1 Serving / Portion,1,portion,Traditional vegetarian Matka Kulfi prepared in classic style with authentic spices and fresh ingredients for a hearty meal.,,Standard Serving,60,,60,,Royal Biryani & Caterers,,,bc_food_307,99,AVAILABLE,AVAILABLE,NO,VEG,Royal Biryani & Caterers,Royal Biryani & Caterers,/images/food/bc_food_307.webp?v=20260810_razor_sharp_hd_v11,SOURCE_CATALOG,REVIEW_REQUIRED,,Bhusawal Connect Food & Restaurant Catalog,"matka kulfi,vegetarian,kulfi,desserts,veg,matka",VERIFIED,VERIFIED,VERIFIED,UNIQUE,NO,NO,NO,2026-09-11,Preserved from existing verified Bhusawal Connect Food catalog (225 items).
BC-FOOD-000208,Royal Biryani & Caterers,Special Falooda,Special Falooda,Desserts,Desserts,Food,1 Serving / Portion,1,portion,Traditional vegetarian Special Falooda prepared in classic style with authentic spices and fresh ingredients for a hearty meal.,,Standard Serving,90,,90,,Royal Biryani & Caterers,,,bc_food_308,99,AVAILABLE,AVAILABLE,NO,VEG,Royal Biryani & Caterers,Royal Biryani & Caterers,/images/food/bc_food_308.webp?v=20260810_razor_sharp_hd_v11,SOURCE_CATALOG,REVIEW_REQUIRED,,Bhusawal Connect Food & Restaurant Catalog,"special,vegetarian,desserts,special falooda,veg,falooda",VERIFIED,VERIFIED,VERIFIED,UNIQUE,NO,NO,NO,2026-09-11,Preserved from existing verified Bhusawal Connect Food catalog (225 items).
BC-FOOD-000209,Royal Biryani & Caterers,Shrikhand (250g),Shrikhand 250g,Desserts,Desserts,Food,1 Serving / Portion,1,portion,Traditional vegetarian Shrikhand 250g prepared in classic style with authentic spices and fresh ingredients for a hearty meal.,,Standard Serving,110,,110,,Royal Biryani & Caterers,,,bc_food_309,99,AVAILABLE,AVAILABLE,NO,VEG,Royal Biryani & Caterers,Royal Biryani & Caterers,/images/food/bc_food_309.webp?v=20260810_razor_sharp_hd_v11,SOURCE_CATALOG,REVIEW_REQUIRED,,Bhusawal Connect Food & Restaurant Catalog,"(250g),shrikhand (250g),vegetarian,desserts,veg,shrikhand",VERIFIED,VERIFIED,VERIFIED,UNIQUE,NO,NO,NO,2026-09-11,Preserved from existing verified Bhusawal Connect Food catalog (225 items).
BC-FOOD-000210,Royal Biryani & Caterers,Amrakhand (250g),Amrakhand 250g,Desserts,Desserts,Food,1 Serving / Portion,1,portion,Traditional vegetarian Amrakhand 250g prepared in classic style with authentic spices and fresh ingredients for a hearty meal.,,Standard Serving,120,,120,,Royal Biryani & Caterers,,,bc_food_310,99,AVAILABLE,AVAILABLE,NO,VEG,Royal Biryani & Caterers,Royal Biryani & Caterers,/images/food/bc_food_310.webp?v=20260810_razor_sharp_hd_v11,SOURCE_CATALOG,REVIEW_REQUIRED,,Bhusawal Connect Food & Restaurant Catalog,"(250g),vegetarian,desserts,veg,amrakhand (250g),amrakhand",VERIFIED,VERIFIED,VERIFIED,UNIQUE,NO,NO,NO,2026-09-11,Preserved from existing verified Bhusawal Connect Food catalog (225 items).
BC-FOOD-000211,Royal Biryani & Caterers,Bhusawal Special Masala Tea / Chai,Bhusawal Special Masala Tea / Chai,Beverages,Beverages,Food,1 Serving / Portion,1,portion,"Freshly brewed Indian tea infused with cardamom, ginger and aromatic spices. (Special Bhusawal Special Masala Tea / Chai preparation #2)",,Standard Serving,15,,15,,Royal Biryani & Caterers,,,bc_food_311,99,AVAILABLE,AVAILABLE,NO,VEG,Royal Biryani & Caterers,Royal Biryani & Caterers,/images/food/bc_food_311.webp?v=20260810_razor_sharp_hd_v11,SOURCE_CATALOG,REVIEW_REQUIRED,,Bhusawal Connect Food & Restaurant Catalog,"masala,beverages,special,tea,vegetarian,veg,bhusawal,bhusawal special masala tea / chai,chai",VERIFIED,VERIFIED,VERIFIED,UNIQUE,NO,NO,NO,2026-09-11,Preserved from existing verified Bhusawal Connect Food catalog (225 items).
BC-FOOD-000212,Royal Biryani & Caterers,Filter Coffee,Filter Coffee,Beverages,Beverages,Food,1 Serving / Portion,1,portion,Traditional vegetarian Filter Coffee prepared in classic style with authentic spices and fresh ingredients for a hearty meal.,,Standard Serving,25,,25,,Royal Biryani & Caterers,,,bc_food_312,99,AVAILABLE,AVAILABLE,NO,VEG,Royal Biryani & Caterers,Royal Biryani & Caterers,/images/food/bc_food_312.webp?v=20260810_razor_sharp_hd_v11,SOURCE_CATALOG,REVIEW_REQUIRED,,Bhusawal Connect Food & Restaurant Catalog,"beverages,coffee,vegetarian,filter coffee,filter,veg",VERIFIED,VERIFIED,VERIFIED,UNIQUE,NO,NO,NO,2026-09-11,Preserved from existing verified Bhusawal Connect Food catalog (225 items).
BC-FOOD-000213,Royal Biryani & Caterers,Cold Coffee,Cold Coffee,Beverages,Beverages,Food,1 Serving / Portion,1,portion,"Chilled blended coffee made with milk, espresso shot, sugar and topped with cocoa.",,Standard Serving,80,,80,,Royal Biryani & Caterers,,,bc_food_313,99,AVAILABLE,AVAILABLE,NO,VEG,Royal Biryani & Caterers,Royal Biryani & Caterers,/images/food/bc_food_313.webp?v=20260810_razor_sharp_hd_v11,SOURCE_CATALOG,REVIEW_REQUIRED,,Bhusawal Connect Food & Restaurant Catalog,"beverages,coffee,cold,vegetarian,veg,cold coffee",VERIFIED,VERIFIED,VERIFIED,UNIQUE,NO,NO,NO,2026-09-11,Preserved from existing verified Bhusawal Connect Food catalog (225 items).
BC-FOOD-000214,Royal Biryani & Caterers,Cold Coffee with Ice Cream,Cold Coffee with Ice Cream,Beverages,Beverages,Food,1 Serving / Portion,1,portion,Chilled and creamy dessert available in popular favorite flavors.,,Standard Serving,110,,110,,Royal Biryani & Caterers,,,bc_food_314,99,AVAILABLE,AVAILABLE,NO,VEG,Royal Biryani & Caterers,Royal Biryani & Caterers,/images/food/bc_food_314.webp?v=20260810_razor_sharp_hd_v11,SOURCE_CATALOG,REVIEW_REQUIRED,,Bhusawal Connect Food & Restaurant Catalog,"beverages,coffee,cold,vegetarian,with,ice,cream,veg,cold coffee with ice cream",VERIFIED,VERIFIED,VERIFIED,UNIQUE,NO,NO,NO,2026-09-11,Preserved from existing verified Bhusawal Connect Food catalog (225 items).
BC-FOOD-000215,Royal Biryani & Caterers,Fresh Lime Soda (Sweet & Salt),Fresh Lime Soda,Beverages,Beverages,Food,1 Serving / Portion,1,portion,Traditional vegetarian Fresh Lime Soda prepared in classic style with authentic spices and fresh ingredients for a hearty meal.,,Standard Serving,50,,50,,Royal Biryani & Caterers,,,bc_food_315,99,AVAILABLE,AVAILABLE,NO,VEG,Royal Biryani & Caterers,Royal Biryani & Caterers,/images/food/bc_food_315.webp?v=20260810_razor_sharp_hd_v11,SOURCE_CATALOG,REVIEW_REQUIRED,,Bhusawal Connect Food & Restaurant Catalog,"lime,fresh,(sweet,beverages,vegetarian,fresh lime soda (sweet & salt),salt),soda,veg",VERIFIED,VERIFIED,VERIFIED,UNIQUE,NO,NO,NO,2026-09-11,Preserved from existing verified Bhusawal Connect Food catalog (225 items).
BC-FOOD-000216,Royal Biryani & Caterers,Masala Taas / Buttermilk,Masala Taas / Buttermilk,Beverages,Beverages,Food,1 Serving / Portion,1,portion,Traditional vegetarian Masala Taas / Buttermilk prepared in classic style with authentic spices and fresh ingredients for a hearty meal.,,Standard Serving,25,,25,,Royal Biryani & Caterers,,,bc_food_316,99,AVAILABLE,AVAILABLE,NO,VEG,Royal Biryani & Caterers,Royal Biryani & Caterers,/images/food/bc_food_316.webp?v=20260810_razor_sharp_hd_v11,SOURCE_CATALOG,REVIEW_REQUIRED,,Bhusawal Connect Food & Restaurant Catalog,"masala,beverages,buttermilk,vegetarian,masala taas / buttermilk,veg,taas",VERIFIED,VERIFIED,VERIFIED,UNIQUE,NO,NO,NO,2026-09-11,Preserved from existing verified Bhusawal Connect Food catalog (225 items).
BC-FOOD-000217,Royal Biryani & Caterers,Sweet Punjabi Lassi,Sweet Punjabi Lassi,Beverages,Beverages,Food,1 Serving / Portion,1,portion,"Thick, creamy yogurt beverage blended with sugar and mango pulp or cardamom.",,Standard Serving,60,,60,,Royal Biryani & Caterers,,,bc_food_317,99,AVAILABLE,AVAILABLE,NO,VEG,Royal Biryani & Caterers,Royal Biryani & Caterers,/images/food/bc_food_317.webp?v=20260810_razor_sharp_hd_v11,SOURCE_CATALOG,REVIEW_REQUIRED,,Bhusawal Connect Food & Restaurant Catalog,"beverages,vegetarian,veg,punjabi,lassi,sweet punjabi lassi,sweet",VERIFIED,VERIFIED,VERIFIED,UNIQUE,NO,NO,NO,2026-09-11,Preserved from existing verified Bhusawal Connect Food catalog (225 items).
BC-FOOD-000218,Royal Biryani & Caterers,Mango Lassi,Mango Lassi,Beverages,Beverages,Food,1 Serving / Portion,1,portion,"Thick, creamy yogurt beverage blended with sugar and mango pulp or cardamom. (Special Mango Lassi preparation #2)",,Standard Serving,80,,80,,Royal Biryani & Caterers,,,bc_food_318,99,AVAILABLE,AVAILABLE,NO,VEG,Royal Biryani & Caterers,Royal Biryani & Caterers,/images/food/bc_food_318.webp?v=20260810_razor_sharp_hd_v11,SOURCE_CATALOG,REVIEW_REQUIRED,,Bhusawal Connect Food & Restaurant Catalog,"mango,beverages,vegetarian,veg,lassi,mango lassi",VERIFIED,VERIFIED,VERIFIED,UNIQUE,NO,NO,NO,2026-09-11,Preserved from existing verified Bhusawal Connect Food catalog (225 items).
BC-FOOD-000219,Royal Biryani & Caterers,Badam Milk,Badam Milk,Beverages,Beverages,Food,1 Serving / Portion,1,portion,Traditional vegetarian Badam Milk prepared in classic style with authentic spices and fresh ingredients for a hearty meal.,,Standard Serving,60,,60,,Royal Biryani & Caterers,,,bc_food_319,99,AVAILABLE,AVAILABLE,NO,VEG,Royal Biryani & Caterers,Royal Biryani & Caterers,/images/food/bc_food_319.webp?v=20260810_razor_sharp_hd_v11,SOURCE_CATALOG,REVIEW_REQUIRED,,Bhusawal Connect Food & Restaurant Catalog,"beverages,vegetarian,milk,veg,badam milk,badam",VERIFIED,VERIFIED,VERIFIED,UNIQUE,NO,NO,NO,2026-09-11,Preserved from existing verified Bhusawal Connect Food catalog (225 items).
BC-FOOD-000220,Royal Biryani & Caterers,Thick Mango Shake,Thick Mango Shake,Beverages,Beverages,Food,1 Serving / Portion,1,portion,Rich and creamy milk shake blended with favorite fruit or chocolate flavors.,,Standard Serving,120,,120,,Royal Biryani & Caterers,,,bc_food_320,99,AVAILABLE,AVAILABLE,NO,VEG,Royal Biryani & Caterers,Royal Biryani & Caterers,/images/food/bc_food_320.webp?v=20260810_razor_sharp_hd_v11,SOURCE_CATALOG,REVIEW_REQUIRED,,Bhusawal Connect Food & Restaurant Catalog,"beverages,vegetarian,shake,thick mango shake,veg,thick,mango",VERIFIED,VERIFIED,VERIFIED,UNIQUE,NO,NO,NO,2026-09-11,Preserved from existing verified Bhusawal Connect Food catalog (225 items).
BC-FOOD-000221,Royal Biryani & Caterers,Banana Milkshake,Banana Milkshake,Beverages,Beverages,Food,1 Serving / Portion,1,portion,Rich and creamy milk shake blended with favorite fruit or chocolate flavors. (Special Banana Milkshake preparation #2),,Standard Serving,100,,100,,Royal Biryani & Caterers,,,bc_food_321,99,AVAILABLE,AVAILABLE,NO,VEG,Royal Biryani & Caterers,Royal Biryani & Caterers,/images/food/bc_food_321.webp?v=20260810_razor_sharp_hd_v11,SOURCE_CATALOG,REVIEW_REQUIRED,,Bhusawal Connect Food & Restaurant Catalog,"milkshake,banana milkshake,beverages,vegetarian,veg,banana",VERIFIED,VERIFIED,VERIFIED,UNIQUE,NO,NO,NO,2026-09-11,Preserved from existing verified Bhusawal Connect Food catalog (225 items).
BC-FOOD-000222,Royal Biryani & Caterers,Chocolate Oreo Shake,Chocolate Oreo Shake,Beverages,Beverages,Food,1 Serving / Portion,1,portion,Rich and creamy milk shake blended with favorite fruit or chocolate flavors. (Special Chocolate Oreo Shake preparation #2),,Standard Serving,150,,150,,Royal Biryani & Caterers,,,bc_food_322,99,AVAILABLE,AVAILABLE,NO,VEG,Royal Biryani & Caterers,Royal Biryani & Caterers,/images/food/bc_food_322.webp?v=20260810_razor_sharp_hd_v11,SOURCE_CATALOG,REVIEW_REQUIRED,,Bhusawal Connect Food & Restaurant Catalog,"chocolate oreo shake,beverages,vegetarian,shake,veg,chocolate,oreo",VERIFIED,VERIFIED,VERIFIED,UNIQUE,NO,NO,NO,2026-09-11,Preserved from existing verified Bhusawal Connect Food catalog (225 items).
BC-FOOD-000223,Royal Biryani & Caterers,KitKat Chocolate Shake,KitKat Chocolate Shake,Beverages,Beverages,Food,1 Serving / Portion,1,portion,Rich and creamy milk shake blended with favorite fruit or chocolate flavors. (Special KitKat Chocolate Shake preparation #2),,Standard Serving,160,,160,,Royal Biryani & Caterers,,,bc_food_323,99,AVAILABLE,AVAILABLE,NO,VEG,Royal Biryani & Caterers,Royal Biryani & Caterers,/images/food/bc_food_323.webp?v=20260810_razor_sharp_hd_v11,SOURCE_CATALOG,REVIEW_REQUIRED,,Bhusawal Connect Food & Restaurant Catalog,"beverages,vegetarian,shake,veg,kitkat,chocolate,kitkat chocolate shake",VERIFIED,VERIFIED,VERIFIED,UNIQUE,NO,NO,NO,2026-09-11,Preserved from existing verified Bhusawal Connect Food catalog (225 items).
BC-FOOD-000224,Royal Biryani & Caterers,Lemon Green Tea,Lemon Green Tea,Beverages,Beverages,Food,1 Serving / Portion,1,portion,"Freshly brewed Indian tea infused with cardamom, ginger and aromatic spices. (Special Lemon Green Tea preparation #2)",,Standard Serving,30,,30,,Royal Biryani & Caterers,,,bc_food_324,99,AVAILABLE,AVAILABLE,NO,VEG,Royal Biryani & Caterers,Royal Biryani & Caterers,/images/food/bc_food_324.webp?v=20260810_razor_sharp_hd_v11,SOURCE_CATALOG,REVIEW_REQUIRED,,Bhusawal Connect Food & Restaurant Catalog,"lemon,beverages,tea,vegetarian,lemon green tea,veg,green",VERIFIED,VERIFIED,VERIFIED,UNIQUE,NO,NO,NO,2026-09-11,Preserved from existing verified Bhusawal Connect Food catalog (225 items).
BC-FOOD-000225,Royal Biryani & Caterers,Packaged Mineral Water (1L),Packaged Mineral Water 1L,Beverages,Beverages,Food,1 Serving / Portion,1,portion,Traditional vegetarian Packaged Mineral Water 1L prepared in classic style with authentic spices and fresh ingredients for a hearty meal.,,Standard Serving,20,,20,,Royal Biryani & Caterers,,,bc_food_325,99,AVAILABLE,AVAILABLE,NO,VEG,Royal Biryani & Caterers,Royal Biryani & Caterers,/images/food/bc_food_325.webp?v=20260810_razor_sharp_hd_v11,SOURCE_CATALOG,REVIEW_REQUIRED,,Bhusawal Connect Food & Restaurant Catalog,"packaged mineral water (1l),mineral,packaged,beverages,vegetarian,(1l),veg,water",VERIFIED,VERIFIED,VERIFIED,UNIQUE,NO,NO,NO,2026-09-11,Preserved from existing verified Bhusawal Connect Food catalog (225 items).